kode,nama,tipe,provinsi,kode_prov,pulau,P0,P1,P2,MISKIN,UHH,HLS,RLS,PENG,IPM,IPM_TUMBUH,INTENSITAS,KETIMPANGAN,PENDUDUK,lon,lat,PC1,PC2,PC3,KLASTER,JARAK_PCA,PENCILAN,LISA_P0,LISA_P0_p,Z_P0,LAG_P0,LISA_P1,LISA_P1_p,Z_P1,LAG_P1,LISA_P2,LISA_P2_p,Z_P2,LAG_P2
11.01,Aceh Selatan,Kabupaten,Aceh,11,Sumatera,9.89,1.55,0.46,25.39,70.81,14.72,9.25,9573.0,72.79,1.35,15.67,0.297,256.72,97.47016926470587,3.0645,0.5863,0.2263,-0.427,K3 · Rentan,2.019,False,Tidak signifikan,0.144,-0.0985,0.5512,Tidak signifikan,0.305,-0.0355,0.3885,Tidak signifikan,0.634,0.1324,0.2001
11.02,Aceh Tenggara,Kabupaten,Aceh,11,Sumatera,9.78,1.04,0.16,22.52,73.01,14.52,10.39,9097.0,74.36,1.05,10.63,0.154,230.27,97.74558275134154,3.33935,-0.5081,0.278,-0.638,K2 · Menengah,1.167,False,Tidak signifikan,0.962,-0.1144,-0.02,Tidak signifikan,0.772,-0.3787,-0.1286,Tidak signifikan,0.692,-0.4771,-0.1588
11.03,Aceh Timur,Kabupaten,Aceh,11,Sumatera,11.24,1.02,0.15,52.23,72.45,13.09,8.8,10284.0,72.2,1.28,9.07,0.147,464.68,97.64203828125,4.69815,0.4973,-0.9023,0.2352,K2 · Menengah,1.14,False,Tidak signifikan,0.349,0.0965,0.3739,Tidak signifikan,0.445,-0.3921,0.2999,Tidak signifikan,0.548,-0.4974,0.2442
11.04,Aceh Tengah,Kabupaten,Aceh,11,Sumatera,12.29,2.37,0.73,27.76,73.29,15.04,10.35,12175.0,78.09,1.06,19.28,0.308,225.87,96.96135506072875,4.565099999999999,-0.4772,1.6371,0.3068,K3 · Rentan,1.77,False,Tidak signifikan,0.113,0.2482,0.5756,Tidak signifikan,0.495,0.5163,0.2539,Tidak signifikan,0.816,0.681,0.086
11.05,Aceh Barat,Kabupaten,Aceh,11,Sumatera,15.5,2.45,0.53,34.55,72.31,14.94,10.27,10937.0,76.3,1.13,15.81,0.216,222.9,96.18132706787094,4.43045,0.1045,1.3818,0.2758,K3 · Rentan,1.719,False,Tidak signifikan,0.337,0.712,0.4426,Tidak signifikan,0.528,0.5702,0.3212,Tidak signifikan,0.582,0.2746,0.2696
11.06,Aceh Besar,Kabupaten,Aceh,11,Sumatera,11.05,1.9,0.53,49.9,73.51,14.92,10.69,11072.0,77.46,1.16,17.19,0.279,451.58,95.4958221720025,5.356,-0.5852,1.0337,0.6465,K2 · Menengah,1.763,False,Tidak signifikan,0.846,0.0691,0.0991,Tidak signifikan,0.983,0.2001,-0.0136,Tidak signifikan,0.834,0.2746,-0.0962
11.07,Pidie,Kabupaten,Aceh,11,Sumatera,16.46,1.99,0.38,77.7,70.19,14.53,9.37,11607.0,74.46,1.17,12.09,0.191,472.05,95.94061283222592,5.1247,0.6457,0.7116,0.658,K3 · Rentan,1.284,False,Tidak signifikan,0.488,0.8507,0.2938,Tidak signifikan,0.546,0.2606,0.2606,Tidak signifikan,0.645,-0.0301,0.1832
11.08,Aceh Utara,Kabupaten,Aceh,11,Sumatera,14.27,2.06,0.47,93.43,73.01,14.76,9.38,9813.0,74.29,1.28,14.44,0.228,654.73,97.16297658840188,4.9984,0.4407,0.4101,1.1581,K3 · Rentan,1.798,False,Tidak signifikan,0.778,0.5343,0.1612,Tidak signifikan,0.933,0.3077,0.0385,Tidak signifikan,0.98,0.1527,-0.0149
11.09,Simeulue,Kabupaten,Aceh,11,Sumatera,15.52,2.23,0.46,15.58,69.92,14.59,10.09,8555.0,71.94,1.4,14.37,0.206,100.39,96.02297666666666,2.629,1.2438,0.8166,-0.8802,K3 · Rentan,2.62,False,Tidak signifikan,0.851,0.7149,0.1478,Tidak signifikan,0.879,0.4221,0.1058,Tidak signifikan,0.89,0.1324,0.0816
11.10,Aceh Singkil,Kabupaten,Aceh,11,Sumatera,17.07,3.24,0.91,22.51,70.15,14.37,9.05,10227.0,72.62,1.2,18.98,0.281,131.87,97.92493415657599,2.37505,1.6871,1.52,-0.1857,K3 · Rentan,1.909,False,Tidak signifikan,0.957,0.9389,-0.0393,Tidak signifikan,0.86,1.1018,0.089,Tidak signifikan,0.797,1.0467,0.1223
11.11,Bireuen,Kabupaten,Aceh,11,Sumatera,10.3,1.17,0.19,51.6,74.13,14.98,9.92,10418.0,76.29,1.19,11.36,0.162,500.97,96.59232990196078,5.0842,-0.7745,0.1459,0.5292,K2 · Menengah,1.473,False,Tidak signifikan,0.139,-0.0393,0.6496,Tidak signifikan,0.204,-0.2912,0.5271,Tidak signifikan,0.244,-0.4161,0.425
11.12,Aceh Barat Daya,Kabupaten,Aceh,11,Sumatera,13.3,1.97,0.41,21.47,70.95,13.7,9.11,9922.0,72.1,1.32,14.81,0.208,161.43,96.85134598795688,3.8335999999999997,1.0621,0.127,-0.4941,K3 · Rentan,1.607,False,Tidak signifikan,0.234,0.3942,0.5531,Tidak signifikan,0.615,0.2472,0.2556,Tidak signifikan,0.81,0.0308,0.1375
11.13,Gayo Lues,Kabupaten,Aceh,11,Sumatera,16.77,1.81,0.3,16.59,70.12,14.73,8.75,10237.0,72.61,1.2,10.79,0.166,98.93,97.33224797367063,3.97745,0.9309,0.5826,-0.8057,K3 · Rentan,1.622,False,Tidak signifikan,0.74,0.8955,0.1193,Tidak signifikan,0.976,0.1395,0.0116,Tidak signifikan,0.959,-0.1927,-0.0174
11.14,Aceh Jaya,Kabupaten,Aceh,11,Sumatera,10.37,1.62,0.37,10.5,71.15,14.07,9.34,11324.0,74.2,1.09,15.62,0.228,101.25,95.69936281914894,4.81255,0.1338,0.5198,-1.1692,K3 · Rentan,1.466,False,Tidak signifikan,0.33,-0.0292,0.544,Tidak signifikan,0.554,0.0116,0.3436,Tidak signifikan,0.754,-0.0504,0.1731
11.15,Nagan Raya,Kabupaten,Aceh,11,Sumatera,15.42,2.34,0.63,27.24,72.95,14.19,9.57,9759.0,73.87,1.05,15.18,0.269,176.65,96.5264890472618,4.1817,0.6033,1.0025,0.0028,K3 · Rentan,1.071,False,Tidak signifikan,0.244,0.7005,0.5625,Tidak signifikan,0.455,0.4962,0.3683,Tidak signifikan,0.67,0.4778,0.1984
11.16,Aceh Tamiang,Kabupaten,Aceh,11,Sumatera,10.84,1.53,0.33,33.96,74.12,14.52,9.42,9959.0,74.78,1.05,14.11,0.216,313.28,97.9122153846154,4.20585,-0.3195,0.2961,0.1205,K2 · Menengah,0.736,False,Tidak signifikan,0.866,0.0387,0.0987,Tidak signifikan,0.744,-0.0489,-0.1684,Tidak signifikan,0.575,-0.1317,-0.2688
11.17,Bener Meriah,Kabupaten,Aceh,11,Sumatera,16.2,3.08,0.88,25.59,73.27,13.93,10.41,12657.0,77.48,1.18,19.01,0.286,157.96,96.97730753588516,4.77365,0.3122,1.6907,0.4974,K3 · Rentan,1.886,False,Tidak signifikan,0.684,0.8132,0.21,Tidak signifikan,0.959,0.9941,0.0352,Tidak signifikan,0.965,0.9857,-0.02
11.18,Pidie Jaya,Kabupaten,Aceh,11,Sumatera,16.12,2.43,0.56,27.62,73.62,15.02,9.8,11543.0,77.04,0.85,15.07,0.23,171.34,96.21451940028902,5.100199999999999,-0.3001,1.6557,0.1943,K3 · Rentan,1.357,False,Tidak signifikan,0.529,0.8016,0.4057,Tidak signifikan,0.983,0.5567,-0.0153,Tidak signifikan,0.752,0.3356,-0.2231
11.71,Kota Banda Aceh,Kota,Aceh,11,Sumatera,5.45,0.71,0.14,15.87,75.74,17.95,13.37,18356.0,89.55,0.79,13.03,0.197,291.19,95.33149365131578,5.56385,-5.0054,2.817,0.1228,K1 · Maju & ringan,3.509,False,Tidak signifikan,0.781,-0.74,0.1919,Tidak signifikan,0.729,-0.6008,0.2371,Tidak signifikan,0.696,-0.5177,0.2442
11.72,Kota Sabang,Kota,Aceh,11,Sumatera,12.75,2.01,0.5,4.55,73.88,14.98,11.23,13040.0,80.04,0.68,15.76,0.249,35.69,95.31625988095237,5.8402,-1.4951,2.2821,-1.3642,K1 · Maju & ringan,2.303,False,Tidak signifikan,0.622,0.3147,-0.3355,Tidak signifikan,0.772,0.2741,-0.2004,Tidak signifikan,0.853,0.2137,-0.1215
11.73,Kota Lhokseumawe,Kota,Aceh,11,Sumatera,9.01,1.37,0.33,19.9,75.29,15.56,11.64,13071.0,81.75,1.06,15.21,0.241,220.87,97.11445207407408,5.162850000000001,-2.1837,1.4019,0.0834,K1 · Maju & ringan,2.143,False,Tidak signifikan,0.51,-0.2257,0.5343,Tidak signifikan,0.713,-0.1566,0.3077,Tidak signifikan,0.848,-0.1317,0.1527
11.74,Kota Langsa,Kota,Aceh,11,Sumatera,8.59,1.44,0.38,16.28,74.41,15.72,11.6,13510.0,81.77,1.0,16.76,0.264,189.52,97.97691923076923,4.4811,-2.1623,1.6601,-0.1891,K1 · Maju & ringan,2.175,False,Tidak signifikan,0.924,-0.2864,0.0676,Tidak signifikan,0.75,-0.1095,-0.2205,Tidak signifikan,0.585,-0.0301,-0.3146
11.75,Kota Subulussalam,Kota,Aceh,11,Sumatera,13.88,2.79,0.72,11.95,70.01,15.32,8.75,8910.0,71.63,1.4,20.1,0.258,86.1,97.92688980190957,2.75665,1.5062,1.0806,-0.8549,K3 · Rentan,2.756,False,Tidak signifikan,0.878,0.478,-0.0792,Tidak signifikan,0.798,0.799,-0.123,Tidak signifikan,0.873,0.6607,-0.0829
12.01,Tapanuli Tengah,Kabupaten,Sumatera Utara,12,Sumatera,11.03,1.89,0.49,46.79,72.2,13.51,8.93,11687.0,73.97,0.86,17.14,0.259,424.21,98.69812868162694,1.8571,0.2106,0.4548,0.2029,K2 · Menengah,0.663,False,Tidak signifikan,0.638,0.0662,-0.1987,Tidak signifikan,0.608,0.1933,-0.2082,Tidak signifikan,0.598,0.1934,-0.2096
12.02,Tapanuli Utara,Kabupaten,Sumatera Utara,12,Sumatera,7.47,0.9,0.17,23.29,74.7,13.75,10.5,12643.0,78.09,0.79,12.05,0.189,311.78,99.06719194610778,2.0233499999999998,-1.6241,0.3985,-0.2968,K1 · Maju & ringan,0.859,False,Tidak signifikan,0.451,-0.4482,-0.2895,Tidak signifikan,0.406,-0.4729,-0.3248,Tidak signifikan,0.398,-0.4568,-0.3213
12.03,Tapanuli Selatan,Kabupaten,Sumatera Utara,12,Sumatera,6.16,0.61,0.1,17.77,71.97,13.9,9.6,12557.0,75.78,0.8,9.9,0.164,288.47,99.22192980929381,1.5507499999999999,-1.0863,0.1246,-0.9919,K2 · Menengah,1.06,False,Tidak signifikan,0.325,-0.6375,-0.3757,Tidak signifikan,0.277,-0.6681,-0.3816,Tidak signifikan,0.276,-0.599,-0.3581
12.04,Nias,Kabupaten,Sumatera Utara,12,Sumatera,14.51,1.95,0.42,21.23,72.04,13.32,6.41,8115.0,66.79,1.0,13.44,0.215,146.31,97.7279233296006,1.0933,1.9508,-0.5679,-0.6563,K3 · Rentan,1.189,False,Tinggi–Tinggi,0.022,0.569,1.1191,Tidak signifikan,0.119,0.2337,0.6829,Tidak signifikan,0.305,0.0511,0.4321
12.05,Langkat,Kabupaten,Sumatera Utara,12,Sumatera,8.42,1.14,0.22,90.28,74.72,13.29,8.95,12452.0,75.58,0.98,13.54,0.193,1072.21,98.17349999999999,3.7579000000000002,-0.6944,-0.494,1.0522,K2 · Menengah,1.126,False,Tidak signifikan,0.498,-0.3109,-0.2784,Tidak signifikan,0.342,-0.3114,-0.3798,Tidak signifikan,0.261,-0.3552,-0.3958
12.06,Karo,Kabupaten,Sumatera Utara,12,Sumatera,6.66,0.62,0.11,30.67,74.71,13.27,10.3,13583.0,78.1,0.79,9.31,0.177,460.51,98.33268567961164,3.0801499999999997,-1.7257,0.0248,-0.0701,K1 · Maju & ringan,0.933,False,Tidak signifikan,0.231,-0.5652,-0.5103,Tidak signifikan,0.203,-0.6613,-0.4998,Tidak signifikan,0.203,-0.5787,-0.469
12.07,Deli Serdang,Kabupaten,Sumatera Utara,12,Sumatera,3.11,0.55,0.16,77.7,74.02,13.46,10.5,13697.0,78.29,0.94,17.68,0.291,2498.39,98.71575174418604,3.4718,-1.7765,-0.2347,0.6866,K1 · Maju & ringan,0.996,False,Tidak signifikan,0.161,-1.0781,-0.5611,Tidak signifikan,0.214,-0.7084,-0.4751,Tidak signifikan,0.251,-0.4771,-0.4195
12.08,Simalungun,Kabupaten,Sumatera Utara,12,Sumatera,6.91,1.01,0.19,61.12,74.59,13.16,9.74,12585.0,76.48,0.79,14.62,0.188,884.52,99.001109766808,2.95085,-1.1634,-0.137,0.5054,K2 · Menengah,1.08,False,Tidak signifikan,0.129,-0.5291,-0.4928,Tidak signifikan,0.063,-0.3989,-0.5753,Tidak signifikan,0.064,-0.4161,-0.511
12.09,Asahan,Kabupaten,Sumatera Utara,12,Sumatera,7.18,1.1,0.29,54.57,73.93,12.84,9.06,12760.0,75.13,1.29,15.32,0.264,760.03,99.62386257861635,2.85315,-0.3212,-0.8306,0.6835,K2 · Menengah,1.23,False,Tidak signifikan,0.538,-0.4901,-0.2759,Tidak signifikan,0.582,-0.3383,-0.2549,Tidak signifikan,0.532,-0.213,-0.2617
12.10,Labuhan Batu,Kabupaten,Sumatera Utara,12,Sumatera,7.37,0.66,0.11,40.49,73.45,13.3,9.53,12537.0,75.79,0.78,8.96,0.167,549.39,100.18935183210282,2.26325,-1.0571,-0.1916,-0.0809,K2 · Menengah,0.921,False,Tidak signifikan,0.385,-0.4626,-0.4287,Tidak signifikan,0.552,-0.6344,-0.2962,Tidak signifikan,0.739,-0.5787,-0.1673
12.11,Dairi,Kabupaten,Sumatera Utara,12,Sumatera,6.98,0.56,0.09,20.05,74.71,13.54,10.09,11794.0,76.68,1.05,8.02,0.161,287.25,98.31253238095238,2.8280000000000003,-1.263,-0.3197,-0.4143,K2 · Menengah,0.892,False,Tidak signifikan,0.603,-0.519,-0.217,Tidak signifikan,0.477,-0.7017,-0.2923,Tidak signifikan,0.388,-0.6193,-0.3213
12.12,Toba Samosir,Kabupaten,Sumatera Utara,12,Sumatera,7.21,0.88,0.18,13.46,74.98,13.82,10.78,13333.0,79.17,0.93,12.21,0.205,186.69,99.2557595505618,2.3826,-1.8213,0.447,-0.5722,K1 · Maju & ringan,1.073,False,Tidak signifikan,0.472,-0.4857,-0.3493,Tidak signifikan,0.408,-0.4864,-0.3598,Tidak signifikan,0.378,-0.4365,-0.3471
12.13,Mandailing Natal,Kabupaten,Sumatera Utara,12,Sumatera,7.91,0.75,0.12,37.16,72.06,14.1,9.17,11100.0,74.26,1.12,9.48,0.16,469.79,99.44071577480491,0.7848999999999999,-0.3844,-0.3816,-0.1999,K2 · Menengah,0.831,False,Tidak signifikan,0.217,-0.3846,-0.5956,Tidak signifikan,0.181,-0.5738,-0.5957,Tidak signifikan,0.153,-0.5584,-0.5482
12.14,Nias Selatan,Kabupaten,Sumatera Utara,12,Sumatera,16.16,2.23,0.51,54.29,71.92,13.12,6.61,8082.0,66.74,1.32,13.8,0.229,335.95,98.68830631206555,0.12564999999999998,2.4532,-0.8473,0.4125,K3 · Rentan,1.415,False,Tidak signifikan,0.084,0.8074,0.8902,Tidak signifikan,0.639,0.4221,0.2808,Tidak signifikan,0.971,0.234,0.0241
12.15,Pakpak Bharat,Kabupaten,Sumatera Utara,12,Sumatera,6.4,0.71,0.15,3.53,73.35,13.92,9.94,9462.0,73.89,1.09,11.09,0.211,55.16,98.25440023659306,2.527,-0.6224,-0.0721,-2.1186,K2 · Menengah,2.27,False,Tidak signifikan,0.81,-0.6028,0.0992,Tidak signifikan,0.873,-0.6008,0.08,Tidak signifikan,0.92,-0.4974,0.0376
12.16,Humbang Hasundutan,Kabupaten,Sumatera Utara,12,Sumatera,7.8,1.01,0.18,15.62,74.55,13.47,10.26,9097.0,73.93,0.82,12.95,0.178,200.26,98.60174470899472,2.2390999999999996,-0.7142,0.0706,-0.9515,K2 · Menengah,0.939,False,Tidak signifikan,0.642,-0.4005,-0.2383,Tidak signifikan,0.466,-0.3989,-0.3484,Tidak signifikan,0.455,-0.4365,-0.345
12.17,Samosir,Kabupaten,Sumatera Utara,12,Sumatera,10.79,0.84,0.09,13.8,74.68,13.53,9.81,10057.0,74.63,1.17,7.78,0.107,127.9,98.73520706178527,2.57285,-0.5006,-0.3799,-0.704,K2 · Menengah,1.247,False,Tidak signifikan,0.183,0.0315,-0.4975,Tidak signifikan,0.17,-0.5133,-0.5099,Tidak signifikan,0.157,-0.6193,-0.4771
12.18,Serdang Bedagai,Kabupaten,Sumatera Utara,12,Sumatera,6.18,0.62,0.12,38.14,73.76,12.66,9.13,12429.0,74.69,0.73,10.03,0.194,617.15,99.07341130136987,3.3498,-0.8894,-0.5286,-0.1804,K2 · Menengah,1.384,False,Tidak signifikan,0.326,-0.6346,-0.485,Tidak signifikan,0.311,-0.6613,-0.4477,Tidak signifikan,0.329,-0.5584,-0.3958
12.19,Batu Bara,Kabupaten,Sumatera Utara,12,Sumatera,10.1,1.13,0.2,44.28,73.4,13.13,8.71,11747.0,73.92,1.07,11.19,0.177,438.42,99.5052348968105,3.2232000000000003,-0.0924,-0.5584,0.2465,K2 · Menengah,0.505,False,Tidak signifikan,0.329,-0.0682,-0.5512,Tidak signifikan,0.358,-0.3181,-0.4662,Tidak signifikan,0.411,-0.3958,-0.3958
12.20,Padang Lawas Utara,Kabupaten,Sumatera Utara,12,Sumatera,8.04,0.94,0.17,24.8,71.94,13.73,10.05,11371.0,75.12,1.29,11.69,0.181,308.46,99.79304770992366,1.6299000000000001,-0.3548,-0.2505,-0.4321,K2 · Menengah,1.579,False,Tidak signifikan,0.225,-0.3658,-0.4554,Tidak signifikan,0.18,-0.446,-0.4469,Tidak signifikan,0.332,-0.4568,-0.3349
12.21,Padang Lawas,Kabupaten,Sumatera Utara,12,Sumatera,7.32,0.75,0.14,23.69,71.87,14.11,9.64,10258.0,73.9,1.09,10.25,0.187,323.63,99.817725,1.1534499999999999,-0.3817,-0.1925,-0.7246,K2 · Menengah,1.084,False,Tidak signifikan,0.289,-0.4698,-0.4629,Tidak signifikan,0.143,-0.5738,-0.5671,Tidak signifikan,0.146,-0.5177,-0.5218
12.22,Labuhan Batu Selatan,Kabupaten,Sumatera Utara,12,Sumatera,6.8,1.06,0.34,26.12,73.01,13.54,9.29,12797.0,75.74,0.84,15.59,0.321,384.12,100.08217539525693,1.8435000000000001,-0.7907,0.1662,-0.3281,K2 · Menengah,0.621,False,Tidak signifikan,0.409,-0.545,-0.4405,Tidak signifikan,0.367,-0.3652,-0.4594,Tidak signifikan,0.451,-0.1114,-0.3687
12.23,Labuhan Batu Utara,Kabupaten,Sumatera Utara,12,Sumatera,8.42,1.49,0.38,32.09,74.45,13.59,9.15,13347.0,76.71,0.67,17.7,0.255,381.12,99.76799838072836,2.4261,-1.0265,0.501,0.1051,K2 · Menengah,1.28,False,Tidak signifikan,0.229,-0.3109,-0.4816,Tidak signifikan,0.165,-0.0759,-0.5077,Tidak signifikan,0.161,-0.0301,-0.4568
12.24,Nias Utara,Kabupaten,Sumatera Utara,12,Sumatera,20.79,4.0,1.15,29.65,72.48,13.38,7.25,7606.0,67.38,1.45,19.24,0.288,142.62,97.337623828125,1.31265,3.331,0.6156,0.5277,K3 · Rentan,2.129,False,Tidak signifikan,0.088,1.4764,0.9206,Tidak signifikan,0.569,1.6132,0.31,Tidak signifikan,0.996,1.5343,0.0037
12.25,Nias Barat,Kabupaten,Sumatera Utara,12,Sumatera,22.47,2.23,0.34,18.64,72.82,13.17,7.43,7032.0,66.65,1.51,9.92,0.152,82.96,97.5022893902439,1.0415,2.6183,-0.701,-0.3116,K3 · Rentan,2.042,False,Tidak signifikan,0.087,1.7191,0.9509,Tidak signifikan,0.102,0.4221,0.7564,Tidak signifikan,0.142,-0.1114,0.6065
12.71,Kota Medan,Kota,Sumatera Utara,12,Sumatera,7.25,1.31,0.35,171.6,75.54,14.8,11.8,16489.0,83.74,0.61,18.07,0.267,2366.9,98.67595672903742,3.6422499999999998,-2.991,1.5155,1.925,K1 · Maju & ringan,2.607,False,Tidak signifikan,0.165,-0.48,-1.0781,Tidak signifikan,0.332,-0.197,-0.7084,Tidak signifikan,0.53,-0.0911,-0.4771
12.72,Kota Pematang Siantar,Kota,Sumatera Utara,12,Sumatera,6.24,0.43,0.05,16.53,75.42,14.62,11.83,13783.0,81.71,0.67,6.89,0.116,264.9,99.05871261644796,2.9539,-2.9379,1.0073,-0.5533,K1 · Maju & ringan,1.573,False,Tidak signifikan,0.547,-0.6259,-0.5291,Tidak signifikan,0.625,-0.7892,-0.3989,Tidak signifikan,0.606,-0.7006,-0.4161
12.73,Kota Sibolga,Kota,Sumatera Utara,12,Sumatera,10.28,1.29,0.24,9.02,74.38,13.44,10.46,13317.0,78.11,0.76,12.55,0.186,87.74,98.79264872881356,1.737,-1.3407,0.7973,-0.9838,K1 · Maju & ringan,1.287,False,Tidak signifikan,0.925,-0.0422,0.0662,Tidak signifikan,0.816,-0.2104,0.1933,Tidak signifikan,0.759,-0.3146,0.1934
12.74,Kota Tanjung Balai,Kota,Sumatera Utara,12,Sumatera,10.67,1.61,0.38,20.02,74.4,13.16,9.9,12726.0,76.7,0.99,15.09,0.236,187.63,99.79651754385965,2.97065,-0.6239,0.3661,-0.1411,K2 · Menengah,0.445,False,Tidak signifikan,0.564,0.0142,-0.4901,Tidak signifikan,0.692,0.0049,-0.3383,Tidak signifikan,0.78,-0.0301,-0.213
12.75,Kota Binjai,Kota,Sumatera Utara,12,Sumatera,4.71,0.68,0.14,13.87,74.81,14.19,11.21,12409.0,79.2,0.67,14.44,0.206,294.48,98.48985194805195,3.6019500000000004,-2.2563,0.7478,-0.8913,K1 · Maju & ringan,1.427,False,Tidak signifikan,0.315,-0.847,-0.6945,Tidak signifikan,0.4,-0.6209,-0.5099,Tidak signifikan,0.427,-0.5177,-0.4161
12.76,Kota Tebing Tinggi,Kota,Sumatera Utara,12,Sumatera,8.74,1.06,0.25,15.36,74.58,13.14,10.88,14499.0,79.26,0.74,12.13,0.236,175.74,99.15516,3.3267,-1.7382,0.7143,-0.5078,K1 · Maju & ringan,1.183,False,Tidak signifikan,0.398,-0.2647,-0.6346,Tidak signifikan,0.339,-0.3652,-0.6613,Tidak signifikan,0.415,-0.2942,-0.5584
12.77,Kota Padangsidimpuan,Kota,Sumatera Utara,12,Sumatera,5.61,0.53,0.06,13.57,73.97,14.72,11.22,12274.0,79.19,0.74,9.45,0.113,241.89,99.28587341628959,1.38625,-2.2265,0.7931,-1.0019,K1 · Maju & ringan,1.46,False,Tidak signifikan,0.439,-0.7169,-0.6375,Tidak signifikan,0.338,-0.7219,-0.6681,Tidak signifikan,0.324,-0.6803,-0.599
12.78,Kota Gunungsitoli,Kota,Sumatera Utara,12,Sumatera,13.85,2.01,0.43,21.05,74.47,13.95,8.95,9477.0,73.29,1.37,14.51,0.214,151.99,97.59483351290685,1.27645,0.575,-0.0306,0.0453,K2 · Menengah,1.684,False,Tidak signifikan,0.11,0.4736,1.0227,Tidak signifikan,0.121,0.2741,0.9235,Tidak signifikan,0.103,0.0715,0.7927
13.01,Pesisir Selatan,Kabupaten,Sumatera Barat,13,Sumatera,6.52,0.97,0.22,31.53,73.68,13.38,9.06,10633.0,73.72,1.17,14.88,0.227,483.59,100.92508804347827,-1.7143000000000002,-0.2696,-0.6875,-0.1155,K2 · Menengah,0.901,False,Tidak signifikan,0.112,-0.5854,-0.6387,Tidak signifikan,0.126,-0.4258,-0.557,Tidak signifikan,0.168,-0.3552,-0.4703
13.02,Solok,Kabupaten,Sumatera Barat,13,Sumatera,6.52,0.63,0.1,25.23,72.82,13.66,8.25,11318.0,73.26,1.34,9.66,0.159,386.96,100.8043396875,-0.93145,-0.1305,-1.125,-0.3147,K2 · Menengah,1.598,False,Rendah–Rendah,0.014,-0.5854,-0.8694,Rendah–Rendah,0.03,-0.6546,-0.6748,Tidak signifikan,0.082,-0.599,-0.52
13.03,Sijunjung,Kabupaten,Sumatera Barat,13,Sumatera,5.15,0.66,0.14,13.55,73.3,12.99,8.66,11829.0,73.73,1.17,12.82,0.212,263.11,101.07038895348836,-0.6545,-0.4056,-0.9387,-0.8836,K2 · Menengah,1.281,False,Rendah–Rendah,0.037,-0.7834,-0.7675,Rendah–Rendah,0.041,-0.6344,-0.6911,Tidak signifikan,0.082,-0.5177,-0.5671
13.04,Tanah Datar,Kabupaten,Sumatera Barat,13,Sumatera,3.59,0.21,0.02,12.57,74.35,15.06,9.46,11552.0,77.04,0.72,5.85,0.095,350.14,100.576423592233,-0.4702,-1.9958,0.1502,-1.1167,K1 · Maju & ringan,1.338,False,Rendah–Rendah,0.04,-1.0088,-0.7578,Tidak signifikan,0.057,-0.9372,-0.6796,Tidak signifikan,0.087,-0.7615,-0.5729
13.05,Padang Pariaman,Kabupaten,Sumatera Barat,13,Sumatera,5.86,0.8,0.18,25.08,74.04,14.21,8.78,12089.0,75.71,1.08,13.65,0.225,427.99,100.27451141723843,-0.5684499999999999,-0.945,-0.3867,-0.1756,K2 · Menengah,0.8,False,Rendah–Rendah,0.032,-0.6808,-0.8409,Rendah–Rendah,0.047,-0.5402,-0.7443,Tidak signifikan,0.074,-0.4365,-0.6329
13.06,Agam,Kabupaten,Sumatera Barat,13,Sumatera,5.97,0.67,0.1,30.57,74.63,14.26,9.57,11034.0,76.04,1.28,11.22,0.149,512.06,100.16981971153845,-0.2542,-1.0214,-0.6025,0.0583,K2 · Menengah,1.618,False,Rendah–Rendah,0.043,-0.6649,-0.7653,Tidak signifikan,0.082,-0.6277,-0.6759,Tidak signifikan,0.09,-0.599,-0.5753
13.07,Lima Puluh Kota,Kabupaten,Sumatera Barat,13,Sumatera,6.1,0.63,0.1,24.61,73.64,13.53,8.49,10917.0,73.43,1.27,10.33,0.159,403.44,100.58958353658537,0.0252,-0.3078,-1.0938,-0.3142,K2 · Menengah,1.391,False,Tidak signifikan,0.065,-0.6461,-0.6878,Tidak signifikan,0.063,-0.6546,-0.644,Tidak signifikan,0.101,-0.599,-0.5584
13.08,Pasaman,Kabupaten,Sumatera Barat,13,Sumatera,6.02,0.66,0.12,18.0,72.76,13.65,8.49,9418.0,71.6,1.4,10.96,0.182,299.0,100.030043957115,0.3998,0.202,-1.1992,-0.7519,K2 · Menengah,2.034,False,Tidak signifikan,0.172,-0.6577,-0.5086,Tidak signifikan,0.117,-0.6344,-0.575,Tidak signifikan,0.118,-0.5584,-0.538
13.09,Kepulauan Mentawai,Kabupaten,Sumatera Barat,13,Sumatera,13.22,1.88,0.46,13.74,71.4,13.17,8.21,7451.0,67.62,1.42,14.22,0.245,103.93,98.89425208333333,-1.3573,1.9728,-0.5634,-0.9833,K3 · Rentan,2.054,False,Tidak signifikan,0.912,0.3826,-0.0834,Tidak signifikan,0.784,0.1866,-0.1802,Tidak signifikan,0.744,0.1324,-0.213
13.10,Dharmasraya,Kabupaten,Sumatera Barat,13,Sumatera,4.61,0.55,0.12,13.52,74.34,13.02,9.31,12604.0,75.7,1.18,11.93,0.218,293.28,101.5905865,-1.25855,-0.9868,-0.816,-0.6962,K2 · Menengah,1.275,False,Tidak signifikan,0.075,-0.8614,-0.6341,Tidak signifikan,0.074,-0.7084,-0.6123,Tidak signifikan,0.109,-0.5584,-0.5148
13.11,Solok Selatan,Kabupaten,Sumatera Barat,13,Sumatera,6.0,0.93,0.22,11.44,72.77,13.08,9.2,11542.0,74.01,1.15,15.5,0.237,190.67,101.26750169930875,-1.3627500000000001,-0.3028,-0.507,-1.0698,K2 · Menengah,1.3,False,Tidak signifikan,0.183,-0.6606,-0.6198,Tidak signifikan,0.17,-0.4527,-0.5839,Tidak signifikan,0.184,-0.3552,-0.5076
13.12,Pasaman Barat,Kabupaten,Sumatera Barat,13,Sumatera,6.3,0.85,0.14,31.68,73.17,13.73,9.28,10231.0,73.69,1.25,13.49,0.165,502.86,99.7280207492236,0.18495,-0.3011,-0.7236,-0.2055,K2 · Menengah,1.317,False,Tidak signifikan,0.318,-0.6172,-0.5691,Tidak signifikan,0.203,-0.5065,-0.612,Tidak signifikan,0.182,-0.5177,-0.5719
13.71,Kota Padang,Kota,Sumatera Barat,13,Sumatera,3.63,0.6,0.16,37.38,75.59,16.58,11.64,15957.0,84.93,0.65,16.53,0.267,1029.75,100.44831964285714,-0.9345,-3.893,1.6845,0.4644,K1 · Maju & ringan,2.182,False,Tidak signifikan,0.094,-1.003,-0.7397,Tidak signifikan,0.156,-0.6748,-0.6159,Tidak signifikan,0.194,-0.4771,-0.5127
13.72,Kota Solok,Kota,Sumatera Barat,13,Sumatera,2.91,0.35,0.07,2.31,75.3,14.59,11.38,13504.0,80.9,1.05,12.03,0.2,79.38,100.64082261235956,-0.78155,-2.6889,0.5379,-1.894,K1 · Maju & ringan,2.61,False,Tidak signifikan,0.196,-1.107,-0.7942,Tidak signifikan,0.239,-0.843,-0.6647,Tidak signifikan,0.265,-0.6599,-0.538
13.73,Kota Sawah Lunto,Kota,Sumatera Barat,13,Sumatera,2.72,0.33,0.12,1.79,74.21,13.89,10.54,11501.0,77.05,0.48,12.13,0.364,65.81,100.75912375,-0.66125,-2.0932,0.6934,-2.7546,K1 · Maju & ringan,2.855,False,Tidak signifikan,0.138,-1.1345,-0.7925,Tidak signifikan,0.127,-0.8565,-0.7421,Tidak signifikan,0.142,-0.5584,-0.6261
13.74,Kota Padang Panjang,Kota,Sumatera Barat,13,Sumatera,4.97,0.43,0.05,2.9,74.86,15.74,12.01,12148.0,81.32,0.89,8.65,0.116,58.35,100.40373299958281,-0.47150000000000003,-2.8806,1.2807,-1.9432,K1 · Maju & ringan,2.776,False,Tidak signifikan,0.183,-0.8094,-0.8448,Tidak signifikan,0.173,-0.7892,-0.7387,Tidak signifikan,0.226,-0.7006,-0.599
13.75,Kota Bukittinggi,Kota,Sumatera Barat,13,Sumatera,3.78,0.44,0.11,5.46,76.06,15.29,11.66,14579.0,83.05,0.53,11.64,0.25,144.44,100.37261447368422,-0.2979,-3.568,1.4796,-1.3455,K1 · Maju & ringan,2.292,False,Tidak signifikan,0.421,-0.9813,-0.6649,Tidak signifikan,0.425,-0.7825,-0.6277,Tidak signifikan,0.325,-0.5787,-0.599
13.76,Kota Payakumbuh,Kota,Sumatera Barat,13,Sumatera,4.95,0.54,0.09,7.37,75.54,14.79,11.08,14536.0,81.62,1.06,10.91,0.167,148.89,100.63515625,-0.2301,-2.6837,0.5688,-0.8531,K1 · Maju & ringan,1.984,False,Tidak signifikan,0.452,-0.8123,-0.6461,Tidak signifikan,0.389,-0.7152,-0.6546,Tidak signifikan,0.319,-0.6193,-0.599
13.77,Kota Pariaman,Kota,Sumatera Barat,13,Sumatera,3.83,0.44,0.07,3.63,74.62,14.81,11.32,14261.0,81.27,0.97,11.49,0.159,94.78,100.14711861593463,-0.6105,-2.723,0.7722,-1.6412,K1 · Maju & ringan,2.33,False,Tidak signifikan,0.798,-0.9741,-0.1491,Tidak signifikan,0.802,-0.7825,-0.1768,Tidak signifikan,0.826,-0.6599,-0.152
14.01,Kampar,Kabupaten,Riau,14,Sumatera,6.29,0.94,0.19,58.71,75.05,13.7,9.78,12200.0,76.97,0.89,14.94,0.202,933.39,101.1162892105263,0.29569999999999996,-1.3306,-0.1418,0.5785,K2 · Menengah,0.822,False,Tidak signifikan,0.063,-0.6187,-0.6651,Tidak signifikan,0.069,-0.446,-0.6488,Tidak signifikan,0.093,-0.4161,-0.5409
14.02,Indragiri Hulu,Kabupaten,Riau,14,Sumatera,5.83,0.44,0.09,26.88,73.97,12.78,8.62,11495.0,73.48,1.0,7.55,0.205,461.06,102.29885274882751,-0.5091,-0.5409,-1.0626,-0.384,K2 · Menengah,0.975,False,Tidak signifikan,0.185,-0.6851,-0.619,Tidak signifikan,0.119,-0.7825,-0.6832,Tidak signifikan,0.164,-0.6193,-0.5634
14.03,Bengkalis,Kabupaten,Riau,14,Sumatera,6.08,0.64,0.11,35.11,74.68,13.47,9.93,12521.0,77.02,0.85,10.53,0.172,577.47,101.56940388538854,1.2927,-1.4694,-0.1871,-0.0029,K2 · Menengah,0.737,False,Tidak signifikan,0.133,-0.649,-0.684,Tidak signifikan,0.162,-0.6479,-0.6411,Tidak signifikan,0.229,-0.5787,-0.4873
14.04,Indragiri Hilir,Kabupaten,Riau,14,Sumatera,4.95,0.35,0.06,35.97,72.55,12.39,7.49,11248.0,70.74,0.96,7.07,0.171,726.67,103.23079634445536,-0.2882,0.0986,-1.5702,-0.4325,K2 · Menengah,1.53,False,Tidak signifikan,0.316,-0.8123,-0.4343,Tidak signifikan,0.14,-0.843,-0.5886,Tidak signifikan,0.133,-0.6803,-0.5462
14.05,Pelalawan,Kabupaten,Riau,14,Sumatera,7.24,0.86,0.18,43.49,74.98,12.92,8.97,13052.0,75.8,0.73,11.88,0.209,600.69,102.220002714054,0.1706,-1.0957,-0.3564,0.2576,K2 · Menengah,1.386,False,Tidak signifikan,0.218,-0.4814,-0.4509,Tidak signifikan,0.186,-0.4998,-0.4767,Tidak signifikan,0.206,-0.4365,-0.4132
14.06,Rokan Hulu,Kabupaten,Riau,14,Sumatera,8.71,0.84,0.18,70.65,73.79,13.03,9.11,10769.0,73.61,0.74,9.64,0.214,811.14,100.45507320997699,0.905,-0.4514,-0.4034,0.3359,K2 · Menengah,1.298,False,Tidak signifikan,0.089,-0.269,-0.599,Tidak signifikan,0.087,-0.5133,-0.5637,Tidak signifikan,0.104,-0.4365,-0.4847
14.07,Rokan Hilir,Kabupaten,Riau,14,Sumatera,7.16,1.16,0.36,55.49,74.18,12.9,8.55,10895.0,73.07,0.84,16.2,0.31,775.0,100.70593067038102,1.88885,-0.1746,-0.4949,0.3317,K2 · Menengah,1.044,False,Tidak signifikan,0.125,-0.493,-0.5623,Tidak signifikan,0.099,-0.2979,-0.5918,Tidak signifikan,0.143,-0.0708,-0.4873
14.08,Siak,Kabupaten,Riau,14,Sumatera,4.4,0.4,0.06,23.5,74.34,13.02,9.93,13546.0,77.19,0.88,9.09,0.15,534.09,101.84658322147651,0.81815,-1.6167,-0.4186,-0.3934,K2 · Menengah,0.905,False,Tidak signifikan,0.138,-0.8917,-0.6169,Tidak signifikan,0.116,-0.8094,-0.5913,Tidak signifikan,0.17,-0.6803,-0.5015
14.09,Kuantan Singingi,Kabupaten,Riau,14,Sumatera,6.99,0.74,0.16,22.68,73.34,13.39,9.33,11400.0,74.62,0.84,10.59,0.216,324.46,101.48910105421687,-0.4887,-0.7468,-0.2156,-0.6294,K2 · Menengah,0.8,False,Tidak signifikan,0.098,-0.5175,-0.6825,Tidak signifikan,0.08,-0.5806,-0.6467,Tidak signifikan,0.117,-0.4771,-0.5347
14.10,Kepulauan Meranti,Kabupaten,Riau,14,Sumatera,20.51,3.05,0.7,39.41,72.4,12.9,8.13,9380.0,70.2,0.8,14.87,0.23,192.15,102.71739147812971,0.847,1.8868,0.8439,0.2058,K3 · Rentan,1.522,False,Tidak signifikan,0.343,1.4359,-0.6317,Tidak signifikan,0.276,0.9739,-0.6243,Tidak signifikan,0.289,0.62,-0.5279
14.71,Kota Pekanbaru,Kota,Riau,14,Sumatera,3.19,0.34,0.08,39.16,76.37,15.85,12.08,15610.0,84.91,0.77,10.66,0.235,1227.59,101.4847754857997,0.5559000000000001,-3.9279,1.2014,0.5504,K1 · Maju & ringan,2.045,False,Tidak signifikan,0.183,-1.0666,-0.6639,Tidak signifikan,0.23,-0.8498,-0.5851,Tidak signifikan,0.212,-0.6396,-0.511
14.72,Kota Dumai,Kota,Riau,14,Sumatera,3.08,0.2,0.02,9.92,73.77,13.36,10.3,13369.0,77.58,0.71,6.49,0.1,322.08,101.24334677429528,1.83855,-1.9829,-0.0092,-1.3686,K1 · Maju & ringan,1.612,False,Tidak signifikan,0.383,-1.0825,-0.571,Tidak signifikan,0.449,-0.944,-0.4729,Tidak signifikan,0.612,-0.7615,-0.3247
15.01,Kerinci,Kabupaten,Jambi,15,Sumatera,7.48,0.79,0.14,18.28,73.66,14.18,8.76,11650.0,75.1,1.04,10.56,0.177,244.39,101.60288651004728,-2.06145,-0.7605,-0.301,-0.5503,K2 · Menengah,0.809,False,Tidak signifikan,0.083,-0.4467,-0.6265,Tidak signifikan,0.186,-0.5469,-0.4585,Tidak signifikan,0.301,-0.5177,-0.3581
15.02,Merangin,Kabupaten,Jambi,15,Sumatera,8.07,1.6,0.45,32.38,74.4,12.5,8.41,11847.0,73.41,1.05,19.83,0.281,401.24,102.1164060866013,-2.2112,0.1222,-0.5312,0.1938,K2 · Menengah,0.504,False,Tidak signifikan,0.613,-0.3615,-0.2121,Tidak signifikan,0.411,-0.0018,-0.2811,Tidak signifikan,0.37,0.1121,-0.3044
15.03,Sarolangun,Kabupaten,Jambi,15,Sumatera,8.74,1.18,0.25,28.08,73.94,12.82,8.6,13030.0,74.72,1.3,13.5,0.212,321.28,102.62750793820224,-2.33125,-0.163,-0.827,0.1726,K2 · Menengah,1.102,False,Tidak signifikan,0.746,-0.2647,-0.154,Tidak signifikan,0.766,-0.2845,-0.1324,Tidak signifikan,0.748,-0.2942,-0.1317
15.04,Batang Hari,Kabupaten,Jambi,15,Sumatera,8.27,1.32,0.28,22.83,75.14,13.2,8.41,11219.0,73.94,1.12,15.96,0.212,276.06,103.00902819278654,-1.8546,-0.23,-0.6362,-0.0543,K2 · Menengah,0.624,False,Tidak signifikan,0.351,-0.3326,-0.41,Tidak signifikan,0.223,-0.1903,-0.4769,Tidak signifikan,0.241,-0.2333,-0.4243
15.05,Muaro Jambi,Kabupaten,Jambi,15,Sumatera,4.32,0.39,0.09,21.05,75.06,13.38,8.72,10579.0,73.87,1.04,9.03,0.231,487.27,103.79477788262372,-1.706,-0.8496,-1.0251,-0.489,K2 · Menengah,1.02,False,Tidak signifikan,0.605,-0.9033,-0.2262,Tidak signifikan,0.545,-0.8161,-0.2452,Tidak signifikan,0.505,-0.6193,-0.2739
15.06,Tanjung Jabung Barat,Kabupaten,Jambi,15,Sumatera,9.67,1.01,0.14,33.88,73.75,12.71,8.54,11266.0,73.0,1.37,10.44,0.139,350.36,103.06936250000001,-1.0914000000000001,0.2333,-1.2128,0.148,K2 · Menengah,1.439,False,Tidak signifikan,0.187,-0.1303,-0.5603,Tidak signifikan,0.158,-0.3989,-0.559,Tidak signifikan,0.182,-0.5177,-0.473
15.07,Tanjung Jabung Timur,Kabupaten,Jambi,15,Sumatera,9.96,1.4,0.31,21.54,74.82,12.22,7.71,10626.0,71.28,0.72,14.06,0.221,216.27,103.87605130718954,-1.2713999999999999,0.2765,-0.617,-0.4489,K2 · Menengah,1.735,False,Tidak signifikan,0.459,-0.0884,-0.3864,Tidak signifikan,0.267,-0.1364,-0.5049,Tidak signifikan,0.197,-0.1723,-0.4974
15.08,Bungo,Kabupaten,Jambi,15,Sumatera,5.17,0.7,0.16,20.73,74.35,12.92,8.61,13182.0,75.15,0.95,13.54,0.229,400.97,101.984279931562,-1.51505,-0.9221,-0.7168,-0.3812,K2 · Menengah,0.847,False,Tidak signifikan,0.208,-0.7805,-0.5836,Tidak signifikan,0.255,-0.6075,-0.5166,Tidak signifikan,0.348,-0.4771,-0.406
15.09,Tebo,Kabupaten,Jambi,15,Sumatera,5.97,0.4,0.07,22.1,73.88,13.2,8.05,11791.0,73.41,1.02,6.7,0.175,370.18,102.41695,-1.3888,-0.5463,-1.0872,-0.4986,K2 · Menengah,1.013,False,Tidak signifikan,0.116,-0.6649,-0.5273,Tidak signifikan,0.104,-0.8094,-0.4886,Tidak signifikan,0.171,-0.6599,-0.4161
15.71,Kota Jambi,Kota,Jambi,15,Sumatera,7.69,1.13,0.23,47.21,75.53,15.56,11.59,13706.0,82.32,0.67,14.69,0.204,613.91,103.61353451086956,-1.61605,-2.7757,1.5199,0.5845,K1 · Maju & ringan,1.775,False,Tidak signifikan,0.199,-0.4164,-0.9033,Tidak signifikan,0.192,-0.3181,-0.8161,Tidak signifikan,0.26,-0.3349,-0.6193
15.72,Kota Sungai Penuh,Kota,Jambi,15,Sumatera,3.23,0.16,0.01,2.87,74.7,14.85,10.75,11994.0,78.89,1.23,4.95,0.062,88.85,101.34061724347029,-2.1469,-2.1406,0.0394,-1.8738,K1 · Maju & ringan,2.895,False,Tidak signifikan,0.441,-1.0608,-0.5161,Tidak signifikan,0.437,-0.9709,-0.4864,Tidak signifikan,0.405,-0.7819,-0.4365
16.01,Ogan Komering Ulu,Kabupaten,Sumatera Selatan,16,Sumatera,10.08,1.48,0.33,39.58,73.97,13.01,9.07,11700.0,74.47,1.04,14.68,0.223,392.66,104.0089249501992,-4.10555,-0.1176,-0.2432,0.283,K2 · Menengah,0.326,False,Tidak signifikan,0.828,-0.0711,-0.1126,Tidak signifikan,0.63,-0.0826,-0.2424,Tidak signifikan,0.637,-0.1317,-0.2434
16.02,Ogan Komering Ilir,Kabupaten,Sumatera Selatan,16,Sumatera,11.84,1.36,0.26,105.26,74.47,11.99,7.49,12547.0,72.2,1.01,11.49,0.191,889.02,105.39457387295082,-3.33045,0.4496,-1.1782,1.232,K2 · Menengah,1.793,False,Tidak signifikan,0.405,0.1832,-0.3186,Tidak signifikan,0.193,-0.1633,-0.4383,Tidak signifikan,0.213,-0.2739,-0.4132
16.03,Muara Enim,Kabupaten,Sumatera Selatan,16,Sumatera,9.45,1.28,0.28,64.82,74.82,12.03,8.45,12646.0,73.77,0.92,13.54,0.219,685.93,103.97455,-3.8322,-0.1405,-0.8057,0.7483,K2 · Menengah,1.392,False,Tidak signifikan,0.957,-0.1621,0.014,Tidak signifikan,0.769,-0.2172,-0.0881,Tidak signifikan,0.632,-0.2333,-0.1336
16.04,Lahat,Kabupaten,Sumatera Selatan,16,Sumatera,13.69,2.55,0.72,58.66,73.93,12.46,9.03,11620.0,73.75,1.26,18.63,0.282,428.49,103.41858775510204,-3.88105,0.943,0.071,1.0491,K2 · Menengah,1.187,False,Tidak signifikan,0.63,0.4505,0.2063,Tidak signifikan,0.735,0.6375,0.1485,Tidak signifikan,0.872,0.6607,0.0647
16.05,Musi Rawas,Kabupaten,Sumatera Selatan,16,Sumatera,12.67,1.33,0.23,54.7,74.45,12.43,7.61,11407.0,71.92,1.0,10.5,0.173,431.73,103.21552569204152,-3.17565,0.4759,-0.959,0.5753,K2 · Menengah,1.204,False,Tidak signifikan,0.82,0.3031,0.0845,Tidak signifikan,0.99,-0.1835,0.0034,Tidak signifikan,0.849,-0.3349,-0.0685
16.06,Musi Banyuasin,Kabupaten,Sumatera Selatan,16,Sumatera,9.97,1.49,0.38,69.61,74.72,12.34,8.29,11790.0,73.17,1.25,14.94,0.255,698.19,103.70748102636534,-2.49015,0.3617,-1.0096,1.019,K2 · Menengah,1.27,False,Tidak signifikan,0.682,-0.087,-0.1446,Tidak signifikan,0.504,-0.0759,-0.2585,Tidak signifikan,0.406,-0.0301,-0.3
16.07,Banyu Asin,Kabupaten,Sumatera Selatan,16,Sumatera,8.48,1.08,0.22,77.63,74.73,12.54,7.65,11638.0,72.42,1.22,12.74,0.204,915.45,105.01125082586125,-2.3971,0.2185,-1.457,0.9749,K2 · Menengah,1.469,False,Tidak signifikan,0.626,-0.3022,-0.1632,Tidak signifikan,0.487,-0.3518,-0.2559,Tidak signifikan,0.509,-0.3552,-0.2434
16.08,Ogan Komering Ulu Timur,Kabupaten,Sumatera Selatan,16,Sumatera,8.86,0.97,0.18,62.89,74.8,12.66,8.13,13154.0,74.42,1.06,10.95,0.186,709.82,104.55529919406834,-4.13335,-0.3908,-1.0212,0.8124,K2 · Menengah,1.174,False,Tidak signifikan,0.956,-0.2473,-0.0208,Tidak signifikan,0.716,-0.4258,-0.162,Tidak signifikan,0.651,-0.4365,-0.2008
16.09,Ogan Komering Ulu Selatan,Kabupaten,Sumatera Selatan,16,Sumatera,9.17,1.27,0.27,35.49,73.74,12.02,8.48,10010.0,70.98,1.4,13.85,0.213,387.02,103.94464523809523,-4.57615,0.8359,-1.4094,0.1177,K2 · Menengah,1.518,False,Tidak signifikan,0.925,-0.2026,0.0336,Tidak signifikan,0.923,-0.2239,-0.0393,Tidak signifikan,0.776,-0.2536,-0.1114
16.10,Ogan Ilir,Kabupaten,Sumatera Selatan,16,Sumatera,11.69,1.45,0.37,53.21,73.78,12.43,8.16,12445.0,73.21,0.74,12.4,0.255,455.18,104.64303288716178,-3.41735,0.1206,-0.2618,0.4143,K2 · Menengah,1.63,False,Tidak signifikan,0.73,0.1616,-0.1342,Tidak signifikan,0.54,-0.1028,-0.2364,Tidak signifikan,0.442,-0.0504,-0.2681
16.11,Empat Lawang,Kabupaten,Sumatera Selatan,16,Sumatera,10.48,1.44,0.32,27.88,71.14,12.12,8.02,11315.0,70.56,1.34,13.74,0.222,266.03,102.9316863317757,-3.71425,1.2523,-1.0526,-0.32,K2 · Menengah,1.266,False,Tidak signifikan,0.525,-0.0133,0.2586,Tidak signifikan,0.572,-0.1095,0.2315,Tidak signifikan,0.659,-0.152,0.1798
16.12,Penukal Abab Lematang Ilir,Kabupaten,Sumatera Selatan,16,Sumatera,9.27,1.01,0.19,18.87,74.33,12.69,7.42,9965.0,70.55,1.32,10.9,0.188,203.56,104.0132871886121,-3.20535,0.6606,-1.4935,-0.3842,K2 · Menengah,1.485,False,Tidak signifikan,0.892,-0.1881,-0.0734,Tidak signifikan,0.628,-0.3989,-0.2212,Tidak signifikan,0.537,-0.4161,-0.2495
16.13,Musi Rawas Utara,Kabupaten,Sumatera Selatan,16,Sumatera,15.25,2.22,0.47,31.25,73.46,12.07,7.8,11460.0,71.39,1.33,14.56,0.212,204.92,102.74678249223604,-2.7109,1.4193,-0.6817,0.3665,K2 · Menengah,1.035,False,Tidak signifikan,0.827,0.6759,-0.0956,Tidak signifikan,0.801,0.4154,-0.1149,Tidak signifikan,0.767,0.1527,-0.1398
16.71,Kota Palembang,Kota,Sumatera Selatan,16,Sumatera,9.04,1.4,0.32,162.31,76.26,14.47,11.25,16725.0,83.27,1.19,15.49,0.229,1795.46,104.7438998119213,-2.97675,-2.3832,0.6325,2.3955,K1 · Maju & ringan,2.685,False,Tidak signifikan,0.875,-0.2213,-0.1009,Tidak signifikan,0.73,-0.1364,-0.2239,Tidak signifikan,0.731,-0.152,-0.213
16.72,Kota Pagar Alam,Kota,Sumatera Selatan,16,Sumatera,7.7,0.82,0.12,11.2,74.18,13.51,9.78,10610.0,74.92,1.24,10.65,0.146,145.45,103.2646874301676,-4.12965,-0.6099,-0.481,-0.9068,K2 · Menengah,1.625,False,Tidak signifikan,0.347,-0.4149,0.4476,Tidak signifikan,0.376,-0.5267,0.4373,Tidak signifikan,0.517,-0.5584,0.3
16.73,Kota Lubuklinggau,Kota,Sumatera Selatan,16,Sumatera,10.49,1.1,0.16,26.35,75.46,13.88,10.15,15090.0,79.94,1.22,10.49,0.145,251.19,102.84976053921568,-3.25475,-1.5978,0.1044,0.4964,K1 · Maju & ringan,1.426,False,Tidak signifikan,0.751,-0.0118,0.2338,Tidak signifikan,0.98,-0.3383,-0.0187,Tidak signifikan,0.817,-0.4771,-0.152
16.74,Kota Prabumulih,Kota,Sumatera Selatan,16,Sumatera,9.75,1.19,0.25,19.89,75.33,13.42,10.37,14342.0,79.17,0.62,12.21,0.21,204.0,104.22855286517432,-3.4480500000000003,-1.782,0.7921,-0.2064,K1 · Maju & ringan,1.48,False,Tidak signifikan,0.913,-0.1188,-0.0629,Tidak signifikan,0.687,-0.2777,-0.2396,Tidak signifikan,0.695,-0.2942,-0.2333
17.01,Bengkulu Selatan,Kabupaten,Bengkulu,17,Sumatera,15.72,2.57,0.57,29.82,73.32,13.67,9.6,11518.0,75.32,1.06,16.35,0.222,189.69,103.00095485646449,-4.3594,0.3947,0.9379,0.2835,K3 · Rentan,0.941,False,Tidak signifikan,0.426,0.7438,0.3938,Tidak signifikan,0.232,0.6509,0.5163,Tidak signifikan,0.284,0.3559,0.4575
17.02,Rejang Lebong,Kabupaten,Bengkulu,17,Sumatera,11.71,1.82,0.41,33.19,74.17,14.21,9.05,11824.0,75.87,1.11,15.54,0.225,283.43,102.7025079937304,-3.4391499999999997,-0.2717,0.3385,0.3847,K2 · Menengah,0.836,False,Tidak signifikan,1.0,0.1644,-0.0015,Tidak signifikan,0.569,0.1462,-0.2133,Tidak signifikan,0.371,0.0308,-0.3
17.03,Bengkulu Utara,Kabupaten,Bengkulu,17,Sumatera,10.07,1.09,0.2,31.99,73.52,12.93,8.35,12045.0,73.56,0.63,10.82,0.183,317.68,101.85899509649123,-3.1910499999999997,-0.344,-0.1783,-0.2765,K2 · Menengah,1.7,False,Tidak signifikan,0.845,-0.0725,-0.0922,Tidak signifikan,0.983,-0.345,0.0076,Tidak signifikan,0.929,-0.3958,-0.0464
17.04,Kaur,Kabupaten,Bengkulu,17,Sumatera,15.82,2.61,0.6,20.26,73.31,13.16,8.71,10180.0,72.45,1.29,16.5,0.23,128.07,103.36763656716417,-4.59205,1.2451,0.249,-0.0185,K3 · Rentan,1.217,False,Tidak signifikan,0.931,0.7583,0.0379,Tidak signifikan,0.912,0.6778,-0.0503,Tidak signifikan,0.734,0.4169,-0.1561
17.05,Seluma,Kabupaten,Bengkulu,17,Sumatera,15.98,3.5,1.04,32.81,73.19,13.34,8.34,9919.0,71.85,1.23,21.9,0.297,205.32,102.67430339116719,-4.07715,1.8273,0.8747,0.5927,K3 · Rentan,1.423,False,Tidak signifikan,0.631,0.7814,0.2044,Tidak signifikan,0.731,1.2768,0.1406,Tidak signifikan,0.9,1.3108,0.0545
17.06,Mukomuko,Kabupaten,Bengkulu,17,Sumatera,10.05,1.54,0.35,19.67,74.31,13.06,8.65,12055.0,74.45,1.09,15.32,0.227,195.72,101.5686126614987,-2.7084,-0.0942,-0.2631,-0.1772,K2 · Menengah,0.372,False,Tidak signifikan,0.443,-0.0754,-0.3665,Tidak signifikan,0.473,-0.0422,-0.3299,Tidak signifikan,0.505,-0.0911,-0.2892
17.07,Lebong,Kabupaten,Bengkulu,17,Sumatera,10.1,1.56,0.32,12.2,73.1,12.92,8.48,12776.0,74.1,0.76,15.45,0.205,120.79,102.21008432539682,-3.05205,-0.1774,0.1647,-0.9128,K2 · Menengah,1.277,False,Tidak signifikan,0.762,-0.0682,0.1419,Tidak signifikan,0.987,-0.0288,0.0062,Tidak signifikan,0.833,-0.152,-0.087
17.08,Kepahiang,Kabupaten,Bengkulu,17,Sumatera,10.38,0.93,0.17,15.2,72.61,13.31,8.61,11010.0,72.96,1.26,8.96,0.183,146.44,102.659609603073,-3.6484,0.2168,-0.678,-0.746,K2 · Menengah,1.351,False,Tidak signifikan,0.705,-0.0277,0.2031,Tidak signifikan,0.501,-0.4527,0.3195,Tidak signifikan,0.577,-0.4568,0.2645
17.09,Bengkulu Tengah,Kabupaten,Bengkulu,17,Sumatera,9.74,1.55,0.33,11.61,72.71,13.64,7.94,10973.0,72.48,1.13,15.91,0.213,119.2,102.38922341027875,-3.6741,0.4044,-0.2761,-0.8906,K2 · Menengah,1.044,False,Tidak signifikan,0.7,-0.1202,0.1709,Tidak signifikan,0.821,-0.0355,0.1114,Tidak signifikan,0.869,-0.1317,0.0647
17.71,Kota Bengkulu,Kota,Bengkulu,17,Sumatera,11.91,1.83,0.42,46.23,75.14,16.08,11.95,15971.0,84.59,0.76,15.37,0.23,388.16,102.33394801980198,-3.8590999999999998,-2.7688,2.3987,1.0085,K1 · Maju & ringan,2.473,False,Tidak signifikan,0.62,0.1933,0.3306,Tidak signifikan,0.258,0.1529,0.6206,Tidak signifikan,0.21,0.0511,0.5896
18.01,Lampung Selatan,Kabupaten,Lampung,18,Sumatera,12.05,2.04,0.6,127.74,74.84,12.79,7.98,11540.0,73.1,1.32,16.93,0.294,1060.08,105.51275671641791,-5.5459,0.7825,-0.6904,1.8056,K2 · Menengah,1.837,False,Tidak signifikan,0.863,0.2136,-0.0964,Tidak signifikan,0.835,0.2943,-0.1297,Tidak signifikan,0.726,0.4169,-0.1774
18.02,Lampung Tengah,Kabupaten,Lampung,18,Sumatera,9.59,1.58,0.42,127.83,74.7,13.18,8.17,12975.0,74.86,0.94,16.48,0.266,1332.95,105.32659153846154,-4.871,-0.251,-0.371,1.5282,K2 · Menengah,1.607,False,Tidak signifikan,0.786,-0.1419,-0.0936,Tidak signifikan,0.438,-0.0153,-0.2246,Tidak signifikan,0.442,0.0511,-0.2292
18.03,Lampung Utara,Kabupaten,Lampung,18,Sumatera,15.78,2.58,0.68,98.99,74.41,12.64,8.63,10160.0,72.28,1.2,16.35,0.264,627.31,104.8631146179402,-4.7965,1.2541,-0.0668,1.4569,K3 · Rentan,1.443,False,Tidak signifikan,0.653,0.7525,-0.2416,Tidak signifikan,0.638,0.6577,-0.239,Tidak signifikan,0.673,0.5794,-0.2181
18.04,Lampung Barat,Kabupaten,Lampung,18,Sumatera,9.93,1.52,0.39,31.23,74.24,12.31,8.57,11612.0,73.14,1.01,15.31,0.257,314.5,104.302389691581,-5.1053,0.2193,-0.5134,0.0839,K2 · Menengah,0.578,False,Tidak signifikan,0.899,-0.0927,0.065,Tidak signifikan,0.969,-0.0557,-0.0187,Tidak signifikan,0.866,-0.0098,-0.0708
18.05,Tulangbawang,Kabupaten,Lampung,18,Sumatera,7.54,0.79,0.16,36.14,74.32,12.39,7.9,12513.0,73.11,1.2,10.48,0.203,479.31,105.55375529699938,-4.3965,-0.0815,-1.4002,0.2265,K2 · Menengah,1.15,False,Tidak signifikan,0.693,-0.4381,-0.1919,Tidak signifikan,0.467,-0.5469,-0.3181,Tidak signifikan,0.408,-0.4771,-0.3308
18.06,Tanggamus,Kabupaten,Lampung,18,Sumatera,10.1,1.07,0.19,63.56,74.39,12.34,7.63,10888.0,71.36,1.16,10.59,0.178,629.31,104.77378543964957,-5.5131,0.5,-1.4348,0.6522,K2 · Menengah,1.322,False,Tidak signifikan,0.869,-0.0682,-0.0774,Tidak signifikan,0.728,-0.3585,-0.1755,Tidak signifikan,0.649,-0.4161,-0.2008
18.07,Lampung Timur,Kabupaten,Lampung,18,Sumatera,12.15,1.59,0.32,132.17,74.54,13.0,8.46,11670.0,73.92,1.19,13.09,0.201,1087.82,105.59557014925373,-5.117100000000001,0.2409,-0.7071,1.5747,K2 · Menengah,1.55,False,Tidak signifikan,0.637,0.228,-0.2408,Tidak signifikan,0.634,-0.0086,-0.2441,Tidak signifikan,0.743,-0.152,-0.1673
18.08,Way Kanan,Kabupaten,Lampung,18,Sumatera,9.36,1.25,0.25,44.17,74.61,12.53,7.91,10831.0,71.98,1.14,13.35,0.2,471.9,104.51806973684211,-4.5664,0.3448,-1.1416,0.3839,K2 · Menengah,0.99,False,Tidak signifikan,0.958,-0.1751,-0.0272,Tidak signifikan,0.746,-0.2374,-0.1432,Tidak signifikan,0.665,-0.2942,-0.169
18.09,Pesawaran,Kabupaten,Lampung,18,Sumatera,10.93,1.33,0.22,51.09,74.3,12.64,8.01,9638.0,70.9,0.94,12.17,0.165,467.43,105.08413594367589,-5.456849999999999,0.5052,-0.8806,0.2621,K2 · Menengah,1.082,False,Tidak signifikan,0.714,0.0517,-0.1898,Tidak signifikan,0.648,-0.1835,-0.2158,Tidak signifikan,0.743,-0.3552,-0.1601
18.10,Pringsewu,Kabupaten,Lampung,18,Sumatera,7.6,0.58,0.1,31.66,74.92,13.09,8.72,11950.0,74.76,1.25,7.63,0.172,416.58,104.97341921296297,-5.36665,-0.5949,-1.1343,0.1661,K2 · Menengah,1.221,False,Tidak signifikan,0.929,-0.4294,-0.0528,Tidak signifikan,0.772,-0.6882,-0.1858,Tidak signifikan,0.702,-0.599,-0.2401
18.11,Mesuji,Kabupaten,Lampung,18,Sumatera,5.92,0.48,0.07,12.14,74.16,11.97,7.3,9843.0,69.4,1.18,8.11,0.146,205.07,105.37557160493827,-3.9752,0.4785,-1.9501,-1.0844,K2 · Menengah,1.858,False,Tidak signifikan,0.666,-0.6721,-0.2705,Tidak signifikan,0.399,-0.7555,-0.4527,Tidak signifikan,0.318,-0.6599,-0.4568
18.12,Tulang Bawang Barat,Kabupaten,Lampung,18,Sumatera,6.72,0.64,0.09,19.04,74.55,12.13,7.81,10032.0,70.61,0.81,9.52,0.141,283.33,105.13572622448979,-4.4325,0.0086,-1.2901,-0.826,K2 · Menengah,1.788,False,Tidak signifikan,0.853,-0.5565,-0.0819,Tidak signifikan,0.676,-0.6479,-0.1768,Tidak signifikan,0.65,-0.6193,-0.1791
18.13,Pesisir Barat,Kabupaten,Lampung,18,Sumatera,12.13,1.7,0.35,19.51,74.21,12.31,8.76,9879.0,71.72,0.96,14.01,0.206,160.84,104.18175041666666,-5.36215,0.5779,-0.3489,-0.4659,K2 · Menengah,0.712,False,Tidak signifikan,0.867,0.2251,0.0987,Tidak signifikan,0.986,0.0655,0.0099,Tidak signifikan,0.903,-0.0911,-0.0657
18.71,Kota Bandar Lampung,Kota,Lampung,18,Sumatera,6.95,1.14,0.27,80.19,75.21,14.74,11.11,14270.0,81.26,0.99,16.4,0.237,1153.81,105.26250294117648,-5.42155,-2.1981,0.7195,1.2145,K1 · Maju & ringan,1.678,False,Tidak signifikan,0.828,-0.5233,0.1327,Tidak signifikan,0.935,-0.3114,0.0554,Tidak signifikan,0.964,-0.2536,0.0308
18.72,Kota Metro,Kota,Lampung,18,Sumatera,6.44,0.55,0.07,11.58,75.86,14.97,11.19,13380.0,81.22,1.01,8.54,0.127,179.81,105.31557473958333,-5.11155,-2.5822,0.614,-0.5444,K1 · Maju & ringan,1.748,False,Tidak signifikan,0.96,-0.597,0.0431,Tidak signifikan,0.985,-0.7084,-0.0119,Tidak signifikan,0.939,-0.6599,-0.0504
19.01,Bangka,Kabupaten,Kepulauan Bangka Belitung,19,Sumatera,4.71,0.51,0.09,16.58,73.56,13.13,8.77,13411.0,75.38,0.96,10.83,0.176,352.02,105.93504999999999,-1.92565,-1.0418,-0.6683,-0.7075,K2 · Menengah,0.957,False,Tidak signifikan,0.107,-0.847,-0.8474,Tidak signifikan,0.178,-0.7353,-0.6725,Tidak signifikan,0.211,-0.6193,-0.5245
19.02,Belitung,Kabupaten,Kepulauan Bangka Belitung,19,Sumatera,6.44,0.63,0.11,12.76,73.13,12.1,9.11,14559.0,75.29,0.44,9.78,0.175,198.14,107.66633732709917,-2.8823,-1.1931,-0.0735,-1.2314,K2 · Menengah,2.647,False,Tidak signifikan,0.512,-0.597,-0.5609,Tidak signifikan,0.84,-0.6546,-0.1701,Tidak signifikan,0.9,-0.5787,-0.0911
19.03,Bangka Selatan,Kabupaten,Kepulauan Bangka Belitung,19,Sumatera,4.17,0.5,0.09,9.13,72.07,11.78,7.25,12920.0,70.83,1.17,11.99,0.18,218.94,106.29409720268542,-2.7781000000000002,0.2795,-1.7264,-1.3943,K2 · Menengah,1.878,False,Tidak signifikan,0.506,-0.925,-0.5594,Tidak signifikan,0.549,-0.7421,-0.4393,Tidak signifikan,0.686,-0.6193,-0.3146
19.04,Bangka Tengah,Kabupaten,Kepulauan Bangka Belitung,19,Sumatera,6.7,0.95,0.24,13.71,74.11,12.34,7.33,13768.0,73.1,0.77,14.18,0.253,204.63,106.10353815637512,-2.43255,-0.375,-0.7777,-0.751,K2 · Menengah,1.687,False,Tidak signifikan,0.079,-0.5594,-0.8831,Tidak signifikan,0.125,-0.4393,-0.7084,Tidak signifikan,0.162,-0.3146,-0.5922
19.05,Bangka Barat,Kabupaten,Kepulauan Bangka Belitung,19,Sumatera,2.92,0.22,0.04,6.51,72.35,11.95,7.8,13380.0,72.23,1.22,7.53,0.182,222.95,105.5499706521739,-1.8431,-0.2005,-1.6776,-1.6202,K2 · Menengah,2.037,False,Tidak signifikan,0.287,-1.1056,-0.847,Tidak signifikan,0.272,-0.9305,-0.7353,Tidak signifikan,0.308,-0.7209,-0.6193
19.06,Belitung Timur,Kabupaten,Kepulauan Bangka Belitung,19,Sumatera,6.69,1.35,0.35,9.04,74.12,11.78,9.03,12694.0,73.99,0.5,20.18,0.259,135.13,108.00318343465045,-2.9201,-0.5683,0.0683,-1.3307,K2 · Menengah,2.458,False,Tidak signifikan,0.487,-0.5609,-0.597,Tidak signifikan,0.361,-0.1701,-0.6546,Tidak signifikan,0.371,-0.0911,-0.5787
19.71,Kota Pangkal Pinang,Kota,Kepulauan Bangka Belitung,19,Sumatera,4.5,0.64,0.13,9.99,75.64,13.5,10.9,16856.0,81.64,0.91,14.22,0.203,222.0,106.10517777777778,-2.1104000000000003,-2.7214,0.3903,-0.5482,K1 · Maju & ringan,1.314,False,Tidak signifikan,0.27,-0.8773,-0.7032,Tidak signifikan,0.323,-0.6479,-0.5873,Tidak signifikan,0.385,-0.538,-0.4669
21.01,Bintan,Kabupaten,Kepulauan Riau,21,Sumatera,4.77,0.52,0.1,8.11,75.21,13.46,9.45,15303.0,78.65,0.89,10.9,0.192,170.02,104.57010568783068,1.0199,-2.013,-0.1227,-0.9143,K1 · Maju & ringan,1.197,False,Tidak signifikan,0.207,-0.8383,-0.8217,Tidak signifikan,0.233,-0.7286,-0.6647,Tidak signifikan,0.344,-0.599,-0.4974
21.02,Karimun,Kabupaten,Kepulauan Riau,21,Sumatera,5.16,0.49,0.09,12.56,75.05,12.63,9.06,13649.0,76.08,0.78,9.5,0.184,243.41,103.4273081628217,0.7689,-1.4003,-0.546,-0.8363,K2 · Menengah,1.394,False,Tidak signifikan,0.116,-0.7819,1.4359,Tidak signifikan,0.102,-0.7488,0.9739,Tidak signifikan,0.251,-0.6193,0.62
21.03,Natuna,Kabupaten,Kepulauan Riau,21,Sumatera,4.81,0.71,0.14,4.01,74.77,13.95,9.25,15683.0,78.94,0.43,14.76,0.197,83.37,108.19041239583333,3.9297500000000003,-2.371,0.7391,-1.6987,K1 · Maju & ringan,2.478,False,Tidak signifikan,0.36,-0.8325,-0.6086,Tidak signifikan,0.409,-0.6008,-0.4931,Tidak signifikan,0.433,-0.5177,-0.4161
21.04,Lingga,Kabupaten,Kepulauan Riau,21,Sumatera,9.12,0.93,0.15,8.24,74.04,12.77,7.87,13108.0,73.82,1.05,10.2,0.161,90.35,104.4149361208577,-0.51145,-0.282,-0.7546,-1.0262,K2 · Menengah,1.117,False,Tidak signifikan,0.519,-0.2098,-0.4503,Tidak signifikan,0.4,-0.4527,-0.4897,Tidak signifikan,0.439,-0.4974,-0.4263
21.05,Kepulauan Anambas,Kabupaten,Kepulauan Riau,21,Sumatera,6.35,1.02,0.26,2.86,74.05,13.07,7.79,13141.0,74.07,0.82,16.06,0.255,45.04,105.75995155391121,2.93935,-0.6127,-0.2529,-1.9257,K2 · Menengah,1.87,False,Tidak signifikan,0.303,-0.61,-0.8325,Tidak signifikan,0.432,-0.3921,-0.6008,Tidak signifikan,0.471,-0.2739,-0.5177
21.71,Kota Batam,Kota,Kepulauan Riau,21,Sumatera,3.81,0.76,0.24,68.04,75.54,13.57,11.34,19944.0,83.8,0.58,19.95,0.316,1785.83,104.03558869073748,1.08915,-3.4653,0.9245,1.1483,K1 · Maju & ringan,2.35,False,Tidak signifikan,0.248,-0.977,-0.7523,Tidak signifikan,0.189,-0.5671,-0.7454,Tidak signifikan,0.164,-0.3146,-0.6396
21.72,Kota Tanjung Pinang,Kota,Kepulauan Riau,21,Sumatera,5.96,0.47,0.06,13.47,75.27,14.19,10.8,16838.0,82.02,0.54,7.89,0.128,226.01,104.49557320261438,0.9157,-3.0987,0.9311,-0.5678,K1 · Maju & ringan,1.888,False,Tidak signifikan,0.165,-0.6663,-0.9076,Tidak signifikan,0.256,-0.7623,-0.6479,Tidak signifikan,0.392,-0.6803,-0.4568
31.01,Kepulauan Seribu,Kabupaten,DKI Jakarta,31,Jawa,12.37,1.95,0.43,3.35,75.24,12.97,9.27,14691.0,77.52,1.08,15.76,0.221,27.08,106.4946625,-5.7966999999999995,-0.6484,0.5431,-1.0966,K2 · Menengah,1.258,False,Tidak signifikan,0.307,0.2598,-0.6887,Tidak signifikan,0.339,0.2337,-0.5469,Tidak signifikan,0.427,0.0715,-0.4466
31.71,Kota Jakarta Pusat,Kota,DKI Jakarta,31,Jawa,4.7,0.6,0.11,43.06,76.91,13.5,11.62,19309.0,84.45,0.84,12.77,0.183,916.17,106.84294378531072,-6.1843,-3.5681,0.5233,1.0103,K1 · Maju & ringan,1.833,False,Rendah–Rendah,0.039,-0.8484,-0.8986,Tidak signifikan,0.116,-0.6748,-0.6495,Tidak signifikan,0.173,-0.5787,-0.5279
31.72,Kota Jakarta Utara,Kota,DKI Jakarta,31,Jawa,6.33,0.99,0.23,119.02,75.32,13.05,11.08,20584.0,83.12,1.21,15.64,0.232,1880.25,106.9005807215234,-6.13635,-2.6292,0.0598,2.0998,K1 · Maju & ringan,2.303,False,Tidak signifikan,0.051,-0.6129,-0.8533,Tidak signifikan,0.078,-0.4123,-0.6775,Tidak signifikan,0.121,-0.3349,-0.5502
31.73,Kota Jakarta Barat,Kota,DKI Jakarta,31,Jawa,3.91,0.68,0.16,106.39,76.23,13.47,11.25,22831.0,85.18,0.92,17.39,0.235,2720.97,106.75092789565218,-6.16085,-3.7736,0.4213,2.0501,K1 · Maju & ringan,2.492,False,Tidak signifikan,0.077,-0.9625,-0.7799,Tidak signifikan,0.147,-0.6209,-0.5833,Tidak signifikan,0.187,-0.4771,-0.4812
31.74,Kota Jakarta Selatan,Kota,DKI Jakarta,31,Jawa,3.23,0.51,0.1,75.66,76.55,14.28,12.06,26387.0,88.51,1.07,15.79,0.196,2342.41,106.80468009519551,-6.281750000000001,-4.8504,0.8339,2.1519,K1 · Maju & ringan,2.99,False,Rendah–Rendah,0.018,-1.0608,-0.9871,Tidak signifikan,0.055,-0.7353,-0.7522,Tidak signifikan,0.082,-0.599,-0.6092
31.75,Kota Jakarta Timur,Kota,DKI Jakarta,31,Jawa,3.94,0.37,0.05,117.4,75.93,14.32,12.01,19824.0,85.51,0.88,9.39,0.135,2979.7,106.8811482142857,-6.2638,-3.9035,0.6333,1.7844,K1 · Maju & ringan,2.369,False,Rendah–Rendah,0.028,-0.9582,-0.9281,Tidak signifikan,0.06,-0.8296,-0.7017,Tidak signifikan,0.107,-0.7006,-0.5719
32.01,Bogor,Kabupaten,Jawa Barat,32,Jawa,6.26,1.04,0.23,401.86,75.23,12.76,8.72,11933.0,74.53,1.22,16.61,0.221,6419.49,106.7981392361111,-6.5448,-0.3796,-1.4027,2.4746,K2 · Menengah,2.516,False,Rendah–Rendah,0.028,-0.623,-0.6797,Rendah–Rendah,0.048,-0.3787,-0.55,Tidak signifikan,0.089,-0.3349,-0.4291
32.02,Sukabumi,Kabupaten,Jawa Barat,32,Jawa,6.41,1.04,0.28,164.63,75.12,12.4,7.63,10244.0,71.13,1.35,16.22,0.269,2568.33,106.73517573004543,-7.07505,0.4874,-1.9183,1.6189,K2 · Menengah,2.172,False,Tidak signifikan,0.395,-0.6013,-0.4074,Tidak signifikan,0.42,-0.3787,-0.3585,Tidak signifikan,0.583,-0.2333,-0.2688
32.03,Cianjur,Kabupaten,Jawa Barat,32,Jawa,9.82,1.39,0.38,232.61,75.05,12.31,7.62,9173.0,69.84,1.38,14.15,0.273,2368.74,107.06923981996727,-7.0535499999999995,1.0982,-1.7829,1.9687,K2 · Menengah,2.369,False,Tidak signifikan,0.281,-0.1086,-0.4236,Tidak signifikan,0.372,-0.1432,-0.3428,Tidak signifikan,0.439,-0.0301,-0.2909
32.04,Bandung,Kabupaten,Jawa Barat,32,Jawa,6.04,0.82,0.18,236.06,75.7,12.99,9.4,11619.0,75.58,1.33,13.58,0.22,3908.28,107.63471133333333,-7.06165,-0.7036,-1.3302,2.0687,K2 · Menengah,2.313,False,Tidak signifikan,0.293,-0.6548,-0.3902,Tidak signifikan,0.37,-0.5267,-0.3172,Tidak signifikan,0.487,-0.4365,-0.2478
32.05,Garut,Kabupaten,Jawa Barat,32,Jawa,9.39,1.38,0.34,252.56,75.14,12.43,7.86,9479.0,70.67,1.09,14.7,0.246,2689.67,107.70331675257731,-7.34445,0.6541,-1.3893,1.8803,K2 · Menengah,2.144,False,Tidak signifikan,0.586,-0.1708,-0.2697,Tidak signifikan,0.707,-0.1499,-0.197,Tidak signifikan,0.761,-0.1114,-0.1469
32.06,Tasikmalaya,Kabupaten,Jawa Barat,32,Jawa,10.15,1.54,0.38,185.99,74.37,12.92,7.98,9258.0,70.76,1.11,15.17,0.247,1832.41,108.0684047455689,-7.4273,0.7585,-1.0308,1.5607,K2 · Menengah,1.692,False,Tidak signifikan,0.638,-0.061,-0.2134,Tidak signifikan,0.561,-0.0422,-0.2374,Tidak signifikan,0.512,-0.0301,-0.2536
32.07,Ciamis,Kabupaten,Jawa Barat,32,Jawa,7.19,0.71,0.11,88.72,75.69,14.31,8.23,10406.0,74.33,0.94,9.87,0.155,1233.94,108.40647778313253,-7.3144,-0.8623,-0.7737,0.9347,K2 · Menengah,1.146,False,Tidak signifikan,0.64,-0.4886,-0.1815,Tidak signifikan,0.599,-0.6008,-0.2095,Tidak signifikan,0.498,-0.5787,-0.242
32.08,Kuningan,Kabupaten,Jawa Barat,32,Jawa,10.74,1.38,0.26,119.67,75.64,12.52,7.91,10707.0,72.31,1.05,12.85,0.188,1114.25,108.55318059404364,-6.985,0.2608,-1.1461,1.3862,K2 · Menengah,1.675,False,Tidak signifikan,0.941,0.0243,-0.0454,Tidak signifikan,0.851,-0.1499,-0.1028,Tidak signifikan,0.741,-0.2739,-0.1398
32.09,Cirebon,Kabupaten,Jawa Barat,32,Jawa,10.23,1.79,0.47,229.64,75.39,12.67,7.88,11769.0,73.27,1.34,17.5,0.263,2244.77,108.45656215135357,-6.76115,0.5041,-1.1524,2.3226,K2 · Menengah,2.346,False,Tidak signifikan,0.912,-0.0494,0.0584,Tidak signifikan,0.908,0.126,-0.0584,Tidak signifikan,0.791,0.1527,-0.1195
32.10,Majalengka,Kabupaten,Jawa Barat,32,Jawa,10.31,1.16,0.24,128.67,75.32,12.5,7.81,11094.0,72.37,1.4,11.25,0.207,1248.01,108.27669333333333,-6.80545,0.4537,-1.6549,1.6176,K2 · Menengah,2.092,False,Tidak signifikan,0.769,-0.0378,-0.1274,Tidak signifikan,0.807,-0.2979,-0.0904,Tidak signifikan,0.826,-0.3146,-0.0945
32.11,Sumedang,Kabupaten,Jawa Barat,32,Jawa,8.81,1.49,0.35,105.82,75.7,13.21,8.92,11963.0,75.5,1.25,16.91,0.235,1201.14,107.98254178125,-6.80885,-0.3644,-0.6977,1.5542,K2 · Menengah,1.643,False,Tidak signifikan,0.652,-0.2546,-0.165,Tidak signifikan,0.68,-0.0759,-0.1624,Tidak signifikan,0.723,-0.0911,-0.1288
32.12,Indramayu,Kabupaten,Jawa Barat,32,Jawa,11.02,1.9,0.52,196.78,75.16,12.58,7.06,11316.0,71.58,1.22,17.24,0.274,1785.66,108.17614897601035,-6.44105,0.9029,-1.1761,2.0912,K2 · Menengah,2.162,False,Tidak signifikan,0.809,0.0647,-0.1339,Tidak signifikan,0.864,0.2001,-0.0927,Tidak signifikan,0.885,0.2543,-0.0809
32.13,Subang,Kabupaten,Jawa Barat,32,Jawa,9.23,1.42,0.36,148.99,75.41,12.38,7.68,12144.0,73.0,1.32,15.38,0.254,1614.19,107.73484345238094,-6.4976,0.3469,-1.4518,1.85,K2 · Menengah,2.064,False,Tidak signifikan,0.475,-0.1939,-0.3068,Tidak signifikan,0.628,-0.123,-0.225,Tidak signifikan,0.653,-0.0708,-0.1859
32.14,Purwakarta,Kabupaten,Jawa Barat,32,Jawa,7.87,0.97,0.18,76.51,75.28,12.51,8.37,13400.0,74.97,1.32,12.33,0.186,972.17,107.40308781772575,-6.59115,-0.4004,-1.3739,1.2078,K2 · Menengah,1.658,False,Tidak signifikan,0.498,-0.3904,-0.3063,Tidak signifikan,0.597,-0.4258,-0.2333,Tidak signifikan,0.706,-0.4365,-0.1683
32.15,Karawang,Kabupaten,Jawa Barat,32,Jawa,7.08,1.12,0.29,169.8,75.57,12.22,8.31,13251.0,74.59,1.04,15.82,0.259,2398.31,107.42826013157895,-6.26535,-0.4407,-1.1919,1.7881,K2 · Menengah,2.033,False,Tidak signifikan,0.282,-0.5045,-0.5262,Tidak signifikan,0.353,-0.3248,-0.4275,Tidak signifikan,0.403,-0.213,-0.3654
32.16,Bekasi,Kabupaten,Jawa Barat,32,Jawa,4.36,0.44,0.09,191.0,75.71,13.22,10.07,13004.0,77.8,1.3,10.09,0.205,4380.73,107.16381657894736,-6.2056000000000004,-1.4777,-1.1614,1.8789,K2 · Menengah,2.23,False,Tidak signifikan,0.1,-0.8975,-0.7308,Tidak signifikan,0.177,-0.7825,-0.5362,Tidak signifikan,0.234,-0.6193,-0.4446
32.17,Bandung Barat,Kabupaten,Jawa Barat,32,Jawa,9.87,1.31,0.3,169.66,75.44,12.26,8.34,9862.0,71.65,1.24,13.27,0.229,1718.95,107.41306375,-6.898350000000001,0.5221,-1.4419,1.6716,K2 · Menengah,1.92,False,Tidak signifikan,0.152,-0.1014,-0.5006,Tidak signifikan,0.252,-0.197,-0.4037,Tidak signifikan,0.339,-0.1927,-0.3291
32.18,Pangandaran,Kabupaten,Jawa Barat,32,Jawa,8.03,0.87,0.13,33.09,75.45,12.41,8.11,9995.0,71.66,0.89,10.83,0.149,412.08,108.55647826923077,-7.6414,-0.0951,-1.1664,-0.0969,K2 · Menengah,1.317,False,Tidak signifikan,0.699,-0.3673,-0.2392,Tidak signifikan,0.67,-0.4931,-0.262,Tidak signifikan,0.635,-0.538,-0.2604
32.71,Kota Bogor,Kota,Jawa Barat,32,Jawa,5.89,0.7,0.13,67.16,76.25,13.69,10.72,13571.0,79.75,0.91,11.88,0.186,1140.24,106.8006696095173,-6.599550000000001,-2.1491,-0.0214,0.932,K1 · Maju & ringan,1.245,False,Tidak signifikan,0.484,-0.6765,-0.623,Tidak signifikan,0.636,-0.6075,-0.3787,Tidak signifikan,0.669,-0.538,-0.3349
32.72,Kota Sukabumi,Kota,Jawa Barat,32,Jawa,6.9,0.84,0.17,23.17,75.45,13.63,10.39,12692.0,78.23,0.7,12.17,0.202,335.8,106.93127236111111,-6.93525,-1.8109,0.3598,-0.2635,K1 · Maju & ringan,1.107,False,Tidak signifikan,0.484,-0.5305,-0.6013,Tidak signifikan,0.654,-0.5133,-0.3787,Tidak signifikan,0.741,-0.4568,-0.2333
32.73,Kota Bandung,Kota,Jawa Barat,32,Jawa,3.78,0.59,0.14,99.12,76.3,14.27,11.41,19280.0,84.66,1.09,15.61,0.237,2622.22,107.63039565217392,-6.9048,-3.453,0.3239,1.8426,K1 · Maju & ringan,2.359,False,Tidak signifikan,0.302,-0.9813,-0.5589,Tidak signifikan,0.297,-0.6815,-0.5245,Tidak signifikan,0.297,-0.5177,-0.45
32.74,Kota Cirebon,Kota,Jawa Barat,32,Jawa,8.66,0.94,0.16,28.12,75.97,13.45,10.54,13341.0,78.99,1.15,10.85,0.17,324.71,108.55581846323936,-6.7447,-1.5598,-0.0973,0.3477,K1 · Maju & ringan,1.141,False,Tidak signifikan,0.934,-0.2762,-0.0494,Tidak signifikan,0.859,-0.446,0.126,Tidak signifikan,0.819,-0.4771,0.1527
32.75,Kota Bekasi,Kota,Jawa Barat,32,Jawa,3.96,0.51,0.08,129.54,76.61,14.15,12.11,17216.0,84.43,1.05,12.88,0.157,3271.21,106.96154103975972,-6.28475,-3.4135,0.2986,1.8806,K1 · Maju & ringan,2.351,False,Tidak signifikan,0.056,-0.9553,-0.9181,Tidak signifikan,0.086,-0.7353,-0.7152,Tidak signifikan,0.149,-0.6396,-0.5787
32.76,Kota Depok,Kota,Jawa Barat,32,Jawa,2.31,0.31,0.07,63.45,76.3,14.21,11.83,17279.0,84.04,1.19,13.42,0.226,2746.75,106.8155206284153,-6.3891,-3.3657,0.0685,1.2522,K1 · Maju & ringan,2.256,False,Rendah–Rendah,0.034,-1.1937,-0.9559,Tidak signifikan,0.067,-0.8699,-0.7165,Tidak signifikan,0.098,-0.6599,-0.599
32.77,Kota Cimahi,Kota,Jawa Barat,32,Jawa,4.2,0.34,0.04,25.97,76.0,13.86,11.53,13697.0,80.85,0.68,8.1,0.118,618.33,107.54467255880257,-6.8806,-2.8331,0.442,-0.175,K1 · Maju & ringan,1.361,False,Tidak signifikan,0.272,-0.9206,-0.5792,Tidak signifikan,0.38,-0.8498,-0.4684,Tidak signifikan,0.438,-0.7209,-0.3823
32.78,Kota Tasikmalaya,Kota,Jawa Barat,32,Jawa,10.84,1.89,0.45,75.22,75.66,13.51,9.64,11849.0,76.59,0.74,17.44,0.238,693.91,108.22449086781273,-7.35895,-0.7537,0.5403,1.0414,K2 · Menengah,1.456,False,Tidak signifikan,0.689,0.0387,-0.2748,Tidak signifikan,0.615,0.1933,-0.3215,Tidak signifikan,0.618,0.1121,-0.3044
32.79,Kota Banjar,Kota,Jawa Barat,32,Jawa,5.73,0.81,0.16,10.97,75.35,13.29,8.84,12222.0,75.54,0.71,14.14,0.198,191.45,108.55410143513203,-7.38585,-1.2508,-0.2081,-0.9552,K2 · Menengah,1.394,False,Tidak signifikan,0.66,-0.6996,-0.3283,Tidak signifikan,0.548,-0.5335,-0.372,Tidak signifikan,0.484,-0.4771,-0.3755
33.01,Cilacap,Kabupaten,Jawa Tengah,33,Jawa,9.41,1.39,0.31,164.22,75.3,12.7,7.65,12371.0,73.45,1.24,14.77,0.223,1745.16,108.815534,-7.4456500000000005,0.152,-1.3057,1.891,K2 · Menengah,2.011,False,Tidak signifikan,0.858,-0.1679,-0.0709,Tidak signifikan,0.702,-0.1432,-0.1441,Tidak signifikan,0.535,-0.1723,-0.2246
33.02,Banyumas,Kabupaten,Jawa Tengah,33,Jawa,11.15,1.8,0.43,194.87,74.79,13.53,8.1,13301.0,75.44,1.23,16.14,0.239,1747.71,109.11607741935484,-7.455,-0.0452,-0.5207,2.2049,K2 · Menengah,2.071,False,Tidak signifikan,0.652,0.0835,0.1743,Tidak signifikan,0.855,0.1328,0.078,Tidak signifikan,0.924,0.0715,-0.0417
33.03,Purbalingga,Kabupaten,Jawa Tengah,33,Jawa,12.55,1.57,0.3,121.8,74.48,12.11,7.37,11949.0,71.71,1.04,12.51,0.191,970.52,109.40007131551738,-7.3245000000000005,0.6886,-1.1406,1.3896,K2 · Menengah,1.827,False,Tidak signifikan,0.805,0.2858,0.1269,Tidak signifikan,0.876,-0.022,0.0907,Tidak signifikan,0.992,-0.1927,0.0054
33.04,Banjarnegara,Kabupaten,Jawa Tengah,33,Jawa,13.28,1.8,0.37,124.66,74.86,12.04,7.1,10992.0,70.61,1.42,13.55,0.206,938.7,109.65830440689655,-7.35495,1.3099,-1.6029,1.6861,K2 · Menengah,2.118,False,Tidak signifikan,0.862,0.3913,0.0729,Tidak signifikan,0.991,0.1328,0.0038,Tidak signifikan,0.834,-0.0504,-0.0877
33.05,Kebumen,Kabupaten,Jawa Tengah,33,Jawa,13.58,1.95,0.4,162.54,75.56,13.42,7.89,10658.0,73.17,0.95,14.36,0.205,1196.91,109.61295326086957,-7.63885,0.3219,-0.3679,1.8,K2 · Menengah,1.824,False,Tidak signifikan,0.818,0.4346,0.1266,Tidak signifikan,0.839,0.2337,0.1031,Tidak signifikan,0.991,0.0105,0.0065
33.06,Purworejo,Kabupaten,Jawa Tengah,33,Jawa,10.06,1.54,0.34,72.18,76.06,13.58,8.74,12085.0,75.93,1.02,15.31,0.221,717.5,109.96582699026979,-7.7042,-0.6183,-0.2596,1.1902,K2 · Menengah,1.135,False,Tidak signifikan,0.542,-0.074,0.3273,Tidak signifikan,0.832,-0.0422,0.1075,Tidak signifikan,0.906,-0.1114,-0.0657
33.07,Wonosobo,Kabupaten,Jawa Tengah,33,Jawa,13.34,2.25,0.54,106.29,74.56,12.05,6.91,12552.0,71.5,1.23,16.87,0.24,796.78,109.92114166666667,-7.3994,1.2104,-1.005,1.6361,K2 · Menengah,1.786,False,Tidak signifikan,0.868,0.4,-0.0663,Tidak signifikan,0.684,0.4356,-0.1566,Tidak signifikan,0.556,0.295,-0.2217
33.08,Magelang,Kabupaten,Jawa Tengah,33,Jawa,9.9,1.04,0.17,132.21,74.93,12.83,8.04,11343.0,73.09,1.37,10.51,0.163,1335.45,110.2199597826087,-7.514900000000001,0.1934,-1.5274,1.5557,K2 · Menengah,1.994,False,Tidak signifikan,0.592,-0.0971,-0.1772,Tidak signifikan,0.499,-0.3787,-0.2299,Tidak signifikan,0.442,-0.4568,-0.2491
33.09,Boyolali,Kabupaten,Jawa Tengah,33,Jawa,8.71,1.25,0.31,86.97,76.76,12.9,8.41,14594.0,76.95,1.3,14.35,0.248,998.51,110.70514829545455,-7.3824,-0.8188,-0.9835,1.748,K2 · Menengah,1.889,False,Tidak signifikan,0.422,-0.269,-0.2631,Tidak signifikan,0.471,-0.2374,-0.2389,Tidak signifikan,0.561,-0.1723,-0.2085
33.10,Klaten,Kabupaten,Jawa Tengah,33,Jawa,11.0,1.63,0.38,129.68,77.69,13.44,9.3,13948.0,78.68,0.67,14.82,0.233,1178.91,110.62736420567583,-7.6683,-1.497,0.3161,1.9147,K1 · Maju & ringan,2.403,False,Tidak signifikan,0.689,0.0619,-0.1895,Tidak signifikan,0.487,0.0184,-0.3168,Tidak signifikan,0.415,-0.0301,-0.3389
33.11,Sukoharjo,Kabupaten,Jawa Tengah,33,Jawa,6.83,0.62,0.1,62.66,78.21,14.03,10.02,13238.0,79.9,0.76,9.08,0.161,917.42,110.86569249803614,-7.6818,-2.4448,-0.056,1.074,K1 · Maju & ringan,1.578,False,Tidak signifikan,0.847,-0.5406,-0.0918,Tidak signifikan,0.804,-0.6613,-0.1275,Tidak signifikan,0.727,-0.599,-0.1419
33.12,Wonogiri,Kabupaten,Jawa Tengah,33,Jawa,9.59,1.39,0.28,91.9,77.3,12.76,7.85,10938.0,73.42,1.21,14.49,0.201,958.29,110.95228102678571,-7.95805,-0.0707,-1.3105,1.5242,K2 · Menengah,1.739,False,Tidak signifikan,0.847,-0.1419,-0.0723,Tidak signifikan,0.547,-0.1432,-0.2654,Tidak signifikan,0.403,-0.2333,-0.3179
33.13,Karanganyar,Kabupaten,Jawa Tengah,33,Jawa,8.48,0.91,0.17,77.66,78.21,13.74,9.27,13244.0,78.67,0.72,10.73,0.187,915.8,111.06979619565217,-7.6221,-1.9644,-0.147,1.3251,K1 · Maju & ringan,1.852,False,Tidak signifikan,0.714,-0.3022,-0.1487,Tidak signifikan,0.608,-0.4662,-0.1999,Tidak signifikan,0.597,-0.4568,-0.2043
33.14,Sragen,Kabupaten,Jawa Tengah,33,Jawa,11.22,2.18,0.6,100.08,76.48,13.21,7.89,14461.0,76.38,1.13,19.43,0.275,891.98,110.95257072732177,-7.3941,-0.2775,-0.2083,1.9969,K2 · Menengah,1.825,False,Tidak signifikan,0.955,0.0936,-0.0306,Tidak signifikan,0.841,0.3885,-0.123,Tidak signifikan,0.692,0.4169,-0.1876
33.15,Grobogan,Kabupaten,Jawa Tengah,33,Jawa,10.63,1.87,0.47,148.1,75.57,12.58,7.51,11991.0,72.94,1.28,17.59,0.251,1393.23,110.90110294424179,-7.1071,0.5528,-1.1143,1.9624,K2 · Menengah,2.011,False,Tidak signifikan,0.656,0.0084,-0.1525,Tidak signifikan,0.663,0.1799,-0.1684,Tidak signifikan,0.592,0.1527,-0.18
33.16,Blora,Kabupaten,Jawa Tengah,33,Jawa,10.58,1.27,0.27,92.01,75.23,12.83,7.45,11240.0,72.35,1.3,12.0,0.213,869.66,111.42012734196497,-7.112299999999999,0.4225,-1.4001,1.3143,K2 · Menengah,1.692,False,Tidak signifikan,0.657,0.0012,0.1851,Tidak signifikan,0.637,-0.2239,0.1956,Tidak signifikan,0.768,-0.2536,0.1223
33.17,Rembang,Kabupaten,Jawa Tengah,33,Jawa,13.01,3.35,1.07,85.32,75.29,12.5,7.89,12189.0,73.4,1.2,25.75,0.319,655.8,111.45689118722979,-6.76715,1.2522,0.2744,1.8194,K2 · Menengah,1.75,False,Tidak signifikan,0.927,0.3523,0.0594,Tidak signifikan,0.834,1.1758,-0.114,Tidak signifikan,0.745,1.3718,-0.1723
33.18,Pati,Kabupaten,Jawa Tengah,33,Jawa,8.24,1.14,0.24,105.27,76.83,13.08,8.09,12186.0,74.98,1.19,13.83,0.211,1277.55,111.08681288461538,-6.7049,-0.5491,-1.1871,1.6186,K2 · Menengah,1.771,False,Tidak signifikan,0.714,-0.3369,-0.1809,Tidak signifikan,0.951,-0.3114,-0.0301,Tidak signifikan,0.927,-0.3146,0.0349
33.19,Kudus,Kabupaten,Jawa Tengah,33,Jawa,6.59,0.77,0.15,60.37,77.21,13.49,9.51,12842.0,77.94,0.95,11.68,0.195,916.08,110.86741941885188,-6.79865,-1.6939,-0.4992,0.9857,K2 · Menengah,1.235,False,Tidak signifikan,0.643,-0.5753,-0.2441,Tidak signifikan,0.702,-0.5604,-0.2054,Tidak signifikan,0.706,-0.4974,-0.1825
33.20,Jepara,Kabupaten,Jawa Tengah,33,Jawa,5.79,0.53,0.1,77.67,76.49,12.87,8.28,12242.0,74.9,0.78,9.15,0.189,1341.45,110.78187231543625,-6.60375,-1.1596,-1.0719,0.8657,K2 · Menengah,1.851,False,Tidak signifikan,0.612,-0.6909,-0.2897,Tidak signifikan,0.601,-0.7219,-0.28,Tidak signifikan,0.618,-0.599,-0.2604
33.21,Demak,Kabupaten,Jawa Tengah,33,Jawa,10.87,1.65,0.41,131.47,76.08,13.37,8.29,12014.0,75.08,0.68,15.18,0.248,1209.48,110.65537048611111,-6.92895,-0.5328,-0.039,1.5493,K2 · Menengah,2.179,False,Tidak signifikan,0.168,0.0431,-0.5707,Tidak signifikan,0.238,0.0318,-0.4742,Tidak signifikan,0.29,0.0308,-0.404
33.22,Semarang,Kabupaten,Jawa Tengah,33,Jawa,6.3,0.91,0.21,70.29,76.45,13.23,8.17,13923.0,76.4,0.96,14.44,0.231,1115.71,110.4656843537415,-7.2875,-1.2089,-0.8341,1.1474,K2 · Menengah,1.46,False,Tidak signifikan,0.325,-0.6172,-0.3664,Tidak signifikan,0.353,-0.4662,-0.324,Tidak signifikan,0.367,-0.3755,-0.2993
33.23,Temanggung,Kabupaten,Jawa Tengah,33,Jawa,7.78,0.67,0.1,62.05,76.16,12.63,7.61,10995.0,72.52,0.92,8.61,0.149,797.56,110.12012635135135,-7.2372499999999995,-0.3689,-1.4301,0.6491,K2 · Menengah,1.636,False,Tidak signifikan,0.778,-0.4034,-0.157,Tidak signifikan,0.807,-0.6277,-0.1246,Tidak signifikan,0.745,-0.599,-0.1571
33.24,Kendal,Kabupaten,Jawa Tengah,33,Jawa,8.4,1.47,0.35,83.73,74.96,13.01,7.97,13721.0,75.07,0.98,17.5,0.238,996.79,110.13742610294116,-7.021750000000001,-0.4305,-0.5838,1.2178,K2 · Menengah,1.367,False,Tidak signifikan,0.361,-0.3138,-0.4002,Tidak signifikan,0.399,-0.0893,-0.3572,Tidak signifikan,0.417,-0.0911,-0.3267
33.25,Batang,Kabupaten,Jawa Tengah,33,Jawa,7.79,1.12,0.27,61.75,75.35,12.18,7.35,11424.0,71.7,1.37,14.38,0.241,792.68,109.87143458904109,-7.0291,0.4533,-1.817,0.9352,K2 · Menengah,1.769,False,Tidak signifikan,0.825,-0.4019,-0.1055,Tidak signifikan,0.864,-0.3248,-0.0759,Tidak signifikan,0.811,-0.2536,-0.1114
33.26,Pekalongan,Kabupaten,Jawa Tengah,33,Jawa,8.05,0.96,0.17,73.8,74.59,12.63,7.5,12185.0,72.71,1.06,11.93,0.177,916.77,109.62048602150537,-7.0424500000000005,-0.0383,-1.3386,0.8258,K2 · Menengah,1.408,False,Tidak signifikan,0.989,-0.3644,0.0064,Tidak signifikan,0.969,-0.4325,-0.022,Tidak signifikan,0.899,-0.4568,-0.0586
33.27,Pemalang,Kabupaten,Jawa Tengah,33,Jawa,13.32,2.39,0.62,173.38,74.55,12.03,6.69,10521.0,69.47,1.19,17.94,0.259,1301.65,109.39126666666667,-7.0122,1.7121,-1.1186,1.9072,K2 · Menengah,2.147,False,Tidak signifikan,0.775,0.3971,-0.1581,Tidak signifikan,0.649,0.5298,-0.2273,Tidak signifikan,0.522,0.4575,-0.2841
33.28,Tegal,Kabupaten,Jawa Tengah,33,Jawa,6.16,0.73,0.12,88.7,74.62,12.97,7.37,11498.0,72.36,0.92,11.85,0.164,1439.94,109.14815967741936,-7.045999999999999,-0.2728,-1.362,0.785,K2 · Menengah,1.63,False,Tidak signifikan,0.82,-0.6375,0.1305,Tidak signifikan,0.655,-0.5873,0.2354,Tidak signifikan,0.758,-0.5584,0.1629
33.29,Brebes,Kabupaten,Jawa Tengah,33,Jawa,14.15,2.2,0.5,257.29,74.4,12.66,6.61,11853.0,71.18,1.42,15.55,0.227,1818.3,108.88806589147288,-7.0546,1.4307,-1.2969,2.4883,K2 · Menengah,2.589,False,Tidak signifikan,0.636,0.517,-0.2038,Tidak signifikan,0.776,0.4019,-0.1241,Tidak signifikan,0.722,0.2137,-0.1452
33.71,Kota Magelang,Kota,Jawa Tengah,33,Jawa,5.68,0.53,0.09,6.93,78.03,14.84,11.44,14023.0,82.92,0.94,9.33,0.17,122.01,110.21904978320153,-7.46865,-3.2157,0.7217,-0.6391,K1 · Maju & ringan,1.866,False,Tidak signifikan,0.887,-0.7068,-0.0971,Tidak signifikan,0.663,-0.7219,-0.3787,Tidak signifikan,0.53,-0.6193,-0.4568
33.72,Kota Surakarta,Kota,Jawa Tengah,33,Jawa,7.69,1.31,0.39,40.08,78.18,15.08,11.26,16883.0,84.92,0.6,17.04,0.298,521.2,110.82262056451613,-7.55655,-3.4663,1.6418,1.125,K1 · Maju & ringan,2.305,False,Tidak signifikan,0.564,-0.4164,-0.3706,Tidak signifikan,0.399,-0.197,-0.455,Tidak signifikan,0.408,-0.0098,-0.4094
33.73,Kota Salatiga,Kota,Jawa Tengah,33,Jawa,4.2,0.61,0.12,8.66,78.75,15.47,11.49,17523.0,86.23,0.59,14.52,0.197,206.19,110.49945854597976,-7.334,-4.4249,1.4831,-0.2528,K1 · Maju & ringan,2.24,False,Tidak signifikan,0.462,-0.9206,-0.6172,Tidak signifikan,0.553,-0.6681,-0.4662,Tidak signifikan,0.613,-0.5584,-0.3755
33.74,Kota Semarang,Kota,Jawa Tengah,33,Jawa,3.8,0.41,0.05,74.36,78.72,15.58,11.11,17402.0,85.8,0.66,10.79,0.122,1956.84,110.38434091847265,-7.026300000000001,-4.3259,0.8682,1.5586,K1 · Maju & ringan,2.453,False,Tidak signifikan,0.641,-0.9784,-0.296,Tidak signifikan,0.784,-0.8026,-0.1746,Tidak signifikan,0.787,-0.7006,-0.1452
33.75,Kota Pekalongan,Kota,Jawa Tengah,33,Jawa,6.14,0.97,0.27,19.49,75.1,12.98,9.35,14988.0,77.76,0.71,15.8,0.278,317.43,109.67653342972817,-6.89235,-1.5887,0.1035,-0.2393,K1 · Maju & ringan,1.3,False,Tidak signifikan,0.564,-0.6403,-0.3832,Tidak signifikan,0.552,-0.4258,-0.3787,Tidak signifikan,0.5,-0.2536,-0.3552
33.76,Kota Tegal,Kota,Jawa Tengah,33,Jawa,7.28,1.42,0.35,18.27,75.3,13.26,9.29,14801.0,77.95,0.58,19.51,0.246,250.96,109.11532608695651,-6.86825,-1.543,0.5707,-0.2422,K1 · Maju & ringan,1.689,False,Tidak signifikan,0.937,-0.4756,-0.0602,Tidak signifikan,0.889,-0.123,-0.0927,Tidak signifikan,0.827,-0.0911,-0.1723
34.01,Kulon Progo,Kabupaten,Daerah Istimewa Yogyakarta,34,Jawa,14.53,1.81,0.34,67.25,75.71,14.55,9.33,11499.0,76.97,1.04,12.46,0.188,462.84,110.14821168782271,-7.81365,-0.5964,0.4583,1.1975,K2 · Menengah,1.247,False,Tidak signifikan,0.786,0.5719,-0.1473,Tidak signifikan,0.561,0.1395,-0.3013,Tidak signifikan,0.436,-0.1114,-0.34
34.02,Bantul,Kabupaten,Daerah Istimewa Yogyakarta,34,Jawa,11.54,1.28,0.26,127.25,75.04,15.91,10.11,17240.0,83.03,1.19,11.09,0.203,1102.69,110.38504705794504,-7.89945,-2.2919,0.9021,2.1609,K1 · Maju & ringan,2.683,False,Tidak signifikan,0.947,0.1399,-0.0274,Tidak signifikan,0.683,-0.2172,-0.2088,Tidak signifikan,0.519,-0.2739,-0.3044
34.03,Gunung Kidul,Kabupaten,Daerah Istimewa Yogyakarta,34,Jawa,14.15,1.99,0.42,113.48,75.12,13.56,7.64,11006.0,73.13,1.37,14.06,0.211,801.98,110.55750242857142,-7.99285,0.7153,-0.7267,1.7492,K2 · Menengah,1.934,False,Tidak signifikan,0.656,0.517,-0.2078,Tidak signifikan,0.484,0.2606,-0.3141,Tidak signifikan,0.426,0.0511,-0.3308
34.04,Sleman,Kabupaten,Daerah Istimewa Yogyakarta,34,Jawa,6.71,0.76,0.14,89.28,75.81,16.8,11.42,18231.0,86.35,0.75,11.33,0.184,1330.55,110.37975295115763,-7.6953,-4.0169,1.7103,1.5977,K1 · Maju & ringan,2.646,False,Tidak signifikan,0.923,-0.558,0.0406,Tidak signifikan,0.686,-0.5671,-0.1547,Tidak signifikan,0.535,-0.5177,-0.2333
34.71,Kota Yogyakarta,Kota,Daerah Istimewa Yogyakarta,34,Jawa,6.14,0.61,0.08,28.58,76.05,17.67,12.13,21104.0,89.53,0.48,9.93,0.131,465.47,110.37393619878185,-7.8047,-5.301,2.7036,0.6925,K1 · Maju & ringan,3.182,False,Tidak signifikan,0.79,-0.6403,-0.2091,Tidak signifikan,0.542,-0.6681,-0.3921,Tidak signifikan,0.491,-0.6396,-0.3958
35.01,Pacitan,Kabupaten,Jawa Timur,35,Jawa,12.97,1.77,0.36,72.47,74.98,12.7,7.91,10756.0,72.26,1.08,13.65,0.203,558.75,111.14532921686747,-8.0973,0.5949,-0.7144,1.0045,K2 · Menengah,1.153,False,Tidak signifikan,0.813,0.3465,-0.1433,Tidak signifikan,0.657,0.1126,-0.2486,Tidak signifikan,0.575,-0.0708,-0.301
35.02,Ponorogo,Kabupaten,Jawa Timur,35,Jawa,8.86,1.22,0.26,77.93,75.61,13.93,7.95,11561.0,74.65,1.29,13.77,0.213,879.57,111.50022401960784,-7.9718,-0.3116,-0.9281,1.2613,K2 · Menengah,1.619,False,Tidak signifikan,0.771,-0.2473,-0.1154,Tidak signifikan,0.495,-0.2576,-0.2547,Tidak signifikan,0.342,-0.2739,-0.3262
35.03,Trenggalek,Kabupaten,Jawa Timur,35,Jawa,10.29,1.09,0.2,72.35,75.63,12.78,8.09,11322.0,73.39,1.27,10.59,0.183,703.11,111.65459622910335,-8.130949999999999,0.0343,-1.2986,1.0859,K2 · Menengah,1.495,False,Tidak signifikan,0.731,-0.0407,-0.1891,Tidak signifikan,0.569,-0.345,-0.3136,Tidak signifikan,0.461,-0.3958,-0.3552
35.04,Tulungagung,Kabupaten,Jawa Timur,35,Jawa,5.96,0.42,0.04,63.17,75.51,13.5,8.69,12505.0,75.88,1.0,7.05,0.095,1059.9,111.89721031746032,-8.07085,-1.2426,-0.9798,0.6988,K2 · Menengah,1.154,False,Tidak signifikan,0.716,-0.6663,-0.1812,Tidak signifikan,0.566,-0.7959,-0.2751,Tidak signifikan,0.468,-0.7209,-0.2983
35.05,Blitar,Kabupaten,Jawa Timur,35,Jawa,7.57,1.21,0.27,89.04,75.63,12.83,8.01,12633.0,74.43,1.35,15.98,0.223,1176.22,112.28581089743591,-8.13935,-0.2023,-1.3481,1.4246,K2 · Menengah,1.823,False,Tidak signifikan,0.405,-0.4337,-0.4023,Tidak signifikan,0.207,-0.2643,-0.5469,Tidak signifikan,0.174,-0.2536,-0.533
35.06,Kediri,Kabupaten,Jawa Timur,35,Jawa,9.81,1.0,0.19,157.47,75.41,13.77,8.38,12968.0,76.09,1.21,10.19,0.19,1605.2,112.06774884615385,-7.8065999999999995,-0.6824,-0.8644,1.8745,K2 · Menengah,1.905,False,Tidak signifikan,0.326,-0.1101,-0.4012,Tidak signifikan,0.219,-0.4056,-0.4617,Tidak signifikan,0.22,-0.4161,-0.4161
35.07,Malang,Kabupaten,Jawa Timur,35,Jawa,8.78,0.9,0.15,235.63,75.63,13.6,7.98,11681.0,74.45,1.25,10.25,0.167,2683.71,112.68787285714286,-8.09835,-0.3889,-1.3472,2.127,K2 · Menengah,2.247,False,Tidak signifikan,0.296,-0.2589,-0.3337,Tidak signifikan,0.184,-0.4729,-0.4303,Tidak signifikan,0.148,-0.4974,-0.4207
35.08,Lumajang,Kabupaten,Jawa Timur,35,Jawa,8.6,0.68,0.08,90.64,74.8,12.53,7.28,10603.0,71.02,1.01,7.91,0.118,1053.95,113.14477088068182,-8.12495,0.1836,-1.6716,0.8093,K2 · Menengah,1.737,False,Tidak signifikan,0.87,-0.2849,0.0985,Tidak signifikan,0.558,-0.6209,-0.345,Tidak signifikan,0.406,-0.6396,-0.4026
35.09,Jember,Kabupaten,Jawa Timur,35,Jawa,8.67,0.53,0.05,216.76,74.37,13.51,6.64,11147.0,71.57,0.9,6.11,0.094,2500.12,113.63351271171331,-8.2629,-0.0608,-1.5492,1.5375,K2 · Menengah,2.231,False,Tidak signifikan,0.946,-0.2748,0.0344,Tidak signifikan,0.54,-0.7219,-0.3063,Tidak signifikan,0.433,-0.7006,-0.345
35.10,Banyuwangi,Kabupaten,Jawa Timur,35,Jawa,6.13,0.41,0.06,100.13,74.43,13.32,7.84,13963.0,75.17,1.17,6.69,0.146,1633.44,114.14192630488814,-8.3318,-0.8397,-1.3992,1.1891,K2 · Menengah,1.599,False,Tidak signifikan,0.979,-0.6418,0.0156,Tidak signifikan,0.43,-0.8026,-0.428,Tidak signifikan,0.285,-0.6803,-0.4703
35.11,Bondowoso,Kabupaten,Jawa Timur,35,Jawa,12.2,1.66,0.37,96.71,73.47,13.34,6.54,12192.0,71.72,0.7,13.61,0.223,792.7,113.88234403225806,-7.9436,0.4785,-0.404,0.9612,K2 · Menengah,2.095,False,Tidak signifikan,0.999,0.2352,-0.0003,Tidak signifikan,0.282,0.0385,-0.4914,Tidak signifikan,0.195,-0.0504,-0.5127
35.12,Situbondo,Kabupaten,Jawa Timur,35,Jawa,11.17,0.71,0.07,78.02,73.54,13.21,7.03,11713.0,71.87,0.91,6.36,0.099,698.48,114.2654043787748,-7.7988,0.1315,-1.1484,0.6215,K2 · Menengah,1.478,False,Tidak signifikan,0.832,0.0864,0.1408,Tidak signifikan,0.75,-0.6008,-0.2015,Tidak signifikan,0.667,-0.6599,-0.2468
35.13,Probolinggo,Kabupaten,Jawa Timur,35,Jawa,16.31,1.84,0.39,196.26,74.1,12.8,6.43,12749.0,71.65,1.13,11.28,0.212,1203.31,113.305426984127,-7.862299999999999,1.0827,-0.9868,2.0736,K2 · Menengah,2.195,False,Tidak signifikan,0.548,0.8291,-0.2205,Tidak signifikan,0.117,0.1597,-0.5363,Tidak signifikan,0.103,-0.0098,-0.5351
35.14,Pasuruan,Kabupaten,Jawa Timur,35,Jawa,8.21,0.8,0.15,138.43,74.81,12.91,7.47,12117.0,73.02,0.91,9.74,0.187,1686.11,112.81828735653463,-7.7499,-0.2759,-1.2486,1.3061,K2 · Menengah,1.92,False,Tidak signifikan,0.351,-0.3413,-0.388,Tidak signifikan,0.347,-0.5402,-0.3776,Tidak signifikan,0.331,-0.4974,-0.3416
35.15,Sidoarjo,Kabupaten,Jawa Timur,35,Jawa,4.4,0.63,0.19,107.57,76.08,15.23,10.94,16366.0,83.35,0.82,14.32,0.302,2444.77,112.65861543085106,-7.45345,-3.2268,0.7435,1.5704,K1 · Maju & ringan,2.062,False,Tidak signifikan,0.229,-0.8917,-0.4999,Tidak signifikan,0.407,-0.6546,-0.3558,Tidak signifikan,0.569,-0.4161,-0.2617
35.16,Mojokerto,Kabupaten,Jawa Timur,35,Jawa,8.79,1.48,0.35,102.67,75.28,13.16,9.14,14525.0,77.46,1.0,16.84,0.236,1168.03,112.50772136363636,-7.5401,-0.9673,-0.1858,1.5216,K2 · Menengah,1.484,False,Tidak signifikan,0.204,-0.2575,-0.4503,Tidak signifikan,0.171,-0.0826,-0.4527,Tidak signifikan,0.192,-0.0911,-0.3933
35.17,Jombang,Kabupaten,Jawa Timur,35,Jawa,8.36,0.9,0.15,107.82,74.97,13.62,8.88,12976.0,76.37,0.93,10.77,0.167,1289.71,112.24289073508267,-7.5599,-1.0461,-0.4906,1.2275,K2 · Menengah,1.352,False,Tidak signifikan,0.892,-0.3196,-0.0595,Tidak signifikan,0.569,-0.4729,-0.243,Tidak signifikan,0.436,-0.4974,-0.3044
35.18,Nganjuk,Kabupaten,Jawa Timur,35,Jawa,10.06,1.45,0.32,107.3,74.96,13.19,8.26,14068.0,75.89,0.86,14.41,0.221,1066.6,111.94625418967816,-7.6142,-0.6439,-0.2852,1.4144,K2 · Menengah,1.684,False,Tidak signifikan,0.635,-0.074,-0.2059,Tidak signifikan,0.415,-0.1028,-0.326,Tidak signifikan,0.27,-0.152,-0.3857
35.19,Madiun,Kabupaten,Jawa Timur,35,Jawa,10.4,1.71,0.32,71.59,75.11,13.28,8.21,13325.0,75.47,0.88,16.44,0.187,688.37,111.67189148936171,-7.6104,-0.4763,-0.1944,1.0728,K2 · Menengah,1.311,False,Tidak signifikan,0.737,-0.0248,-0.1534,Tidak signifikan,0.451,0.0722,-0.3047,Tidak signifikan,0.32,-0.152,-0.3687
35.20,Magetan,Kabupaten,Jawa Timur,35,Jawa,9.14,0.74,0.12,58.38,75.76,14.09,8.84,13515.0,77.58,1.06,8.1,0.162,638.73,111.33461995647721,-7.65555,-1.349,-0.4489,0.9513,K2 · Menengah,1.122,False,Tidak signifikan,0.653,-0.2069,-0.2069,Tidak signifikan,0.512,-0.5806,-0.2643,Tidak signifikan,0.328,-0.5584,-0.3484
35.21,Ngawi,Kabupaten,Jawa Timur,35,Jawa,13.62,1.65,0.26,114.9,75.49,12.9,7.88,12837.0,74.43,0.7,12.11,0.158,843.61,111.39102817745803,-7.4312000000000005,-0.2417,-0.2841,1.4069,K2 · Menengah,2.25,False,Tidak signifikan,0.913,0.4404,-0.0426,Tidak signifikan,0.768,0.0318,-0.1037,Tidak signifikan,0.659,-0.2739,-0.1578
35.22,Bojonegoro,Kabupaten,Jawa Timur,35,Jawa,11.49,1.46,0.27,144.9,75.2,13.27,7.78,11796.0,73.74,1.36,12.71,0.185,1261.1,111.80826842532468,-7.2282,0.245,-1.1616,1.856,K2 · Menengah,2.057,False,Tidak signifikan,0.794,0.1327,0.1069,Tidak signifikan,0.771,-0.096,-0.1143,Tidak signifikan,0.535,-0.2536,-0.242
35.23,Tuban,Kabupaten,Jawa Timur,35,Jawa,14.13,1.89,0.42,168.86,75.23,12.77,7.54,12117.0,73.15,1.16,13.38,0.222,1195.05,111.89290822147652,-6.958349999999999,0.6017,-0.8058,2.0261,K2 · Menengah,1.985,False,Tidak signifikan,0.761,0.5141,0.1742,Tidak signifikan,0.803,0.1933,0.1395,Tidak signifikan,0.836,0.0511,0.1121
35.24,Lamongan,Kabupaten,Jawa Timur,35,Jawa,12.03,1.16,0.19,145.45,75.4,14.04,8.73,12963.0,76.81,1.2,9.64,0.164,1209.06,112.32801096590909,-7.1233,-0.7161,-0.513,1.8664,K2 · Menengah,1.85,False,Tidak signifikan,0.997,0.2107,-0.004,Tidak signifikan,0.931,-0.2979,-0.0489,Tidak signifikan,0.86,-0.4161,-0.087
35.25,Gresik,Kabupaten,Jawa Timur,35,Jawa,9.95,1.92,0.57,138.55,74.9,13.99,10.13,14983.0,79.69,0.96,19.3,0.297,1392.46,112.66409951690821,-5.788399999999999,-1.233,0.8183,1.9221,K1 · Maju & ringan,1.935,False,Tidak signifikan,0.314,-0.0899,-0.4879,Tidak signifikan,0.323,0.2135,-0.4594,Tidak signifikan,0.409,0.3559,-0.3755
35.26,Bangkalan,Kabupaten,Jawa Timur,35,Jawa,18.25,3.14,0.75,187.9,73.62,12.09,6.15,10265.0,68.15,1.22,17.21,0.239,1029.59,112.8933780540721,-7.04655,2.6123,-0.7486,2.075,K3 · Rentan,2.327,False,Tidak signifikan,0.095,1.1094,1.4504,Tidak signifikan,0.714,1.0345,0.3077,Tidak signifikan,0.885,0.7216,-0.1317
35.27,Sampang,Kabupaten,Jawa Timur,35,Jawa,20.61,2.06,0.33,213.98,73.89,12.56,5.19,10030.0,67.23,0.76,10.0,0.16,1038.23,113.252404875,-7.05735,2.0305,-1.0259,1.7372,K3 · Rentan,3.105,False,Tidak signifikan,0.252,1.4504,0.7135,Tidak signifikan,0.468,0.3077,0.4659,Tidak signifikan,0.776,-0.1317,0.2035
35.28,Pamekasan,Kabupaten,Jawa Timur,35,Jawa,12.77,1.45,0.24,118.52,73.85,13.83,7.29,10206.0,71.64,1.12,11.35,0.166,928.11,113.49947608433735,-7.06815,0.6158,-0.8393,1.2384,K2 · Menengah,1.335,False,Tidak signifikan,0.073,0.3176,1.191,Tidak signifikan,0.6,-0.1028,0.3481,Tidak signifikan,0.988,-0.3146,0.0105
35.29,Sumenep,Kabupaten,Jawa Timur,35,Jawa,17.02,2.18,0.47,188.48,74.09,13.6,6.24,10631.0,70.54,1.09,12.81,0.216,1107.4,113.83913448275862,-6.996600000000001,1.4048,-0.6505,1.9565,K2 · Menengah,2.015,False,Tidak signifikan,0.718,0.9317,0.3176,Tidak signifikan,0.892,0.3885,-0.1028,Tidak signifikan,0.705,0.1527,-0.3146
35.71,Kota Kediri,Kota,Jawa Timur,35,Jawa,6.04,0.62,0.21,17.93,76.28,15.72,11.09,14284.0,82.71,1.01,10.26,0.339,296.85,112.00019214891975,-7.82165,-2.9176,0.9503,0.055,K1 · Maju & ringan,1.959,False,Tidak signifikan,0.869,-0.6548,-0.1101,Tidak signifikan,0.595,-0.6613,-0.4056,Tidak signifikan,0.593,-0.3755,-0.4161
35.72,Kota Blitar,Kota,Jawa Timur,35,Jawa,6.6,0.84,0.15,9.69,75.47,14.82,10.83,15586.0,82.03,0.72,12.73,0.179,146.82,112.16752997198878,-8.09495,-2.8308,1.1314,-0.6761,K1 · Maju & ringan,1.623,False,Tidak signifikan,0.647,-0.5739,-0.4337,Tidak signifikan,0.757,-0.5133,-0.2643,Tidak signifikan,0.736,-0.4974,-0.2536
35.73,Kota Malang,Kota,Jawa Timur,35,Jawa,3.85,0.39,0.05,34.41,75.88,15.8,11.36,18596.0,85.55,1.03,10.13,0.128,893.77,112.64331375,-7.98135,-3.8894,0.8902,0.7987,K1 · Maju & ringan,2.306,False,Tidak signifikan,0.787,-0.9712,-0.2589,Tidak signifikan,0.562,-0.8161,-0.4729,Tidak signifikan,0.505,-0.7006,-0.4974
35.74,Kota Probolinggo,Kota,Jawa Timur,35,Jawa,5.69,0.36,0.05,14.11,74.64,13.99,9.73,14134.0,78.5,0.91,6.33,0.139,247.98,113.20099460874258,-7.7762,-1.9464,-0.0616,-0.6305,K1 · Maju & ringan,1.014,False,Tidak signifikan,0.286,-0.7054,0.8291,Tidak signifikan,0.825,-0.8363,0.1597,Tidak signifikan,1.0,-0.7006,-0.0098
35.75,Kota Pasuruan,Kota,Jawa Timur,35,Jawa,6.18,1.03,0.22,12.83,75.19,13.68,9.98,15289.0,79.52,0.79,16.67,0.214,207.61,112.90818119552753,-7.65155,-2.0185,0.4786,-0.4807,K1 · Maju & ringan,1.092,False,Tidak signifikan,0.66,-0.6346,-0.3413,Tidak signifikan,0.497,-0.3854,-0.5402,Tidak signifikan,0.487,-0.3552,-0.4974
35.76,Kota Mojokerto,Kota,Jawa Timur,35,Jawa,5.05,0.76,0.15,6.77,76.31,14.14,11.44,15374.0,82.35,0.72,15.05,0.197,134.06,112.43831425691243,-7.47085,-3.0273,0.9991,-0.9423,K1 · Maju & ringan,1.737,False,Tidak signifikan,0.384,-0.7978,-0.5746,Tidak signifikan,0.546,-0.5671,-0.3686,Tidak signifikan,0.705,-0.4974,-0.2536
35.77,Kota Madiun,Kota,Jawa Timur,35,Jawa,3.89,0.38,0.05,6.96,76.11,14.55,12.12,18173.0,85.12,0.72,9.77,0.132,178.92,111.52487705882353,-7.6289,-3.9743,1.245,-0.809,K1 · Maju & ringan,2.095,False,Tidak signifikan,0.866,-0.9654,-0.1159,Tidak signifikan,0.717,-0.8228,-0.2542,Tidak signifikan,0.556,-0.7006,-0.3552
35.78,Kota Surabaya,Kota,Jawa Timur,35,Jawa,3.56,0.41,0.11,105.09,76.34,14.88,11.15,20679.0,85.65,1.13,11.52,0.268,2951.97,112.7347654715901,-7.27195,-3.8286,0.3774,2.0443,K1 · Maju & ringan,2.676,False,Tidak signifikan,0.452,-1.0131,-0.4908,Tidak signifikan,0.724,-0.8026,-0.2205,Tidak signifikan,0.966,-0.5787,-0.0301
35.79,Kota Batu,Kota,Jawa Timur,35,Jawa,2.86,0.37,0.06,6.22,75.7,14.59,9.95,14807.0,80.35,0.83,12.94,0.162,217.48,112.53290555555554,-7.8327,-2.7211,0.3049,-1.1394,K1 · Maju & ringan,1.585,False,Tidak signifikan,0.635,-1.1143,-0.2859,Tidak signifikan,0.533,-0.8296,-0.3652,Tidak signifikan,0.453,-0.6803,-0.362
36.01,Pandeglang,Kabupaten,Banten,36,Jawa,8.51,0.99,0.18,105.35,74.56,13.75,7.5,9923.0,71.84,1.35,11.63,0.182,1237.96,105.79873020641047,-6.5503,0.2977,-1.4593,1.1942,K2 · Menengah,1.834,False,Tidak signifikan,0.319,-0.2979,-0.6237,Tidak signifikan,0.389,-0.4123,-0.5301,Tidak signifikan,0.472,-0.4365,-0.406
36.02,Lebak,Kabupaten,Banten,36,Jawa,8.03,1.01,0.27,106.52,74.3,12.12,6.78,10165.0,69.24,1.33,12.58,0.267,1326.53,106.18688994737721,-6.64565,1.0326,-2.1035,1.1164,K2 · Menengah,2.019,False,Tidak signifikan,0.146,-0.3673,-0.6005,Tidak signifikan,0.276,-0.3989,-0.4621,Tidak signifikan,0.308,-0.2536,-0.3877
36.03,Tangerang,Kabupaten,Banten,36,Jawa,6.42,0.89,0.21,265.9,75.63,12.89,9.16,13625.0,76.74,0.72,13.86,0.236,4141.74,106.47158357142857,-6.183,-1.3312,-0.5598,1.981,K2 · Menengah,2.538,False,Tidak signifikan,0.059,-0.5999,-0.6432,Tidak signifikan,0.147,-0.4796,-0.4695,Tidak signifikan,0.203,-0.3755,-0.3907
36.04,Serang,Kabupaten,Banten,36,Jawa,4.48,0.62,0.12,68.51,75.39,13.02,8.03,12065.0,74.1,1.12,13.84,0.194,1529.24,105.98798623188407,-6.1063,-0.6973,-1.4341,0.7953,K2 · Menengah,1.389,False,Tidak signifikan,0.145,-0.8802,-0.6054,Tidak signifikan,0.186,-0.6613,-0.5308,Tidak signifikan,0.265,-0.5584,-0.4121
36.71,Kota Tangerang,Kota,Banten,36,Jawa,5.19,0.69,0.14,124.76,75.86,13.96,11.46,16058.0,82.41,1.08,13.29,0.203,2403.85,106.63255158275715,-6.17465,-2.6806,0.1412,1.7253,K1 · Maju & ringan,2.04,False,Tidak signifikan,0.105,-0.7776,-0.7091,Tidak signifikan,0.188,-0.6142,-0.5012,Tidak signifikan,0.253,-0.5177,-0.4202
36.72,Kota Cilegon,Kota,Banten,36,Jawa,3.44,0.44,0.12,16.05,75.45,13.41,10.4,14759.0,79.54,0.9,12.79,0.273,466.57,106.02625499999999,-5.9803999999999995,-2.2767,-0.0613,-0.4116,K1 · Maju & ringan,1.035,False,Tidak signifikan,0.236,-1.0304,-0.8802,Tidak signifikan,0.372,-0.7825,-0.6613,Tidak signifikan,0.42,-0.5584,-0.5584
36.73,Kota Serang,Kota,Banten,36,Jawa,5.51,0.74,0.18,41.07,75.63,12.85,8.94,15250.0,77.5,0.78,13.43,0.243,745.37,106.15609545454546,-6.11755,-1.6391,-0.4403,0.4742,K2 · Menengah,1.434,False,Tidak signifikan,0.232,-0.7314,-0.8802,Tidak signifikan,0.376,-0.5806,-0.6613,Tidak signifikan,0.406,-0.4365,-0.5584
36.74,Kota Tangerang Selatan,Kota,Banten,36,Jawa,2.39,0.26,0.04,44.61,76.09,14.71,12.1,17396.0,84.81,0.77,10.88,0.154,1866.53,106.71139720394737,-6.29505,-3.9169,0.8261,0.6676,K1 · Maju & ringan,1.886,False,Tidak signifikan,0.053,-1.1822,-0.851,Tidak signifikan,0.099,-0.9036,-0.6156,Tidak signifikan,0.17,-0.7209,-0.4974
51.01,Jembrana,Kabupaten,Bali,51,Bali–Nusa Tenggara,4.33,0.46,0.08,12.45,75.42,13.13,8.71,13113.0,75.94,0.82,10.62,0.174,287.53,114.66834113924051,-8.3153,-1.4556,-0.6256,-0.7963,K2 · Menengah,1.256,False,Tidak signifikan,0.185,-0.9019,-0.8462,Tidak signifikan,0.213,-0.769,-0.6983,Tidak signifikan,0.193,-0.6396,-0.599
51.02,Tabanan,Kabupaten,Bali,51,Bali–Nusa Tenggara,4.23,0.66,0.13,19.45,76.07,13.37,9.81,15752.0,79.7,1.1,15.6,0.197,459.81,115.0717058988764,-8.4393,-2.1194,-0.375,0.1057,K1 · Maju & ringan,1.104,False,Tidak signifikan,0.069,-0.9163,-0.977,Tidak signifikan,0.105,-0.6344,-0.8116,Tidak signifikan,0.138,-0.538,-0.6532
51.03,Badung,Kabupaten,Bali,51,Bali–Nusa Tenggara,1.9,0.26,0.07,14.66,76.18,14.26,11.26,19004.0,84.27,0.64,13.68,0.269,771.58,115.19815833333334,-8.542100000000001,-3.9472,0.8307,-0.2235,K1 · Maju & ringan,1.897,False,Rendah–Rendah,0.044,-1.253,-0.9458,Tidak signifikan,0.063,-0.9036,-0.7448,Tidak signifikan,0.096,-0.6599,-0.599
51.04,Gianyar,Kabupaten,Bali,51,Bali–Nusa Tenggara,3.71,0.57,0.16,20.0,76.14,14.12,9.93,16244.0,80.96,0.91,15.36,0.281,539.08,115.2854768041237,-8.480799999999999,-2.6443,0.1353,0.0936,K1 · Maju & ringan,1.134,False,Rendah–Rendah,0.039,-0.9914,-1.0193,Tidak signifikan,0.085,-0.695,-0.7623,Tidak signifikan,0.109,-0.4771,-0.6092
51.05,Klungkung,Kabupaten,Bali,51,Bali–Nusa Tenggara,5.18,0.84,0.17,9.48,75.32,13.14,8.75,13023.0,75.89,0.98,16.22,0.202,183.01,115.53470699203993,-8.74485,-1.1368,-0.5273,-0.8484,K2 · Menengah,1.002,False,Tidak signifikan,0.124,-0.779,-0.8079,Tidak signifikan,0.154,-0.5133,-0.695,Tidak signifikan,0.187,-0.4568,-0.5651
51.06,Bangli,Kabupaten,Bali,51,Bali–Nusa Tenggara,4.83,0.62,0.11,11.28,74.6,12.54,7.8,12447.0,73.22,0.98,12.84,0.177,233.54,115.36860535294117,-8.33415,-0.5476,-1.1774,-0.9366,K2 · Menengah,1.351,False,Tidak signifikan,0.051,-0.8296,-0.8805,Tidak signifikan,0.07,-0.6613,-0.7205,Tidak signifikan,0.108,-0.5787,-0.5787
51.07,Karangasem,Kabupaten,Bali,51,Bali–Nusa Tenggara,6.4,0.52,0.08,27.32,74.52,12.92,6.98,11676.0,71.89,1.38,8.12,0.154,426.88,115.54761170668954,-8.35985,0.0859,-1.9232,0.0226,K2 · Menengah,1.771,False,Tidak signifikan,0.144,-0.6028,-0.7949,Tidak signifikan,0.179,-0.7286,-0.6456,Tidak signifikan,0.186,-0.6396,-0.5651
51.08,Buleleng,Kabupaten,Bali,51,Bali–Nusa Tenggara,5.2,0.47,0.07,35.39,74.87,13.31,7.94,14827.0,76.06,0.94,9.04,0.149,680.58,114.99486250000001,-8.2222,-1.3168,-0.9321,0.2666,K2 · Menengah,1.106,False,Rendah–Rendah,0.032,-0.7762,-0.9007,Tidak signifikan,0.08,-0.7623,-0.7394,Tidak signifikan,0.099,-0.6599,-0.6112
51.71,Kota Denpasar,Kota,Bali,51,Bali–Nusa Tenggara,2.16,0.16,0.03,23.2,76.16,14.14,11.64,21185.0,85.63,0.61,7.41,0.188,1074.07,115.21877554718876,-8.66505,-4.3956,0.925,0.2825,K1 · Maju & ringan,2.169,False,Tidak signifikan,0.1,-1.2154,-1.1222,Tidak signifikan,0.129,-0.9709,-0.7993,Tidak signifikan,0.243,-0.7412,-0.5685
52.01,Lombok Barat,Kabupaten,Nusa Tenggara Barat,52,Bali–Nusa Tenggara,11.9,1.14,0.19,92.12,73.03,14.17,7.15,12544.0,73.52,1.13,9.58,0.167,774.12,116.12974414893617,-8.6546,0.1243,-0.7201,1.0632,K2 · Menengah,1.133,False,Tidak signifikan,0.57,0.1919,0.3301,Tidak signifikan,0.759,-0.3114,0.1664,Tidak signifikan,0.926,-0.4161,0.0511
52.02,Lombok Tengah,Kabupaten,Nusa Tenggara Barat,52,Bali–Nusa Tenggara,10.68,1.51,0.31,109.25,71.89,13.9,7.08,11870.0,72.07,1.24,14.14,0.205,1022.94,116.28282996800569,-8.683150000000001,0.7313,-0.7997,1.0989,K2 · Menengah,1.308,False,Tidak signifikan,0.196,0.0156,0.6961,Tidak signifikan,0.56,-0.0624,0.3346,Tidak signifikan,0.797,-0.1723,0.146
52.03,Lombok Timur,Kabupaten,Nusa Tenggara Barat,52,Bali–Nusa Tenggara,13.53,2.46,0.61,173.79,72.29,14.08,7.71,10851.0,72.35,1.22,18.18,0.248,1284.48,116.51058160173162,-8.585899999999999,1.1667,-0.0077,1.7322,K3 · Rentan,1.724,False,Tidak signifikan,0.275,0.4274,0.7424,Tidak signifikan,0.609,0.5769,0.338,Tidak signifikan,0.881,0.4372,0.1223
52.04,Sumbawa,Kabupaten,Nusa Tenggara Barat,52,Bali–Nusa Tenggara,11.79,1.61,0.35,58.23,73.07,13.35,8.88,10716.0,73.27,1.26,13.66,0.217,493.89,117.49095740902052,-8.73485,0.4828,-0.3972,0.6121,K2 · Menengah,1.08,False,Tidak signifikan,0.905,0.176,0.0712,Tidak signifikan,0.911,0.0049,0.0924,Tidak signifikan,0.908,-0.0911,0.0816
52.05,Dompu,Kabupaten,Nusa Tenggara Barat,52,Bali–Nusa Tenggara,11.15,1.31,0.22,31.27,72.09,14.01,9.38,10230.0,73.58,1.36,11.75,0.168,280.45,118.32903515731874,-8.514800000000001,0.2796,-0.2777,-0.1208,K2 · Menengah,1.699,False,Tidak signifikan,0.751,0.0835,0.2338,Tidak signifikan,0.913,-0.197,-0.0759,Tidak signifikan,0.786,-0.3552,-0.1927
52.06,Bima,Kabupaten,Nusa Tenggara Barat,52,Bali–Nusa Tenggara,12.59,1.37,0.25,66.81,72.22,13.67,8.61,9821.0,71.97,1.38,10.88,0.182,530.66,118.76035080645161,-8.563649999999999,0.8024,-0.6875,0.5746,K2 · Menengah,1.56,False,Tidak signifikan,0.766,0.2916,-0.1924,Tidak signifikan,0.491,-0.1566,-0.4594,Tidak signifikan,0.328,-0.2942,-0.5076
52.07,Sumbawa Barat,Kabupaten,Nusa Tenggara Barat,52,Bali–Nusa Tenggara,10.98,2.17,0.65,19.46,73.44,13.84,9.35,12983.0,76.46,1.24,19.76,0.3,177.23,116.94153499999999,-8.8124,-0.0471,0.6431,0.0874,K2 · Menengah,1.36,False,Tidak signifikan,0.813,0.059,0.176,Tidak signifikan,0.999,0.3817,0.0049,Tidak signifikan,0.909,0.5184,-0.0911
52.08,Lombok Utara,Kabupaten,Nusa Tenggara Barat,52,Bali–Nusa Tenggara,20.74,2.7,0.6,49.28,71.88,13.16,6.75,10502.0,69.63,1.44,13.02,0.222,237.61,116.301835,-8.3454,2.43,-0.3342,0.7994,K3 · Rentan,1.648,False,Tidak signifikan,0.741,1.4691,0.2116,Tidak signifikan,0.924,0.7384,0.0677,Tidak signifikan,0.935,0.4169,-0.0504
52.71,Kota Mataram,Kota,Nusa Tenggara Barat,52,Bali–Nusa Tenggara,7.15,1.34,0.35,39.82,75.12,15.69,9.89,16851.0,82.37,0.89,18.74,0.261,556.92,116.1160785326087,-8.5881,-2.5354,1.1921,0.8821,K1 · Maju & ringan,1.7,False,Tidak signifikan,0.827,-0.4944,0.1919,Tidak signifikan,0.701,-0.1768,-0.3114,Tidak signifikan,0.621,-0.0911,-0.4161
52.72,Kota Bima,Kota,Nusa Tenggara Barat,52,Bali–Nusa Tenggara,7.33,0.53,0.07,14.54,73.45,15.21,10.97,12623.0,79.41,0.63,7.23,0.132,198.36,118.79415562060889,-8.4363,-2.2503,1.122,-0.9907,K1 · Maju & ringan,1.603,False,Tidak signifikan,0.744,-0.4684,0.2916,Tidak signifikan,0.846,-0.7219,-0.1566,Tidak signifikan,0.716,-0.6599,-0.2942
53.01,Kupang,Kabupaten,Nusa Tenggara Timur,53,Bali–Nusa Tenggara,20.32,3.11,0.73,87.5,69.91,13.91,7.87,8745.0,69.03,1.13,15.31,0.235,430.61,123.87818650442478,-9.8468,2.5147,0.7121,0.7539,K3 · Rentan,1.423,False,Tinggi–Tinggi,0.018,1.4085,1.2398,Tinggi–Tinggi,0.019,1.0143,1.2936,Tinggi–Tinggi,0.049,0.681,1.0416
53.02,Timor Tengah Selatan,Kabupaten,Nusa Tenggara Timur,53,Bali–Nusa Tenggara,24.5,5.03,1.41,116.74,71.47,12.63,7.43,7951.0,66.88,1.0,20.53,0.28,476.49,124.43592904858299,-9.823250000000002,3.9237,1.4974,1.5573,K3 · Rentan,2.588,False,Tidak signifikan,0.053,2.0124,1.0737,Tidak signifikan,0.069,2.3064,1.0143,Tidak signifikan,0.112,2.0625,0.7284
53.03,Timor Tengah Utara,Kabupaten,Nusa Tenggara Timur,53,Bali–Nusa Tenggara,20.17,4.66,1.28,53.44,71.39,13.39,8.36,7364.0,67.87,0.89,23.1,0.275,264.95,124.61108357142857,-9.3407,3.0675,1.8237,0.5844,K3 · Rentan,2.084,False,Tinggi–Tinggi,0.023,1.3868,1.0565,Tidak signifikan,0.069,2.0574,0.7425,Tidak signifikan,0.19,1.7984,0.4819
53.04,Belu,Kabupaten,Nusa Tenggara Timur,53,Bali–Nusa Tenggara,12.79,2.05,0.43,30.4,74.77,12.33,7.73,8354.0,68.89,1.12,16.03,0.21,237.69,124.91609279575329,-9.1754,1.3726,-0.8357,0.0528,K2 · Menengah,0.896,False,Tinggi–Tinggi,0.016,0.3205,1.3489,Tidak signifikan,0.065,0.301,0.9201,Tidak signifikan,0.117,0.0715,0.6302
53.05,Alor,Kabupaten,Nusa Tenggara Timur,53,Bali–Nusa Tenggara,18.29,1.78,0.34,38.68,71.33,12.59,4.72,8022.0,68.44,1.09,9.73,0.191,211.48,124.77919550531914,-8.29035,2.6762,-1.2827,-0.0828,K3 · Rentan,1.691,False,Tinggi–Tinggi,0.015,1.1152,1.5024,Tinggi–Tinggi,0.022,0.1193,1.5577,Rendah–Tinggi,0.032,-0.1114,1.2549
53.06,Flores Timur,Kabupaten,Nusa Tenggara Timur,53,Bali–Nusa Tenggara,10.88,1.42,0.32,28.92,74.37,13.17,8.19,8700.0,70.61,1.17,13.05,0.225,265.81,123.16548792270532,-8.3169,0.6998,-0.7816,-0.092,K2 · Menengah,0.832,False,Tidak signifikan,0.115,0.0445,0.9663,Tidak signifikan,0.091,-0.123,1.0883,Tidak signifikan,0.089,-0.152,0.9553
53.07,Sikka,Kabupaten,Nusa Tenggara Timur,53,Bali–Nusa Tenggara,11.25,1.36,0.34,36.74,74.64,13.68,7.2,9219.0,70.65,0.99,12.09,0.25,326.58,122.09290586154916,-8.59505,0.5696,-0.688,0.1483,K2 · Menengah,0.69,False,Tidak signifikan,0.173,0.098,0.798,Tidak signifikan,0.274,-0.1633,0.5937,Tidak signifikan,0.471,-0.1114,0.4067
53.08,Ende,Kabupaten,Nusa Tenggara Timur,53,Bali–Nusa Tenggara,21.31,3.55,0.87,58.92,73.06,13.84,8.52,10126.0,72.73,0.68,16.66,0.245,276.49,121.69288333333333,-8.6731,1.4157,1.718,0.8277,K3 · Rentan,2.077,False,Tidak signifikan,0.813,1.5515,0.1652,Tidak signifikan,0.848,1.3104,0.1227,Tidak signifikan,0.927,0.9654,0.0613
53.09,Ngada,Kabupaten,Nusa Tenggara Timur,53,Bali–Nusa Tenggara,11.22,1.67,0.35,19.53,74.89,12.76,8.84,9827.0,72.53,0.68,14.88,0.21,174.06,121.00035030487805,-8.65045,0.0454,0.0693,-0.5408,K2 · Menengah,1.405,False,Tidak signifikan,0.111,0.0936,1.0509,Tidak signifikan,0.07,0.0453,1.2398,Tidak signifikan,0.102,-0.0911,0.8943
53.10,Manggarai,Kabupaten,Nusa Tenggara Timur,53,Bali–Nusa Tenggara,18.1,3.57,1.0,65.81,72.76,13.74,8.17,8423.0,70.1,1.08,19.72,0.28,363.59,120.43901296502976,-8.55045,2.1475,0.9968,0.957,K3 · Rentan,1.503,False,Tidak signifikan,0.08,1.0877,0.8907,Tidak signifikan,0.075,1.3239,0.9717,Tidak signifikan,0.092,1.2295,0.7487
53.11,Sumba Timur,Kabupaten,Nusa Tenggara Timur,53,Bali–Nusa Tenggara,25.64,6.13,2.13,70.35,71.91,12.88,7.94,10619.0,70.99,1.01,23.91,0.347,274.38,120.16612644356955,-9.792349999999999,3.8526,3.0374,1.8461,K4 · Miskin dalam,3.391,False,Tinggi–Tinggi,0.026,2.1771,2.6958,Tinggi–Tinggi,0.039,3.0466,2.7707,Tinggi–Tinggi,0.026,3.5254,3.0378
53.12,Sumba Barat,Kabupaten,Nusa Tenggara Timur,53,Bali–Nusa Tenggara,26.47,4.41,1.07,37.08,71.63,13.41,7.39,8530.0,68.46,1.12,16.66,0.243,140.08,119.43754945011338,-9.591650000000001,3.3538,1.3898,0.6043,K3 · Rentan,1.893,False,Tinggi–Tinggi,0.012,2.297,2.4379,Tinggi–Tinggi,0.008,1.8892,3.087,Tinggi–Tinggi,0.009,1.3718,3.2917
53.13,Lembata,Kabupaten,Nusa Tenggara Timur,53,Bali–Nusa Tenggara,23.27,5.08,1.39,36.78,73.81,12.54,8.49,8397.0,69.7,1.09,21.83,0.274,158.06,123.54434080701755,-8.378350000000001,3.1025,1.7267,0.9457,K3 · Rentan,2.092,False,Tidak signifikan,0.365,1.8347,0.5798,Tidak signifikan,0.998,2.34,-0.0018,Tidak signifikan,0.859,2.0219,-0.1317
53.14,Rote Ndao,Kabupaten,Nusa Tenggara Timur,53,Bali–Nusa Tenggara,24.37,3.4,0.73,51.64,70.17,13.24,7.84,7652.0,67.01,0.92,13.95,0.215,211.9,123.20863592730662,-10.68655,3.0262,0.9386,0.1655,K3 · Rentan,1.617,False,Tinggi–Tinggi,0.041,1.9936,1.1248,Tinggi–Tinggi,0.046,1.2095,1.0996,Tidak signifikan,0.067,0.681,1.067
53.15,Manggarai Barat,Kabupaten,Nusa Tenggara Timur,53,Bali–Nusa Tenggara,16.09,2.96,0.81,49.55,73.24,12.62,8.26,8351.0,69.2,0.76,18.4,0.274,307.96,120.06125340909091,-8.576550000000001,1.7797,0.591,0.3303,K3 · Rentan,1.61,False,Tidak signifikan,0.117,0.7973,1.0877,Tidak signifikan,0.095,0.9134,1.3239,Tidak signifikan,0.086,0.8435,1.2295
53.16,Nagekeo,Kabupaten,Nusa Tenggara Timur,53,Bali–Nusa Tenggara,12.18,2.21,0.51,18.63,72.89,12.74,8.47,9213.0,70.48,1.12,18.14,0.231,152.96,121.26874703947368,-8.67575,1.2331,-0.1517,-0.5171,K3 · Rentan,0.774,False,Tidak signifikan,0.22,0.2323,0.8226,Tidak signifikan,0.245,0.4087,0.6778,Tidak signifikan,0.396,0.234,0.4372
53.17,Sumba Tengah,Kabupaten,Nusa Tenggara Timur,53,Bali–Nusa Tenggara,29.23,5.72,1.89,22.81,69.77,13.15,7.5,6965.0,65.29,1.29,19.57,0.33,78.04,119.6691215242347,-9.586549999999999,5.1474,2.4438,0.3376,K4 · Miskin dalam,3.092,False,Tinggi–Tinggi,0.01,2.6958,2.2371,Tinggi–Tinggi,0.012,2.7707,2.4679,Tinggi–Tinggi,0.008,3.0378,2.4486
53.18,Sumba Barat Daya,Kabupaten,Nusa Tenggara Timur,53,Bali–Nusa Tenggara,25.66,6.66,2.14,97.68,69.46,13.12,6.47,7588.0,64.82,0.86,25.95,0.321,380.67,119.16456134868422,-9.542850000000001,5.274,2.851,1.4931,K4 · Miskin dalam,3.642,False,Tidak signifikan,0.05,2.18,2.297,Tidak signifikan,0.065,3.4033,1.8892,Tidak signifikan,0.087,3.5457,1.3718
53.19,Manggarai Timur,Kabupaten,Nusa Tenggara Timur,53,Bali–Nusa Tenggara,23.51,4.68,1.16,70.99,73.19,12.67,8.11,6745.0,66.63,0.91,19.91,0.248,301.96,120.68671900000001,-8.57405,3.3124,1.3208,1.0361,K3 · Rentan,2.161,False,Tidak signifikan,0.488,1.8694,0.3956,Tidak signifikan,0.419,2.0709,0.4333,Tidak signifikan,0.507,1.5546,0.3288
53.20,Sabu Raijua,Kabupaten,Nusa Tenggara Timur,53,Bali–Nusa Tenggara,27.18,5.59,1.82,30.65,66.88,13.2,7.1,6452.0,62.74,1.1,20.57,0.326,112.77,121.88904635416667,-10.520150000000001,5.5648,2.4174,-0.0824,K4 · Miskin dalam,3.055,False,Tidak signifikan,0.222,2.3996,0.7799,Tidak signifikan,0.531,2.6832,0.4053,Tidak signifikan,0.813,2.8955,0.1527
53.21,Malaka,Kabupaten,Nusa Tenggara Timur,53,Bali–Nusa Tenggara,13.52,1.56,0.25,28.05,71.72,12.84,7.38,7067.0,65.84,1.09,11.54,0.16,207.47,124.87664262295081,-9.5458,1.928,-0.9772,-0.6877,K3 · Rentan,1.295,False,Tinggi–Tinggi,0.038,0.426,1.2399,Rendah–Tinggi,0.015,-0.0288,1.5549,Rendah–Tinggi,0.044,-0.2942,1.3108
53.71,Kota Kupang,Kota,Nusa Tenggara Timur,53,Bali–Nusa Tenggara,7.57,1.01,0.21,37.91,75.38,16.55,11.66,14262.0,83.65,0.53,13.34,0.208,500.79,123.59075315563726,-10.2056,-3.3136,2.0454,0.3629,K1 · Maju & ringan,2.194,False,Rendah–Tinggi,0.009,-0.4337,1.9339,Rendah–Tinggi,0.013,-0.3989,1.6357,Rendah–Tinggi,0.029,-0.3755,1.4192
61.01,Sambas,Kabupaten,Kalimantan Barat,61,Kalimantan,6.37,0.72,0.12,35.07,74.8,12.77,7.0,11939.0,72.08,1.24,11.3,0.167,550.55,109.40324990437486,1.5211,0.0049,-1.7454,0.2411,K2 · Menengah,1.437,False,Tidak signifikan,0.119,-0.6071,-0.8089,Tidak signifikan,0.157,-0.594,-0.6815,Tidak signifikan,0.158,-0.5584,-0.599
61.02,Mempawah,Kabupaten,Kalimantan Barat,61,Kalimantan,4.49,0.47,0.09,12.38,74.82,13.0,7.4,9518.0,70.59,1.38,10.47,0.191,275.72,109.10017607142856,0.34304999999999997,0.157,-1.8964,-0.8369,K2 · Menengah,2.071,False,Tidak signifikan,0.117,-0.8787,-0.7068,Tidak signifikan,0.09,-0.7623,-0.7303,Tidak signifikan,0.099,-0.6193,-0.6396
61.03,Sanggau,Kabupaten,Kalimantan Barat,61,Kalimantan,4.61,0.35,0.05,22.93,74.36,12.02,7.81,9990.0,70.36,1.38,7.59,0.143,497.4,110.545429315197,0.3507,0.3007,-2.2081,-0.4371,K2 · Menengah,1.991,False,Tidak signifikan,0.166,-0.8614,-0.5474,Tidak signifikan,0.172,-0.843,-0.4965,Tidak signifikan,0.278,-0.7006,-0.3823
61.04,Ketapang,Kabupaten,Kalimantan Barat,61,Kalimantan,8.44,1.59,0.44,46.82,73.92,12.09,7.99,10826.0,71.3,1.36,18.84,0.277,554.74,110.46524971910111,-1.6796,0.891,-1.2503,0.5305,K2 · Menengah,1.354,False,Tidak signifikan,0.066,-0.308,-0.647,Tidak signifikan,0.076,-0.0086,-0.5999,Tidak signifikan,0.092,0.0918,-0.4949
61.05,Sintang,Kabupaten,Kalimantan Barat,61,Kalimantan,7.93,1.34,0.43,35.02,74.71,12.33,7.86,9993.0,70.92,1.13,16.9,0.321,441.61,111.56503925286947,0.19255,0.6026,-1.0959,0.151,K2 · Menengah,0.927,False,Tidak signifikan,0.095,-0.3817,-0.5703,Tidak signifikan,0.145,-0.1768,-0.4746,Tidak signifikan,0.263,0.0715,-0.3806
61.06,Kapuas Hulu,Kabupaten,Kalimantan Barat,61,Kalimantan,6.86,1.03,0.23,19.47,73.69,12.24,8.04,8765.0,69.24,0.68,15.01,0.223,283.82,112.79667216763607,0.82945,0.4008,-0.8384,-1.0375,K2 · Menengah,1.99,False,Tidak signifikan,0.527,-0.5363,-0.3615,Tidak signifikan,0.669,-0.3854,-0.2486,Tidak signifikan,0.834,-0.3349,-0.1249
61.07,Bengkayang,Kabupaten,Kalimantan Barat,61,Kalimantan,5.83,0.59,0.1,16.09,74.74,12.24,7.62,10462.0,70.99,0.98,10.12,0.169,275.99,109.76992177815569,1.03355,-0.0184,-1.4989,-0.8019,K2 · Menengah,1.522,False,Tidak signifikan,0.089,-0.6851,-0.6996,Tidak signifikan,0.104,-0.6815,-0.6936,Tidak signifikan,0.097,-0.599,-0.6112
61.08,Landak,Kabupaten,Kalimantan Barat,61,Kalimantan,8.9,0.85,0.15,35.34,74.4,12.55,7.76,9104.0,69.92,1.14,9.55,0.176,397.08,109.70762912087912,0.5044,0.5647,-1.4903,-0.0865,K2 · Menengah,1.22,False,Tidak signifikan,0.074,-0.2416,-0.8441,Tidak signifikan,0.1,-0.5065,-0.7976,Tidak signifikan,0.104,-0.4974,-0.6701
61.09,Sekadau,Kabupaten,Kalimantan Barat,61,Kalimantan,5.61,0.56,0.1,11.64,74.3,12.02,7.53,8862.0,68.73,1.46,9.98,0.179,207.49,110.9420986811407,0.033,0.7878,-2.2189,-1.0019,K2 · Menengah,2.352,False,Tidak signifikan,0.34,-0.7169,-0.517,Tidak signifikan,0.535,-0.7017,-0.3428,Tidak signifikan,0.763,-0.599,-0.1791
61.10,Melawi,Kabupaten,Kalimantan Barat,61,Kalimantan,10.51,1.01,0.18,23.36,73.96,11.55,8.05,9799.0,69.8,1.44,9.61,0.178,222.26,111.65572446887047,-0.7245,1.0804,-1.8168,-0.2578,K2 · Menengah,1.789,False,Tidak signifikan,0.146,-0.0089,-0.6109,Tidak signifikan,0.245,-0.3989,-0.4689,Tidak signifikan,0.364,-0.4365,-0.343
61.11,Kayong Utara,Kabupaten,Kalimantan Barat,61,Kalimantan,8.75,1.03,0.18,10.58,73.02,12.21,6.55,9306.0,67.6,0.82,11.77,0.175,120.91,110.05831,-1.0430000000000001,1.013,-1.2719,-1.4583,K2 · Menengah,2.164,False,Tidak signifikan,0.347,-0.2632,-0.6295,Tidak signifikan,0.445,-0.3854,-0.4561,Tidak signifikan,0.565,-0.4365,-0.3349
61.12,Kubu Raya,Kabupaten,Kalimantan Barat,61,Kalimantan,3.99,0.26,0.02,24.4,73.66,13.91,7.35,10500.0,72.01,1.22,6.52,0.077,611.53,109.52805384615385,-0.3348,-0.3077,-1.5413,-0.4542,K2 · Menengah,1.509,False,Tidak signifikan,0.126,-0.951,-0.5838,Tidak signifikan,0.147,-0.9036,-0.5559,Tidak signifikan,0.14,-0.7615,-0.4771
61.71,Kota Pontianak,Kota,Kalimantan Barat,61,Kalimantan,4.0,0.37,0.05,27.5,75.96,15.07,10.48,16725.0,82.8,0.71,9.25,0.135,687.5,109.32815772804653,-0.03015,-3.3728,0.6829,0.2396,K1 · Maju & ringan,1.57,False,Tidak signifikan,0.16,-0.9495,-0.9149,Tidak signifikan,0.119,-0.8296,-0.8329,Tidak signifikan,0.142,-0.7006,-0.6904
61.72,Kota Singkawang,Kota,Kalimantan Barat,61,Kalimantan,4.28,0.47,0.06,10.36,75.23,12.96,8.58,13344.0,75.67,1.33,10.98,0.128,242.06,109.0356051456767,0.88185,-1.0154,-1.2784,-0.6486,K2 · Menengah,1.735,False,Tidak signifikan,0.333,-0.9091,-0.6461,Tidak signifikan,0.267,-0.7623,-0.6378,Tidak signifikan,0.231,-0.6803,-0.5787
62.01,Kotawaringin Barat,Kota,Kalimantan Tengah,62,Kalimantan,4.27,0.56,0.12,14.18,73.53,12.92,8.87,14507.0,76.02,0.89,13.11,0.214,332.08,111.65198868505107,-2.50455,-1.2343,-0.5149,-0.799,K2 · Menengah,1.081,False,Tidak signifikan,0.111,-0.9105,-0.8498,Tidak signifikan,0.127,-0.7017,-0.695,Tidak signifikan,0.16,-0.5584,-0.5855
62.02,Kotawaringin Timur,Kota,Kalimantan Tengah,62,Kalimantan,5.83,1.0,0.27,27.7,74.61,12.9,8.25,13434.0,74.96,0.66,17.15,0.27,475.13,112.78987364966343,-2.22775,-0.9309,-0.3183,-0.1643,K2 · Menengah,1.634,False,Tidak signifikan,0.312,-0.6851,-0.6591,Tidak signifikan,0.23,-0.4056,-0.6815,Tidak signifikan,0.19,-0.2536,-0.6193
62.03,Kapuas,Kabupaten,Kalimantan Tengah,62,Kalimantan,5.48,0.57,0.1,20.43,73.02,13.02,8.04,12602.0,73.47,0.67,10.4,0.175,372.81,114.33636807324841,-1.92285,-0.7041,-0.5883,-0.8323,K2 · Menengah,1.723,False,Rendah–Rendah,0.047,-0.7357,-0.7754,Tidak signifikan,0.111,-0.695,-0.5727,Tidak signifikan,0.236,-0.599,-0.4128
62.04,Barito Selatan,Kabupaten,Kalimantan Tengah,62,Kalimantan,4.94,0.37,0.08,7.09,73.0,13.01,9.35,12736.0,75.21,0.6,7.49,0.216,143.52,114.78020000000001,-1.92285,-1.2672,-0.0616,-1.7987,K2 · Menengah,2.118,False,Rendah–Rendah,0.029,-0.8137,-0.8298,Tidak signifikan,0.061,-0.8296,-0.694,Tidak signifikan,0.096,-0.6396,-0.5497
62.05,Barito Utara,Kabupaten,Kalimantan Tengah,62,Kalimantan,5.52,0.69,0.14,7.44,73.75,12.56,8.93,11534.0,73.58,0.56,12.5,0.203,134.78,115.04499211132035,-0.7548,-0.8156,-0.2359,-1.7292,K2 · Menengah,2.29,False,Tidak signifikan,0.142,-0.7299,-0.5322,Tidak signifikan,0.143,-0.6142,-0.5181,Tidak signifikan,0.198,-0.5177,-0.419
62.06,Katingan,Kabupaten,Kalimantan Tengah,62,Kalimantan,5.3,0.61,0.11,9.75,74.39,13.09,8.96,11781.0,74.68,0.42,11.51,0.18,183.96,113.33601243578767,-1.85645,-1.2902,0.0025,-1.4783,K2 · Menengah,2.488,False,Tidak signifikan,0.11,-0.7617,-0.6011,Tidak signifikan,0.156,-0.6681,-0.4998,Tidak signifikan,0.275,-0.5787,-0.3726
62.07,Seruyan,Kabupaten,Kalimantan Tengah,62,Kalimantan,6.72,0.57,0.07,15.64,73.59,12.24,8.08,10620.0,71.24,0.82,8.48,0.123,232.74,112.16435,-2.121,-0.0706,-1.1097,-1.0876,K2 · Menengah,1.711,False,Tidak signifikan,0.125,-0.5565,-0.6825,Tidak signifikan,0.123,-0.695,-0.594,Tidak signifikan,0.168,-0.6599,-0.4933
62.08,Sukamara,Kabupaten,Kalimantan Tengah,62,Kalimantan,4.02,0.72,0.17,2.87,74.75,12.18,8.23,10178.0,71.45,0.88,17.91,0.236,71.39,111.18347202895515,-2.54235,-0.267,-0.9805,-2.2175,K2 · Menengah,2.224,False,Tidak signifikan,0.171,-0.9466,-0.755,Tidak signifikan,0.33,-0.594,-0.5021,Tidak signifikan,0.464,-0.4568,-0.3687
62.09,Lamandau,Kabupaten,Kalimantan Tengah,62,Kalimantan,3.33,0.42,0.08,2.89,74.01,12.65,8.83,12498.0,74.46,0.69,12.61,0.19,86.79,111.41924605263158,-1.7788,-1.1777,-0.4383,-2.2979,K2 · Menengah,2.382,False,Tidak signifikan,0.209,-1.0463,-0.5461,Tidak signifikan,0.234,-0.7959,-0.4796,Tidak signifikan,0.307,-0.6396,-0.404
62.10,Gunung Mas,Kabupaten,Kalimantan Tengah,62,Kalimantan,5.48,0.87,0.21,6.67,73.97,12.19,9.4,12215.0,74.46,0.79,15.88,0.241,121.72,113.53572094202899,-0.9678,-0.7507,-0.3187,-1.5625,K2 · Menengah,1.666,False,Tidak signifikan,0.056,-0.7357,-0.7253,Tidak signifikan,0.136,-0.4931,-0.5279,Tidak signifikan,0.315,-0.3755,-0.362
62.11,Pulang Pisau,Kabupaten,Kalimantan Tengah,62,Kalimantan,4.79,0.85,0.26,6.23,73.62,12.61,8.47,11545.0,72.99,0.87,17.75,0.306,130.06,114.04035298609095,-2.49735,-0.3809,-0.5482,-1.6314,K2 · Menengah,1.628,False,Tidak signifikan,0.089,-0.8354,-0.8094,Tidak signifikan,0.115,-0.5065,-0.6697,Tidak signifikan,0.179,-0.2739,-0.5584
62.12,Murung Raya,Kabupaten,Kalimantan Tengah,62,Kalimantan,6.19,1.16,0.34,7.64,73.73,12.2,8.12,11776.0,72.34,1.06,18.74,0.293,123.42,114.12254655172414,-0.03685,0.1279,-0.8061,-1.2437,K2 · Menengah,1.302,False,Tidak signifikan,0.169,-0.6331,-0.5315,Tidak signifikan,0.241,-0.2979,-0.4393,Tidak signifikan,0.348,-0.1114,-0.3484
62.13,Barito Timur,Kabupaten,Kalimantan Tengah,62,Kalimantan,6.1,1.16,0.32,8.12,72.48,12.89,9.71,13018.0,75.5,0.92,19.02,0.276,133.11,115.17728776371308,-2.0063,-0.6559,0.1649,-1.3611,K2 · Menengah,1.273,False,Tidak signifikan,0.101,-0.6461,-0.833,Tidak signifikan,0.099,-0.2979,-0.8475,Tidak signifikan,0.105,-0.152,-0.687
62.71,Kota Palangka Raya,Kota,Kalimantan Tengah,62,Kalimantan,3.62,0.38,0.06,11.16,74.92,15.14,11.69,15469.0,82.98,0.55,10.5,0.158,308.29,113.72869987133433,-2.00075,-3.4944,1.3489,-0.9039,K1 · Maju & ringan,2.044,False,Tidak signifikan,0.145,-1.0044,-0.7776,Tidak signifikan,0.267,-0.8228,-0.5559,Tidak signifikan,0.386,-0.6803,-0.4094
63.01,Tanah Laut,Kabupaten,Kalimantan Selatan,63,Kalimantan,3.0,0.27,0.05,10.83,74.88,12.7,8.09,12986.0,74.32,1.23,9.0,0.185,361.0,114.98909291666666,-3.8428500000000003,-0.8615,-1.5274,-0.8161,K2 · Menengah,1.611,False,Tidak signifikan,0.068,-1.094,-1.0791,Tidak signifikan,0.095,-0.8969,-0.8453,Tidak signifikan,0.142,-0.7006,-0.6464
63.02,Kota Baru,Kota,Kalimantan Selatan,63,Kalimantan,4.39,0.5,0.11,15.89,74.03,12.23,7.71,13163.0,73.03,0.84,11.39,0.22,361.96,115.97080946428571,-2.7958499999999997,-0.5913,-1.1798,-0.8038,K2 · Menengah,1.652,False,Rendah–Rendah,0.034,-0.8932,-0.8824,Tidak signifikan,0.058,-0.7421,-0.6905,Tidak signifikan,0.125,-0.5787,-0.5279
63.03,Banjar,Kabupaten,Kalimantan Selatan,63,Kalimantan,2.74,0.23,0.03,16.92,73.87,13.05,8.15,14101.0,75.11,0.94,8.39,0.13,617.52,115.03086496708403,-3.2839,-1.2316,-1.0496,-0.6819,K2 · Menengah,1.233,False,Rendah–Rendah,0.009,-1.1316,-1.007,Rendah–Rendah,0.034,-0.9238,-0.785,Tidak signifikan,0.061,-0.7412,-0.599
63.04,Barito Kuala,Kabupaten,Kalimantan Selatan,63,Kalimantan,4.31,0.57,0.12,13.97,72.85,12.69,7.99,11469.0,72.05,0.91,13.23,0.211,324.13,114.6779925925926,-3.0193,-0.2427,-1.026,-1.1592,K2 · Menengah,1.453,False,Rendah–Rendah,0.021,-0.9047,-0.9158,Rendah–Rendah,0.049,-0.695,-0.8015,Tidak signifikan,0.08,-0.5584,-0.6396
63.05,Tapin,Kabupaten,Kalimantan Selatan,63,Kalimantan,2.91,0.35,0.1,5.77,75.09,12.6,8.38,13381.0,74.98,1.24,12.03,0.286,198.28,115.00869404654169,-2.86225,-0.9851,-1.3185,-1.2256,K2 · Menengah,1.789,False,Rendah–Rendah,0.025,-1.107,-0.9519,Tidak signifikan,0.055,-0.843,-0.7973,Tidak signifikan,0.093,-0.599,-0.6315
63.06,Hulu Sungai Selatan,Kabupaten,Kalimantan Selatan,63,Kalimantan,3.12,0.48,0.12,7.55,73.27,12.78,8.18,14453.0,74.81,1.16,15.38,0.25,241.99,115.16257727272728,-2.7180999999999997,-0.8337,-1.0509,-1.2089,K2 · Menengah,1.512,False,Rendah–Rendah,0.037,-1.0767,-0.953,Tidak signifikan,0.067,-0.7555,-0.8282,Tidak signifikan,0.093,-0.5584,-0.6599
63.07,Hulu Sungai Tengah,Kabupaten,Kalimantan Selatan,63,Kalimantan,5.03,0.34,0.04,13.94,73.02,12.58,8.45,13608.0,74.26,1.27,6.76,0.118,277.14,115.43139324391456,-2.6187,-0.5467,-1.3309,-0.7784,K2 · Menengah,1.515,False,Tidak signifikan,0.065,-0.8007,-0.9149,Tidak signifikan,0.084,-0.8498,-0.7539,Tidak signifikan,0.119,-0.7209,-0.6041
63.08,Hulu Sungai Utara,Kabupaten,Kalimantan Selatan,63,Kalimantan,4.81,0.44,0.07,11.71,72.95,13.47,8.0,11168.0,72.67,1.3,9.15,0.159,243.45,115.1610691550926,-2.4262,-0.2016,-1.2734,-1.0484,K2 · Menengah,1.829,False,Rendah–Rendah,0.017,-0.8325,-0.8824,Rendah–Rendah,0.031,-0.7825,-0.7421,Tidak signifikan,0.072,-0.6599,-0.5761
63.09,Tabalong,Kabupaten,Kalimantan Selatan,63,Kalimantan,4.67,0.22,0.02,12.5,74.95,13.18,9.37,13541.0,76.94,1.28,4.71,0.091,267.67,115.51465287234042,-1.83445,-1.3897,-1.0079,-0.5888,K2 · Menengah,1.653,False,Tidak signifikan,0.073,-0.8527,-0.7054,Tidak signifikan,0.12,-0.9305,-0.5581,Tidak signifikan,0.186,-0.7615,-0.4263
63.10,Tanah Bumbu,Kabupaten,Kalimantan Selatan,63,Kalimantan,3.13,0.43,0.12,13.81,74.68,12.8,8.44,13380.0,75.09,0.79,13.74,0.279,441.21,115.69903981189456,-3.4349499999999997,-1.2545,-0.7651,-0.8439,K2 · Menengah,1.453,False,Tidak signifikan,0.056,-1.0752,-1.0396,Tidak signifikan,0.086,-0.7892,-0.8542,Tidak signifikan,0.133,-0.5584,-0.6735
63.11,Balangan,Kabupaten,Kalimantan Selatan,63,Kalimantan,4.64,0.51,0.09,6.42,74.14,13.35,8.34,12675.0,74.78,1.29,10.99,0.176,138.36,115.62043621947083,-2.28805,-0.7488,-1.0438,-1.2228,K2 · Menengah,1.893,False,Tidak signifikan,0.078,-0.8571,-0.7464,Tidak signifikan,0.088,-0.7353,-0.6788,Tidak signifikan,0.119,-0.6193,-0.538
63.71,Kota Banjarmasin,Kota,Kalimantan Selatan,63,Kalimantan,4.52,0.51,0.1,33.16,75.38,14.02,10.36,16013.0,80.88,0.43,11.28,0.196,733.63,114.5978154040404,-3.3238,-2.9068,0.6835,0.0631,K1 · Maju & ringan,2.18,False,Tidak signifikan,0.119,-0.8744,-1.0182,Tidak signifikan,0.121,-0.7353,-0.8094,Tidak signifikan,0.159,-0.599,-0.6498
63.72,Kota Banjar Baru,Kota,Kalimantan Selatan,63,Kalimantan,3.44,0.38,0.08,10.27,75.44,14.87,11.07,15361.0,82.2,0.67,11.05,0.211,298.55,114.78379612299466,-3.4736000000000002,-3.2274,0.9337,-0.8248,K1 · Maju & ringan,1.734,False,Tidak signifikan,0.093,-1.0304,-1.1128,Tidak signifikan,0.112,-0.8228,-0.9103,Tidak signifikan,0.117,-0.6396,-0.7209
64.01,Paser,Kabupaten,Kalimantan Timur,64,Kalimantan,8.13,1.47,0.41,24.05,74.39,13.39,9.04,12709.0,75.85,0.96,18.08,0.279,295.82,116.02002571428571,-1.6875,-0.6097,0.0856,-0.0308,K2 · Menengah,0.276,False,Tidak signifikan,0.065,-0.3528,-0.7155,Tidak signifikan,0.065,-0.0893,-0.6636,Tidak signifikan,0.106,0.0308,-0.555
64.02,Kutai Kartanegara,Kabupaten,Kalimantan Timur,64,Kalimantan,6.72,0.79,0.15,54.99,74.65,13.85,9.28,13365.0,77.25,0.89,11.76,0.19,818.3,116.15156204473828,0.19815,-1.4039,-0.2043,0.5598,K2 · Menengah,0.863,False,Tidak signifikan,0.054,-0.5565,-0.6813,Tidak signifikan,0.065,-0.5469,-0.5915,Tidak signifikan,0.109,-0.4974,-0.4923
64.03,Berau,Kabupaten,Kalimantan Timur,64,Kalimantan,4.44,0.55,0.11,10.96,73.95,13.44,9.58,14582.0,77.72,0.71,12.39,0.2,246.85,117.27059193302892,1.7748,-1.8255,0.0952,-1.0392,K1 · Maju & ringan,1.437,False,Tidak signifikan,0.344,-0.886,-0.5214,Tidak signifikan,0.263,-0.7084,-0.5649,Tidak signifikan,0.269,-0.5787,-0.5042
64.07,Kutai Barat,Kabupaten,Kalimantan Timur,64,Kalimantan,8.72,0.84,0.14,13.24,74.23,13.4,9.01,12251.0,75.38,0.83,9.63,0.167,151.83,115.74211308139536,-0.41105,-0.8887,-0.1268,-0.8333,K2 · Menengah,0.97,False,Tidak signifikan,0.292,-0.2676,-0.4803,Tidak signifikan,0.363,-0.5133,-0.3935,Tidak signifikan,0.425,-0.5177,-0.3308
64.08,Kutai Timur,Kabupaten,Kalimantan Timur,64,Kalimantan,8.07,1.2,0.26,34.91,74.87,13.22,9.48,12755.0,76.48,0.76,14.87,0.217,432.59,117.01157140340575,0.9438,-1.0742,0.0895,0.1347,K2 · Menengah,0.998,False,Tidak signifikan,0.082,-0.3615,-0.8076,Tidak signifikan,0.086,-0.271,-0.7522,Tidak signifikan,0.12,-0.2739,-0.6346
64.09,Penajam Paser Utara,Kabupaten,Kalimantan Timur,64,Kalimantan,5.78,0.94,0.23,9.34,74.6,13.0,8.72,13636.0,75.82,1.17,16.26,0.245,161.59,116.56972822580644,-1.1921,-0.8293,-0.62,-0.7588,K2 · Menengah,1.141,False,Tidak signifikan,0.198,-0.6924,-0.6049,Tidak signifikan,0.267,-0.446,-0.4998,Tidak signifikan,0.357,-0.3349,-0.3958
64.11,Mahakam Ulu,Kabupaten,Kalimantan Timur,64,Kalimantan,10.09,1.2,0.23,2.73,73.91,12.85,8.71,9381.0,71.53,1.05,11.89,0.192,27.06,115.31291466633152,0.6233500000000001,0.2944,-0.3882,-2.1201,K2 · Menengah,2.0,False,Tidak signifikan,0.153,-0.0696,-0.5746,Tidak signifikan,0.139,-0.271,-0.5447,Tidak signifikan,0.179,-0.3349,-0.4602
64.71,Kota Balikpapan,Kota,Kalimantan Timur,64,Kalimantan,1.97,0.34,0.1,12.88,76.24,14.26,11.04,17482.0,83.23,0.74,17.26,0.294,653.81,116.89971015037594,-1.14845,-3.5442,0.6411,-0.3583,K1 · Maju & ringan,1.629,False,Tidak signifikan,0.341,-1.2428,-0.6244,Tidak signifikan,0.408,-0.8498,-0.4965,Tidak signifikan,0.427,-0.599,-0.4161
64.72,Kota Samarinda,Kota,Kalimantan Timur,64,Kalimantan,3.45,0.67,0.19,30.45,75.89,15.41,11.04,16345.0,83.53,0.51,19.42,0.284,882.61,117.15727305194805,-0.5191,-3.5759,1.3598,0.2398,K1 · Maju & ringan,2.035,False,Tidak signifikan,0.529,-1.029,-0.5565,Tidak signifikan,0.471,-0.6277,-0.5469,Tidak signifikan,0.483,-0.4161,-0.4974
64.74,Kota Bontang,Kota,Kalimantan Timur,64,Kalimantan,3.21,0.35,0.06,6.18,75.36,13.8,11.03,18861.0,83.04,0.67,10.9,0.171,192.52,117.46078166666666,0.11335,-3.4852,0.7876,-1.0217,K1 · Maju & ringan,1.918,False,Tidak signifikan,0.487,-1.0637,-0.459,Tidak signifikan,0.53,-0.843,-0.409,Tidak signifikan,0.481,-0.6803,-0.3857
65.01,Bulungan,Kabupaten,Kalimantan Utara,65,Kalimantan,7.26,0.84,0.17,9.92,73.99,13.26,9.42,10997.0,74.53,0.95,11.57,0.202,136.64,117.0734835039436,2.7645999999999997,-0.6738,-0.2486,-1.1756,K2 · Menengah,1.128,False,Tidak signifikan,0.086,-0.4785,-0.8199,Tidak signifikan,0.066,-0.5133,-0.8481,Tidak signifikan,0.095,-0.4568,-0.665
65.02,Malinau,Kabupaten,Kalimantan Utara,65,Kalimantan,5.56,0.25,0.01,5.24,73.33,13.58,9.64,11436.0,75.21,0.66,4.5,0.04,94.24,115.69188765553818,2.6197,-1.3524,0.0103,-2.0567,K2 · Menengah,2.076,False,Tidak signifikan,0.14,-0.7241,-0.5695,Tidak signifikan,0.194,-0.9103,-0.4662,Tidak signifikan,0.332,-0.7819,-0.332
65.03,Nunukan,Kabupaten,Kalimantan Utara,65,Kalimantan,5.27,1.26,0.55,11.81,73.21,12.81,8.4,8598.0,69.87,0.87,23.91,0.437,224.1,116.98458140756301,3.9061500000000002,0.5347,-0.3616,-1.2856,K2 · Menengah,1.313,False,Tidak signifikan,0.192,-0.766,-0.7964,Tidak signifikan,0.128,-0.2306,-0.8161,Tidak signifikan,0.16,0.3153,-0.6396
65.04,Tana Tidung,Kabupaten,Kalimantan Utara,65,Kalimantan,4.56,0.53,0.15,1.59,73.64,12.85,9.41,9037.0,71.86,1.28,11.62,0.283,34.87,116.93713022727272,3.53835,-0.1355,-0.8888,-2.5982,K2 · Menengah,2.908,False,Tidak signifikan,0.157,-0.8686,-0.6924,Tidak signifikan,0.126,-0.7219,-0.6765,Tidak signifikan,0.321,-0.4974,-0.4314
65.71,Kota Tarakan,Kota,Kalimantan Utara,65,Kalimantan,5.03,0.04,0.0,14.01,74.4,14.23,10.46,12961.0,78.62,0.76,0.8,0.0,278.53,117.59912941176471,3.3409000000000004,-2.2322,0.1811,-0.9369,K1 · Maju & ringan,1.291,False,Tidak signifikan,0.282,-0.8007,-0.6736,Tidak signifikan,0.294,-1.0516,-0.6176,Tidak signifikan,0.37,-0.8022,-0.4771
71.01,Bolaang Mongondow,Kabupaten,Sulawesi Utara,71,Sulawesi,6.98,0.74,0.12,18.4,72.48,11.82,8.49,11756.0,71.83,0.97,10.6,0.162,263.61,123.98667430747922,0.7218,0.1299,-1.0921,-0.9115,K2 · Menengah,1.348,False,Tidak signifikan,0.246,-0.519,-0.4759,Tidak signifikan,0.295,-0.5806,-0.4258,Tidak signifikan,0.436,-0.5584,-0.3186
71.02,Minahasa,Kabupaten,Sulawesi Utara,71,Sulawesi,5.88,1.04,0.24,20.63,75.6,14.2,10.25,14035.0,79.73,0.59,17.69,0.231,350.85,124.90378853818282,1.24025,-2.2526,0.815,-0.2279,K1 · Maju & ringan,1.503,False,Tidak signifikan,0.219,-0.6779,-0.5314,Tidak signifikan,0.473,-0.3787,-0.3141,Tidak signifikan,0.597,-0.3146,-0.2211
71.03,Kepulauan Sangihe,Kabupaten,Sulawesi Utara,71,Sulawesi,10.91,1.05,0.14,14.49,75.02,12.8,8.7,12839.0,75.18,1.01,9.62,0.133,132.81,125.54691096938775,3.55305,-0.5585,-0.4953,-0.4389,K2 · Menengah,0.621,False,Tidak signifikan,0.633,0.0489,-0.3239,Tidak signifikan,0.536,-0.372,-0.3821,Tidak signifikan,0.529,-0.5177,-0.3755
71.04,Kepulauan Talaud,Kabupaten,Sulawesi Utara,71,Sulawesi,8.34,1.37,0.31,7.95,73.92,12.84,9.97,9953.0,73.68,1.17,16.43,0.226,95.32,126.81086678947369,4.26865,-0.0686,-0.1896,-1.2254,K2 · Menengah,1.485,False,Tidak signifikan,0.944,-0.3225,0.0489,Tidak signifikan,0.671,-0.1566,-0.372,Tidak signifikan,0.46,-0.1723,-0.5177
71.05,Minahasa Selatan,Kabupaten,Sulawesi Utara,71,Sulawesi,8.26,1.41,0.33,17.67,74.74,13.03,9.53,12986.0,76.47,0.9,17.07,0.234,213.92,124.43643768656716,1.0715,-0.8618,0.1351,-0.3165,K2 · Menengah,0.547,False,Tidak signifikan,0.288,-0.334,-0.4984,Tidak signifikan,0.443,-0.1297,-0.372,Tidak signifikan,0.484,-0.1317,-0.3146
71.06,Minahasa Utara,Kabupaten,Sulawesi Utara,71,Sulawesi,6.05,0.88,0.25,12.5,75.02,13.27,10.36,12846.0,77.76,0.92,14.55,0.284,206.61,125.00037350746268,1.5192999999999999,-1.4861,0.1512,-0.6963,K1 · Maju & ringan,0.909,False,Tidak signifikan,0.17,-0.6533,-0.7241,Tidak signifikan,0.348,-0.4864,-0.4953,Tidak signifikan,0.427,-0.2942,-0.3958
71.07,Minahasa Tenggara,Kabupaten,Sulawesi Utara,71,Sulawesi,10.31,1.82,0.49,11.09,73.71,12.61,9.16,11981.0,74.28,0.81,17.65,0.269,107.57,124.73419251592357,0.9880500000000001,-0.0372,0.3891,-0.8752,K2 · Menengah,1.1,False,Tidak signifikan,0.297,-0.0378,-0.5903,Tidak signifikan,0.458,0.1462,-0.3944,Tidak signifikan,0.505,0.1934,-0.3416
71.08,Bolaang Mongondow Utara,Kabupaten,Sulawesi Utara,71,Sulawesi,7.15,0.86,0.19,6.03,73.93,12.58,8.63,10434.0,72.28,0.87,12.03,0.221,84.34,123.48421081081081,0.76065,-0.1837,-0.5684,-1.6935,K2 · Menengah,1.673,False,Tidak signifikan,0.778,-0.4944,0.154,Tidak signifikan,0.918,-0.4998,0.0621,Tidak signifikan,0.954,-0.4161,0.0359
71.09,Siau Tagulandang Biaro,Kabupaten,Sulawesi Utara,71,Sulawesi,8.32,0.7,0.11,5.64,75.1,12.05,9.51,9335.0,72.17,0.87,8.41,0.157,67.79,125.41987178571429,2.34775,-0.2965,-0.6887,-1.7449,K2 · Menengah,1.75,False,Tidak signifikan,0.947,-0.3254,0.0489,Tidak signifikan,0.671,-0.6075,-0.372,Tidak signifikan,0.462,-0.5787,-0.5177
71.10,Bolaang Mongondow Timur,Kabupaten,Sulawesi Utara,71,Sulawesi,5.32,0.6,0.11,4.04,73.73,12.11,8.3,10600.0,71.43,1.06,11.28,0.183,75.94,124.48951942640693,0.71145,-0.0189,-1.1966,-1.9988,K2 · Menengah,2.053,False,Tidak signifikan,0.478,-0.7588,-0.3366,Tidak signifikan,0.55,-0.6748,-0.2777,Tidak signifikan,0.658,-0.5787,-0.1927
71.11,Bolaang Mongondow Selatan,Kabupaten,Sulawesi Utara,71,Sulawesi,10.52,1.51,0.43,7.39,71.14,12.35,8.38,10519.0,70.54,0.89,14.35,0.285,70.25,124.18150315761307,0.45405,0.9449,-0.0866,-1.7169,K3 · Rentan,1.692,False,Tidak signifikan,0.5,-0.0075,-0.3496,Tidak signifikan,0.419,-0.0624,-0.3854,Tidak signifikan,0.404,0.0715,-0.3603
71.71,Kota Manado,Kota,Sulawesi Utara,71,Sulawesi,4.99,0.88,0.24,21.73,75.58,14.21,11.52,15755.0,82.4,0.66,17.64,0.273,435.47,124.8861115,1.5054500000000002,-2.9338,1.1252,-0.0579,K1 · Maju & ringan,1.6,False,Tidak signifikan,0.29,-0.8065,-0.6656,Tidak signifikan,0.497,-0.4864,-0.4325,Tidak signifikan,0.626,-0.3146,-0.3044
71.72,Kota Bitung,Kota,Sulawesi Utara,71,Sulawesi,5.81,0.68,0.12,13.57,74.76,12.88,10.05,13804.0,77.57,0.87,11.7,0.176,233.56,125.15834880952382,1.4964499999999998,-1.5715,-0.1497,-0.7061,K1 · Maju & ringan,0.978,False,Tidak signifikan,0.412,-0.688,-0.6533,Tidak signifikan,0.573,-0.6209,-0.4864,Tidak signifikan,0.686,-0.5584,-0.2942
71.73,Kota Tomohon,Kota,Sulawesi Utara,71,Sulawesi,4.86,0.69,0.12,5.55,75.99,14.39,11.04,13503.0,80.65,0.74,14.2,0.174,114.2,124.8052857017544,1.3215,-2.6495,0.8149,-1.2896,K1 · Maju & ringan,1.75,False,Tidak signifikan,0.404,-0.8253,-0.6779,Tidak signifikan,0.663,-0.6142,-0.3787,Tidak signifikan,0.67,-0.5584,-0.3146
71.74,Kota Kotamobagu,Kota,Sulawesi Utara,71,Sulawesi,5.14,0.47,0.13,7.18,75.37,13.25,10.36,12337.0,77.49,0.82,9.14,0.277,139.69,124.31393863636364,0.7124,-1.7599,0.0179,-1.3043,K1 · Maju & ringan,1.407,False,Tidak signifikan,0.351,-0.7848,-0.6389,Tidak signifikan,0.271,-0.7623,-0.6277,Tidak signifikan,0.252,-0.538,-0.5685
72.01,Banggai,Kabupaten,Sulawesi Tengah,72,Sulawesi,6.23,0.74,0.14,25.17,72.52,13.43,8.94,11000.0,73.44,0.8,11.88,0.189,404.01,122.31895016339868,-1.0915,-0.5066,-0.3255,-0.7361,K2 · Menengah,0.987,False,Tidak signifikan,0.691,-0.6273,0.2323,Tidak signifikan,0.848,-0.5806,0.126,Tidak signifikan,0.978,-0.5177,0.0105
72.02,Poso,Kabupaten,Sulawesi Tengah,72,Sulawesi,12.9,2.22,0.65,36.49,73.34,13.76,9.84,10314.0,74.55,1.22,17.21,0.293,282.87,120.54210967741935,-1.67385,0.4591,0.6094,0.3858,K3 · Rentan,1.319,False,Tidak signifikan,0.911,0.3364,0.0513,Tidak signifikan,0.641,0.4154,0.2023,Tidak signifikan,0.561,0.5184,0.234
72.03,Donggala,Kabupaten,Sulawesi Tengah,72,Sulawesi,14.66,2.71,0.73,45.92,71.03,12.75,8.01,9337.0,69.23,0.76,18.49,0.269,313.23,119.67661596774194,-1.04995,1.819,0.5444,-0.0427,K3 · Rentan,1.553,False,Tidak signifikan,0.69,0.5907,-0.1867,Tidak signifikan,0.96,0.7451,0.0237,Tidak signifikan,0.836,0.681,0.0999
72.04,Toli-Toli,Kabupaten,Sulawesi Tengah,72,Sulawesi,12.2,2.2,0.6,29.98,71.62,13.18,9.0,9295.0,71.09,1.01,18.03,0.273,245.74,120.8745058146313,0.9724999999999999,1.1465,0.3596,-0.3172,K3 · Rentan,0.639,False,Tidak signifikan,0.463,0.2352,0.4303,Tidak signifikan,0.259,0.4019,0.55,Tidak signifikan,0.184,0.4169,0.5591
72.05,Buol,Kabupaten,Sulawesi Tengah,72,Sulawesi,12.48,1.62,0.34,22.35,71.62,13.19,9.21,9410.0,71.47,0.82,12.98,0.21,179.09,121.54161931818183,0.99605,0.6329,0.2859,-0.834,K3 · Rentan,1.004,False,Tidak signifikan,0.266,0.2757,0.5257,Tidak signifikan,0.193,0.0116,0.5483,Tidak signifikan,0.214,-0.1114,0.4778
72.06,Morowali,Kabupaten,Sulawesi Tengah,72,Sulawesi,10.38,1.07,0.21,13.65,71.34,13.4,9.39,12527.0,74.7,0.46,10.31,0.196,131.5,121.87747612047878,-2.7158499999999997,-0.6084,0.7522,-1.374,K2 · Menengah,2.238,False,Tidak signifikan,0.926,-0.0277,-0.0523,Tidak signifikan,0.71,-0.3585,0.1984,Tidak signifikan,0.672,-0.3755,0.2137
72.07,Banggai Kepulauan,Kabupaten,Sulawesi Tengah,72,Sulawesi,11.49,2.14,0.55,13.92,67.83,13.12,8.88,8723.0,68.44,1.17,18.62,0.257,121.15,123.35147361111112,-1.39825,2.0082,0.2648,-1.5264,K3 · Rentan,1.845,False,Tidak signifikan,0.817,0.1327,-0.1592,Tidak signifikan,0.614,0.3616,-0.345,Tidak signifikan,0.422,0.3153,-0.4365
72.08,Parigi Moutong,Kabupaten,Sulawesi Tengah,72,Sulawesi,13.51,2.93,0.94,71.88,69.09,12.53,8.07,11194.0,69.99,0.73,21.69,0.321,532.05,119.961003,-0.236,1.9795,0.8939,0.2726,K3 · Rentan,1.879,False,Tidak signifikan,0.615,0.4245,0.19,Tidak signifikan,0.655,0.8932,0.1827,Tidak signifikan,0.762,1.1076,0.1353
72.09,Tojo Una-Una,Kabupaten,Sulawesi Tengah,72,Sulawesi,14.67,1.69,0.28,23.59,71.3,12.62,8.58,9200.0,69.76,1.04,11.52,0.166,160.8,121.63749076236263,-1.2301000000000002,1.3437,-0.3067,-0.7083,K3 · Rentan,0.897,False,Tidak signifikan,0.867,0.5921,-0.1062,Tidak signifikan,0.903,0.0587,-0.0691,Tidak signifikan,0.98,-0.2333,-0.0166
72.10,Sigi,Kabupaten,Sulawesi Tengah,72,Sulawesi,10.47,1.77,0.44,26.03,71.63,13.3,9.05,9659.0,71.68,1.1,16.91,0.249,248.62,119.93073729395604,-1.4571,0.7914,0.0122,-0.4794,K3 · Rentan,0.734,False,Tidak signifikan,0.777,-0.0147,-0.0981,Tidak signifikan,0.684,0.1126,0.1558,Tidak signifikan,0.482,0.0918,0.2543
72.11,Banggai Laut,Kabupaten,Sulawesi Tengah,72,Sulawesi,12.71,1.44,0.22,10.44,71.45,13.17,8.66,9184.0,70.46,1.16,11.33,0.153,82.14,123.10259044117647,-1.84245,0.9947,-0.3339,-1.3487,K3 · Rentan,1.507,False,Tidak signifikan,0.873,0.3089,0.1327,Tidak signifikan,0.668,-0.1095,0.3616,Tidak signifikan,0.68,-0.3552,0.3153
72.12,Morowali Utara,Kabupaten,Sulawesi Tengah,72,Sulawesi,10.38,1.54,0.37,14.78,72.61,12.6,9.14,10258.0,72.16,0.73,14.84,0.24,142.39,121.12132954917816,-1.8416000000000001,0.2986,0.1713,-1.0825,K2 · Menengah,1.435,False,Tidak signifikan,0.861,-0.0277,-0.0835,Tidak signifikan,0.755,-0.0422,-0.1472,Tidak signifikan,0.722,-0.0504,-0.152
72.71,Kota Palu,Kota,Sulawesi Tengah,72,Sulawesi,5.26,0.67,0.14,21.99,74.25,16.53,11.76,16269.0,84.53,0.49,12.74,0.209,418.06,119.90092931034482,-0.7986500000000001,-3.7581,2.1046,-0.2396,K1 · Maju & ringan,2.344,False,Tidak signifikan,0.581,-0.7675,0.3335,Tidak signifikan,0.244,-0.6277,0.5836,Tidak signifikan,0.145,-0.5177,0.6268
73.01,Kepulauan Selayar,Kabupaten,Sulawesi Selatan,73,Sulawesi,10.61,1.5,0.32,14.77,73.79,12.96,8.64,10589.0,72.78,1.11,14.14,0.213,139.21,120.95128596698113,-7.296250000000001,0.3089,-0.374,-0.6243,K2 · Menengah,0.754,False,Tidak signifikan,0.052,0.0055,1.4785,Rendah–Tinggi,0.025,-0.0691,1.6974,Rendah–Tinggi,0.048,-0.152,1.3921
73.02,Bulukumba,Kabupaten,Sulawesi Selatan,73,Sulawesi,6.06,0.7,0.12,25.88,74.43,13.46,8.66,12456.0,75.26,1.12,11.55,0.171,427.06,120.24227079545454,-5.4532,-0.8362,-0.7998,-0.1033,K2 · Menengah,0.861,False,Tidak signifikan,0.513,-0.6519,-0.4373,Tidak signifikan,0.437,-0.6075,-0.4796,Tidak signifikan,0.377,-0.5584,-0.4365
73.03,Bantaeng,Kabupaten,Sulawesi Selatan,73,Sulawesi,7.68,0.83,0.15,14.74,73.11,12.92,7.43,13310.0,73.12,1.27,10.81,0.181,191.93,119.9845932313736,-5.466749999999999,0.0084,-1.2001,-0.5589,K2 · Menengah,1.276,False,Tidak signifikan,0.445,-0.4178,-0.3886,Tidak signifikan,0.395,-0.52,-0.4191,Tidak signifikan,0.341,-0.4974,-0.3907
73.04,Jeneponto,Kabupaten,Sulawesi Selatan,73,Sulawesi,11.42,1.18,0.18,42.56,74.28,12.28,7.02,10691.0,70.25,1.15,10.33,0.153,372.68,119.60876767219709,-5.5409500000000005,0.8256,-1.502,0.3045,K2 · Menengah,1.315,False,Tidak signifikan,0.374,0.1225,-0.4877,Tidak signifikan,0.382,-0.2845,-0.4639,Tidak signifikan,0.411,-0.4365,-0.3823
73.05,Takalar,Kabupaten,Sulawesi Selatan,73,Sulawesi,7.27,0.82,0.17,22.17,74.08,12.62,7.84,12014.0,72.79,1.01,11.28,0.207,304.95,119.44786129807693,-5.44965,-0.1594,-1.0619,-0.3745,K2 · Menengah,0.994,False,Tidak signifikan,0.446,-0.4771,-0.4443,Tidak signifikan,0.387,-0.5267,-0.4527,Tidak signifikan,0.372,-0.4568,-0.4094
73.06,Gowa,Kabupaten,Sulawesi Selatan,73,Sulawesi,6.64,1.09,0.3,54.04,74.43,13.72,8.54,11103.0,74.22,0.69,16.42,0.275,813.86,119.7684420886076,-5.32985,-0.6976,-0.1407,0.2793,K2 · Menengah,1.27,False,Tidak signifikan,0.335,-0.5681,-0.3666,Tidak signifikan,0.234,-0.345,-0.4133,Tidak signifikan,0.266,-0.1927,-0.3958
73.07,Sinjai,Kabupaten,Sulawesi Selatan,73,Sulawesi,7.41,0.95,0.21,18.44,73.36,13.46,7.97,11111.0,72.76,1.32,12.82,0.221,248.85,120.14530754624326,-5.2011,0.1201,-1.012,-0.4444,K2 · Menengah,1.466,False,Tidak signifikan,0.358,-0.4568,-0.4615,Tidak signifikan,0.325,-0.4393,-0.4561,Tidak signifikan,0.303,-0.3755,-0.406
73.08,Bone,Kabupaten,Sulawesi Selatan,73,Sulawesi,9.13,1.08,0.21,69.73,73.84,13.03,7.7,10538.0,71.63,1.16,11.83,0.194,763.75,120.09417476190475,-4.6829,0.3945,-1.2075,0.6486,K2 · Menengah,1.147,False,Tidak signifikan,0.305,-0.2083,-0.391,Tidak signifikan,0.293,-0.3518,-0.371,Tidak signifikan,0.328,-0.3755,-0.3494
73.09,Maros,Kabupaten,Sulawesi Selatan,73,Sulawesi,8.9,1.54,0.38,32.67,74.1,13.52,8.2,12709.0,74.79,1.01,17.3,0.247,367.08,119.69266051270732,-4.969099999999999,-0.2701,-0.1891,0.2559,K2 · Menengah,0.309,False,Tidak signifikan,0.441,-0.2416,-0.3788,Tidak signifikan,0.332,-0.0422,-0.4443,Tidak signifikan,0.32,-0.0301,-0.4009
73.10,Pangkajene dan Kepulauan,Kabupaten,Sulawesi Selatan,73,Sulawesi,11.6,1.08,0.18,40.37,73.48,12.94,8.48,13209.0,74.62,1.02,9.31,0.167,348.02,119.5890484375,-4.754049999999999,-0.2204,-0.508,0.2846,K2 · Menengah,0.559,False,Tidak signifikan,0.651,0.1485,-0.2738,Tidak signifikan,0.649,-0.3518,-0.28,Tidak signifikan,0.595,-0.4365,-0.2875
73.11,Barru,Kabupaten,Sulawesi Selatan,73,Sulawesi,8.0,0.94,0.17,14.13,73.18,13.76,8.93,12559.0,75.41,1.21,11.75,0.181,176.62,119.67750344160105,-4.43545,-0.5579,-0.3784,-0.64,K2 · Menengah,1.271,False,Tidak signifikan,0.269,-0.3716,-0.4661,Tidak signifikan,0.217,-0.446,-0.5092,Tidak signifikan,0.172,-0.4568,-0.4812
73.12,Soppeng,Kabupaten,Sulawesi Selatan,73,Sulawesi,6.65,0.94,0.17,15.34,74.21,13.4,8.59,10929.0,73.69,1.28,14.14,0.181,230.68,119.90848443396226,-4.32015,-0.2617,-0.8976,-0.5592,K2 · Menengah,1.443,False,Tidak signifikan,0.279,-0.5667,-0.5197,Tidak signifikan,0.289,-0.446,-0.4763,Tidak signifikan,0.253,-0.4568,-0.4568
73.13,Wajo,Kabupaten,Sulawesi Selatan,73,Sulawesi,5.86,0.82,0.15,24.15,73.77,13.34,7.72,13957.0,74.72,1.0,13.99,0.183,412.12,120.12835581395349,-3.9659,-0.7191,-0.7969,-0.1752,K2 · Menengah,0.763,False,Tidak signifikan,0.436,-0.6808,-0.3839,Tidak signifikan,0.45,-0.5267,-0.3635,Tidak signifikan,0.38,-0.4974,-0.3907
73.14,Sidenreng Rappang,Kabupaten,Sulawesi Selatan,73,Sulawesi,4.91,0.74,0.15,15.2,74.69,13.11,8.36,13604.0,75.49,0.91,15.07,0.203,309.57,120.00146763969975,-3.8105,-1.0895,-0.635,-0.5678,K2 · Menengah,0.959,False,Tidak signifikan,0.27,-0.8181,-0.3916,Tidak signifikan,0.305,-0.5806,-0.3845,Tidak signifikan,0.213,-0.4974,-0.3987
73.15,Pinrang,Kabupaten,Sulawesi Selatan,73,Sulawesi,8.38,1.24,0.25,32.52,74.87,13.29,8.54,13419.0,75.87,0.58,14.8,0.202,388.07,119.60408011752801,-3.65655,-1.0527,0.105,0.0478,K2 · Menengah,1.781,False,Tidak signifikan,0.77,-0.3167,-0.1236,Tidak signifikan,0.593,-0.2441,-0.2407,Tidak signifikan,0.448,-0.2942,-0.2942
73.16,Enrekang,Kabupaten,Sulawesi Selatan,73,Sulawesi,10.73,1.4,0.29,23.09,74.3,13.9,9.26,12571.0,76.5,0.88,13.05,0.207,215.19,119.88439747474747,-3.53145,-0.7982,0.3806,-0.1166,K2 · Menengah,0.497,False,Tidak signifikan,0.617,0.0228,-0.2705,Tidak signifikan,0.536,-0.1364,-0.3047,Tidak signifikan,0.406,-0.213,-0.3704
73.17,Luwu,Kabupaten,Sulawesi Selatan,73,Sulawesi,10.97,1.49,0.28,41.76,73.85,13.44,8.96,11634.0,74.66,1.08,13.58,0.188,380.67,120.22106018798414,-3.34655,-0.1331,-0.195,0.3584,K2 · Menengah,0.449,False,Tidak signifikan,0.475,0.0575,-0.2888,Tidak signifikan,0.598,-0.0759,-0.1931,Tidak signifikan,0.645,-0.2333,-0.1694
73.18,Tana Toraja,Kabupaten,Sulawesi Selatan,73,Sulawesi,10.54,1.13,0.17,25.82,75.17,14.25,8.92,8595.0,72.77,1.15,10.72,0.15,244.97,119.76831605504587,-3.0652999999999997,-0.1517,-0.4515,-0.139,K2 · Menengah,0.967,False,Tidak signifikan,0.888,-0.0046,-0.0638,Tidak signifikan,0.742,-0.3181,-0.1555,Tidak signifikan,0.548,-0.4568,-0.2367
73.22,Luwu Utara,Kabupaten,Sulawesi Selatan,73,Sulawesi,10.74,2.29,0.71,35.03,74.25,12.63,8.51,13390.0,74.81,1.04,21.32,0.31,326.16,120.1290076923077,-2.42855,0.2724,0.1996,0.5964,K2 · Menengah,0.609,False,Tidak signifikan,0.605,0.0243,-0.1984,Tidak signifikan,0.841,0.4625,-0.0797,Tidak signifikan,0.863,0.6403,-0.0591
73.24,Luwu Timur,Kabupaten,Sulawesi Selatan,73,Sulawesi,5.79,1.2,0.32,18.55,74.86,13.38,9.04,14381.0,77.28,1.1,20.73,0.267,320.38,121.08735716019417,-2.51785,-1.1277,-0.2175,-0.0566,K2 · Menengah,0.696,False,Tidak signifikan,0.693,-0.6909,0.1611,Tidak signifikan,0.467,-0.271,0.2898,Tidak signifikan,0.332,-0.152,0.3525
73.26,Toraja Utara,Kabupaten,Sulawesi Selatan,73,Sulawesi,10.05,1.58,0.37,24.48,75.24,13.53,8.72,9753.0,73.24,1.29,15.72,0.234,243.58,119.84164726015558,-2.88305,0.1791,-0.5143,0.1011,K2 · Menengah,1.232,False,Tidak signifikan,0.72,-0.0754,-0.1861,Tidak signifikan,0.752,-0.0153,-0.1512,Tidak signifikan,0.766,-0.0504,-0.1398
73.71,Kota Makassar,Kota,Sulawesi Selatan,73,Sulawesi,4.43,0.52,0.1,71.63,75.6,15.63,11.59,18878.0,85.66,0.5,11.74,0.192,1616.93,119.45834837662338,-5.1461500000000004,-4.1711,1.5361,1.1133,K1 · Maju & ringan,2.536,False,Tidak signifikan,0.45,-0.8874,-0.4289,Tidak signifikan,0.574,-0.7286,-0.3047,Tidak signifikan,0.654,-0.599,-0.2265
73.72,Kota Parepare,Kota,Sulawesi Selatan,73,Sulawesi,4.44,0.39,0.08,6.73,74.9,14.62,10.89,15408.0,81.5,0.65,8.78,0.205,151.58,119.66197816558442,-4.0215499999999995,-2.9794,0.9451,-1.2392,K1 · Maju & ringan,1.87,False,Tidak signifikan,0.398,-0.886,-0.5021,Tidak signifikan,0.432,-0.8161,-0.4235,Tidak signifikan,0.368,-0.6396,-0.4161
73.73,Kota Palopo,Kota,Sulawesi Selatan,73,Sulawesi,7.18,1.25,0.34,14.31,74.47,15.14,11.17,14837.0,81.74,0.6,17.41,0.272,199.3,120.12354188311689,-2.97925,-2.5485,1.7475,-0.5104,K1 · Maju & ringan,1.855,False,Tidak signifikan,0.992,-0.4901,-0.0089,Tidak signifikan,0.943,-0.2374,-0.0456,Tidak signifikan,0.837,-0.1114,-0.1419
74.01,Kolaka,Kabupaten,Sulawesi Tenggara,74,Sulawesi,10.19,1.65,0.4,29.45,73.86,13.17,9.55,13941.0,76.92,0.94,16.19,0.242,289.01,121.69337352925155,-4.1193,-0.6679,0.3766,0.1908,K2 · Menengah,0.483,False,Tidak signifikan,0.745,-0.0552,0.1895,Tidak signifikan,0.385,0.0318,0.4356,Tidak signifikan,0.236,0.0105,0.4981
74.02,Konawe,Kabupaten,Sulawesi Tenggara,74,Sulawesi,12.78,2.75,0.82,33.04,73.04,13.11,9.8,11763.0,75.09,0.79,21.52,0.298,258.53,121.65232443952033,-3.5134499999999997,0.3566,1.3133,0.1986,K3 · Rentan,1.255,False,Tidak signifikan,0.799,0.319,-0.1047,Tidak signifikan,0.938,0.7721,0.0289,Tidak signifikan,0.883,0.8638,0.0599
74.03,Muna,Kabupaten,Sulawesi Tenggara,74,Sulawesi,12.4,1.74,0.39,28.81,71.77,14.18,8.86,9526.0,72.23,1.02,14.03,0.224,232.34,122.70194841101696,-4.922700000000001,0.5921,0.3296,-0.3639,K3 · Rentan,0.635,False,Tidak signifikan,0.459,0.2641,0.3837,Tidak signifikan,0.86,0.0924,0.0873,Tidak signifikan,0.825,-0.0098,-0.1165
74.04,Buton,Kabupaten,Sulawesi Tenggara,74,Sulawesi,13.46,1.69,0.33,13.89,70.66,13.97,8.69,8607.0,70.22,0.72,12.56,0.195,103.19,122.95618636363636,-5.3606,0.8567,0.6077,-1.4376,K3 · Rentan,1.587,False,Tidak signifikan,0.704,0.4173,0.1916,Tidak signifikan,0.968,0.0587,-0.0247,Tidak signifikan,0.804,-0.1317,-0.1155
74.05,Konawe Selatan,Kabupaten,Sulawesi Tenggara,74,Sulawesi,11.18,1.67,0.35,37.4,71.95,12.95,8.97,10574.0,72.32,1.13,14.94,0.21,334.53,122.44944403939508,-4.26205,0.6792,-0.2553,-0.0647,K2 · Menengah,0.507,False,Tidak signifikan,0.868,0.0879,-0.0945,Tidak signifikan,0.692,0.0453,0.2202,Tidak signifikan,0.481,-0.0911,0.3153
74.06,Bombana,Kabupaten,Sulawesi Tenggara,74,Sulawesi,10.14,1.82,0.43,20.15,71.31,11.98,8.27,9957.0,69.54,1.0,17.95,0.236,198.72,121.75665995475114,-4.6396999999999995,1.3236,-0.4836,-0.8452,K3 · Rentan,1.115,False,Tidak signifikan,0.735,-0.0624,0.1825,Tidak signifikan,0.673,0.1462,0.2303,Tidak signifikan,0.738,0.0715,0.1731
74.07,Wakatobi,Kabupaten,Sulawesi Tenggara,74,Sulawesi,13.4,2.46,0.69,13.98,71.1,13.55,8.54,11199.0,72.59,0.78,18.36,0.28,104.33,123.58519150165017,-5.3109,0.8895,1.089,-0.893,K3 · Rentan,1.389,False,Tidak signifikan,0.57,0.4086,0.4,Tidak signifikan,0.975,0.5769,-0.0187,Tidak signifikan,0.801,0.5997,-0.1723
74.08,Kolaka Utara,Kabupaten,Sulawesi Tenggara,74,Sulawesi,12.94,2.33,0.65,21.47,70.77,12.25,9.06,11941.0,72.37,0.86,18.01,0.279,165.92,121.09707885093167,-3.2588,1.0528,0.62,-0.5906,K3 · Rentan,1.127,False,Tidak signifikan,0.952,0.3422,-0.0346,Tidak signifikan,0.568,0.4894,0.301,Tidak signifikan,0.324,0.5184,0.4067
74.09,Konawe Utara,Kabupaten,Sulawesi Tenggara,74,Sulawesi,11.89,2.1,0.49,8.19,70.73,13.15,9.79,11104.0,73.42,0.98,17.66,0.233,68.88,121.97597806526807,-3.4545500000000002,0.5813,0.822,-1.4559,K3 · Rentan,1.538,False,Tidak signifikan,0.843,0.1904,0.1457,Tidak signifikan,0.77,0.3346,0.2068,Tidak signifikan,0.711,0.1934,0.2442
74.10,Buton Utara,Kabupaten,Sulawesi Tenggara,74,Sulawesi,13.22,1.46,0.29,8.69,71.47,13.33,9.28,9119.0,71.29,0.76,11.04,0.199,65.73,122.95890938636363,-4.7566,0.5578,0.4754,-1.7174,K3 · Rentan,1.711,False,Tidak signifikan,0.421,0.3826,0.4115,Tidak signifikan,0.728,-0.096,0.1916,Tidak signifikan,0.893,-0.213,0.0613
74.11,Kolaka Timur,Kabupaten,Sulawesi Tenggara,74,Sulawesi,12.57,2.6,0.84,18.99,73.47,12.73,8.65,9420.0,71.19,1.24,20.68,0.323,151.07,121.75501510416666,-3.82195,1.4453,0.1947,-0.1536,K3 · Rentan,1.034,False,Tidak signifikan,0.784,0.2887,0.1263,Tidak signifikan,0.49,0.6711,0.297,Tidak signifikan,0.512,0.9045,0.2746
74.12,Konawe Kepulauan,Kabupaten,Sulawesi Tenggara,74,Sulawesi,14.42,1.66,0.29,5.01,70.38,12.57,9.61,8286.0,69.39,0.9,11.51,0.175,34.74,123.09827777777778,-4.1159,1.2602,0.3173,-2.3019,K3 · Rentan,2.173,False,Tidak signifikan,0.704,0.556,-0.2705,Tidak signifikan,0.526,0.0385,-0.4022,Tidak signifikan,0.465,-0.213,-0.3958
74.13,Muna Barat,Kabupaten,Sulawesi Tenggara,74,Sulawesi,12.83,1.92,0.4,10.97,71.32,12.75,8.31,8858.0,69.18,1.18,14.96,0.208,85.5,122.45000729391973,-4.822900000000001,1.5561,-0.3095,-1.2422,K3 · Rentan,1.461,False,Tidak signifikan,0.762,0.3263,0.2641,Tidak signifikan,0.913,0.2135,0.0924,Tidak signifikan,1.0,0.0105,-0.0098
74.14,Buton Tengah,Kabupaten,Sulawesi Tenggara,74,Sulawesi,13.4,1.86,0.33,12.61,70.65,13.44,7.37,8825.0,68.39,1.2,13.88,0.177,94.1,122.388958045977,-5.291399999999999,1.7341,-0.4334,-1.1805,K3 · Rentan,1.51,False,Tidak signifikan,0.873,0.4086,0.1009,Tidak signifikan,0.869,0.1731,0.1193,Tidak signifikan,0.956,-0.1317,0.0308
74.15,Buton Selatan,Kabupaten,Sulawesi Tenggara,74,Sulawesi,13.64,1.49,0.22,11.0,70.36,13.37,7.8,8684.0,68.54,0.73,10.92,0.148,80.65,122.69132719298246,-5.59485,1.2238,0.0278,-1.734,K3 · Rentan,1.927,False,Tidak signifikan,0.911,0.4433,-0.0617,Tidak signifikan,0.686,-0.0759,-0.2811,Tidak signifikan,0.528,-0.3552,-0.3654
74.71,Kota Kendari,Kota,Sulawesi Tenggara,74,Sulawesi,4.18,0.55,0.11,18.38,75.72,16.94,12.56,16002.0,86.36,0.45,13.16,0.2,439.71,122.52910719815438,-3.99755,-4.466,2.3617,-0.2584,K1 · Maju & ringan,2.687,False,Tidak signifikan,0.604,-0.9235,0.321,Tidak signifikan,0.586,-0.7084,0.2853,Tidak signifikan,0.741,-0.5787,0.1866
74.72,Kota Baubau,Kota,Sulawesi Tenggara,74,Sulawesi,6.83,0.68,0.1,12.41,74.93,15.54,11.11,12260.0,80.29,0.85,9.96,0.147,181.7,122.70541761029412,-5.42655,-2.408,1.0067,-0.7599,K1 · Maju & ringan,1.661,False,Tidak signifikan,0.529,-0.5406,0.4303,Tidak signifikan,0.99,-0.6209,-0.0086,Tidak signifikan,0.731,-0.599,-0.2434
75.01,Gorontalo,Kabupaten,Gorontalo,75,Sulawesi,14.89,1.66,0.3,56.13,71.26,13.23,7.96,11110.0,71.54,0.82,11.15,0.181,376.96,122.72548676470589,0.7009000000000001,0.861,-0.005,0.1279,K3 · Rentan,1.097,False,Tidak signifikan,0.592,0.6239,0.305,Tidak signifikan,0.488,0.0385,0.3431,Tidak signifikan,0.573,-0.1927,0.2594
75.02,Boalemo,Kabupaten,Gorontalo,75,Sulawesi,16.37,3.48,0.93,29.4,71.7,12.6,7.32,10720.0,69.89,0.79,21.26,0.267,179.6,122.33563878923766,0.68815,2.0878,0.8684,0.0149,K3 · Rentan,1.704,False,Tidak signifikan,0.188,0.8377,0.6889,Tidak signifikan,0.611,1.2633,0.3122,Tidak signifikan,0.905,1.0873,0.0647
75.03,Bone Bolango,Kabupaten,Gorontalo,75,Sulawesi,13.16,1.92,0.45,21.11,70.73,13.7,8.62,11935.0,73.3,0.66,14.59,0.234,160.41,123.3095536392405,0.5547500000000001,0.3908,0.9084,-0.7573,K3 · Rentan,1.501,False,Tidak signifikan,0.959,0.3739,0.026,Tidak signifikan,0.811,0.2135,-0.1257,Tidak signifikan,0.772,0.1121,-0.1398
75.04,Pohuwato,Kabupaten,Gorontalo,75,Sulawesi,15.24,1.93,0.33,26.1,70.0,12.49,7.79,11872.0,70.59,0.57,12.66,0.171,171.26,121.64711338797815,0.7067,1.1234,0.3209,-0.8044,K3 · Rentan,2.272,False,Tidak signifikan,0.231,0.6745,0.5766,Tidak signifikan,0.131,0.2202,0.7115,Tidak signifikan,0.103,-0.1317,0.6505
75.05,Gorontalo Utara,Kabupaten,Gorontalo,75,Sulawesi,15.89,2.61,0.65,17.9,70.25,12.71,7.56,10678.0,69.62,1.15,16.43,0.249,112.65,123.04894897540984,0.86565,2.0989,0.1582,-0.6071,K3 · Rentan,1.079,False,Tidak signifikan,0.354,0.7684,0.3819,Tidak signifikan,0.631,0.6778,0.2079,Tidak signifikan,0.893,0.5184,0.0579
75.71,Kota Gorontalo,Kota,Gorontalo,75,Sulawesi,5.31,0.44,0.06,12.12,74.03,14.63,10.59,14285.0,79.97,1.0,8.29,0.136,228.25,123.0422097826087,0.5326,-2.2334,0.3792,-0.7539,K1 · Maju & ringan,1.508,False,Tidak signifikan,0.451,-0.7603,0.4989,Tidak signifikan,0.855,-0.7825,0.126,Tidak signifikan,0.963,-0.6803,-0.0403
76.01,Pasangkayu,Kabupaten,Sulawesi Barat,76,Sulawesi,4.96,0.62,0.1,9.65,70.86,12.1,8.14,12644.0,71.62,0.82,12.5,0.161,194.56,119.37946359562181,-1.3437000000000001,0.0049,-0.8424,-1.7393,K2 · Menengah,1.984,False,Tidak signifikan,0.954,-0.8108,0.0306,Tidak signifikan,0.675,-0.6613,0.2404,Tidak signifikan,0.651,-0.599,0.2408
76.02,Mamuju,Kabupaten,Sulawesi Barat,76,Sulawesi,6.99,0.73,0.13,22.48,72.61,13.3,8.71,10682.0,72.77,1.27,10.44,0.178,321.6,119.38945054330458,-2.53795,0.0149,-0.9697,-0.5452,K2 · Menengah,1.386,False,Tidak signifikan,0.935,-0.5175,0.0424,Tidak signifikan,0.976,-0.5873,0.0139,Tidak signifikan,0.929,-0.538,-0.0437
76.03,Mamasa,Kabupaten,Sulawesi Barat,76,Sulawesi,13.66,1.79,0.35,22.87,72.43,12.61,8.41,8779.0,69.56,1.28,13.1,0.196,167.42,119.31845852069495,-2.9968500000000002,1.4647,-0.6577,-0.4355,K3 · Rentan,1.194,False,Tidak signifikan,0.998,0.4462,0.0015,Tidak signifikan,0.683,0.126,-0.1808,Tidak signifikan,0.523,-0.0911,-0.2821
76.04,Polewali Mandar,Kabupaten,Sulawesi Barat,76,Sulawesi,14.02,2.02,0.46,63.29,71.46,13.51,7.84,9999.0,70.71,1.19,14.41,0.228,451.43,119.14472222222221,-3.3029,1.3917,-0.2491,0.4939,K3 · Rentan,0.883,False,Tidak signifikan,0.787,0.4982,0.1591,Tidak signifikan,0.926,0.2808,-0.0512,Tidak signifikan,0.685,0.1324,-0.213
76.05,Majene,Kabupaten,Sulawesi Barat,76,Sulawesi,12.98,1.55,0.27,23.4,70.74,13.84,9.68,11299.0,74.15,1.23,11.94,0.174,180.28,118.8728697368421,-3.24145,0.3726,0.2679,-0.4912,K3 · Rentan,1.355,False,Tidak signifikan,0.802,0.3479,0.1423,Tidak signifikan,0.931,-0.0355,-0.0602,Tidak signifikan,0.777,-0.2536,-0.1656
76.06,Mamuju Tengah,Kabupaten,Sulawesi Barat,76,Sulawesi,7.22,1.4,0.37,10.62,70.44,12.69,8.1,9484.0,69.17,0.93,19.39,0.264,147.09,119.53148669724771,-2.02175,1.0416,-0.41,-1.6753,K3 · Rentan,1.652,False,Tidak signifikan,0.538,-0.4843,-0.3297,Tidak signifikan,0.751,-0.1364,-0.1684,Tidak signifikan,0.84,-0.0504,-0.1012
81.01,Maluku Tengah,Kabupaten,Maluku,81,Maluku,16.71,2.54,0.59,63.05,71.28,14.68,10.06,11532.0,75.87,1.03,15.2,0.232,377.32,129.4688763157895,-3.1221,0.3855,1.4757,0.6798,K3 · Rentan,1.501,False,Tidak signifikan,0.177,0.8869,0.7405,Tidak signifikan,0.125,0.6307,0.7631,Tidak signifikan,0.093,0.3965,0.7622
81.02,Maluku Tenggara,Kabupaten,Maluku,81,Maluku,21.16,2.71,0.49,21.42,71.24,13.11,9.85,8738.0,71.16,0.82,12.81,0.181,101.23,132.72251899432536,-5.77195,1.4948,1.2154,-0.6649,K3 · Rentan,1.393,False,Tinggi–Tinggi,0.016,1.5298,1.6449,Tinggi–Tinggi,0.03,0.7451,1.4226,Tinggi–Tinggi,0.047,0.1934,1.1009
81.03,Maluku Tenggara Barat,Kabupaten,Maluku,81,Maluku,23.38,4.07,1.01,26.46,70.53,12.58,9.93,7342.0,68.47,1.15,17.41,0.248,113.17,131.42314784756007,-7.5717,3.0664,1.5487,-0.1722,K3 · Rentan,1.906,False,Tinggi–Tinggi,0.045,1.8506,1.402,Tidak signifikan,0.098,1.6604,1.085,Tidak signifikan,0.118,1.2499,0.7724
81.04,Buru,Kabupaten,Maluku,81,Maluku,15.11,2.42,0.5,23.95,70.56,13.25,9.28,11562.0,73.24,0.95,16.02,0.207,158.5,126.72332814479637,-3.36395,0.9051,0.8521,-0.4542,K3 · Rentan,0.887,False,Tidak signifikan,0.465,0.6557,0.6167,Tidak signifikan,0.792,0.55,0.2202,Tidak signifikan,0.967,0.2137,0.0308
81.05,Seram Bagian Timur,Kabupaten,Maluku,81,Maluku,20.9,3.54,0.91,24.33,69.19,13.07,9.25,10204.0,71.1,1.17,16.94,0.257,116.41,130.39119623287672,-3.4199,2.4567,1.4424,-0.2551,K3 · Rentan,1.736,False,Tidak signifikan,0.232,1.4923,0.8869,Tidak signifikan,0.394,1.3037,0.6307,Tidak signifikan,0.608,1.0467,0.3965
81.06,Seram Bagian Barat,Kabupaten,Maluku,81,Maluku,21.85,4.23,1.32,38.01,71.58,13.71,9.6,9854.0,72.91,0.51,19.36,0.312,173.96,128.49139282094595,-3.2008,1.7971,2.9546,0.3113,K3 · Rentan,2.923,False,Tidak signifikan,0.264,1.6295,0.8869,Tidak signifikan,0.38,1.768,0.6307,Tidak signifikan,0.579,1.8797,0.3965
81.07,Kepulauan Aru,Kabupaten,Maluku,81,Maluku,23.1,3.36,0.74,22.25,70.6,12.51,9.46,8650.0,69.73,1.06,14.55,0.22,96.32,134.51782240431982,-6.1461500000000004,2.506,1.146,-0.4109,K3 · Rentan,1.46,False,Tinggi–Tinggi,0.048,1.8101,1.402,Tidak signifikan,0.096,1.1826,1.085,Tidak signifikan,0.112,0.7013,0.7724
81.08,Maluku Barat Daya,Kabupaten,Maluku,81,Maluku,27.65,3.88,0.95,20.43,70.11,12.94,9.39,7776.0,68.66,1.45,14.03,0.245,73.89,126.24223175675675,-7.7879000000000005,3.4509,1.3139,-0.1499,K3 · Rentan,2.522,False,Tidak signifikan,0.242,2.4675,0.7178,Tidak signifikan,0.761,1.5325,0.2101,Tidak signifikan,0.984,1.128,-0.02
81.09,Buru Selatan,Kabupaten,Maluku,81,Maluku,14.84,1.93,0.41,9.63,70.54,13.01,8.74,8664.0,69.36,1.2,13.01,0.212,64.89,126.35110887096775,-3.4871999999999996,1.663,0.0108,-1.4208,K3 · Rentan,1.712,False,Tidak signifikan,0.89,0.6167,0.1168,Tidak signifikan,0.957,0.2202,-0.0456,Tidak signifikan,0.775,0.0308,-0.1927
81.71,Kota Ambon,Kota,Maluku,81,Maluku,4.34,0.44,0.08,22.3,73.56,16.09,12.37,15549.0,83.97,0.72,10.14,0.182,513.82,128.24320885501044,-3.68385,-3.5229,1.6981,-0.3522,K1 · Maju & ringan,2.126,False,Tidak signifikan,0.249,-0.9004,0.8869,Tidak signifikan,0.4,-0.7825,0.6307,Tidak signifikan,0.609,-0.6396,0.3965
81.72,Kota Tual,Kota,Maluku,81,Maluku,19.39,3.72,1.06,15.94,72.05,14.03,10.68,8401.0,72.88,0.55,19.19,0.285,82.21,132.72004391304347,-5.542,1.2018,2.8297,-0.6782,K3 · Rentan,2.556,False,Tinggi–Tinggi,0.006,1.2741,1.7302,Tinggi–Tinggi,0.038,1.4248,1.196,Tidak signifikan,0.104,1.3514,0.7148
82.01,Halmahera Barat,Kabupaten,Maluku Utara,82,Maluku,7.9,1.04,0.23,9.69,71.11,13.26,8.6,8705.0,69.75,0.79,13.16,0.221,122.66,127.57417587570622,1.3628,0.5228,-0.1995,-1.8665,K3 · Rentan,1.81,False,Tidak signifikan,0.087,-0.386,-0.682,Tidak signifikan,0.184,-0.3787,-0.52,Tidak signifikan,0.353,-0.3349,-0.3674
82.02,Halmahera Tengah,Kabupaten,Maluku Utara,82,Maluku,9.16,1.17,0.25,5.61,70.9,13.69,9.21,9361.0,71.57,0.89,12.77,0.214,61.24,128.5825764925373,0.3891,0.296,0.2482,-2.1411,K3 · Rentan,1.963,False,Tidak signifikan,0.409,-0.204,-0.4732,Tidak signifikan,0.518,-0.2912,-0.3607,Tidak signifikan,0.641,-0.2942,-0.2333
82.03,Halmahera Utara,Kabupaten,Maluku Utara,82,Maluku,4.35,0.38,0.09,8.84,72.3,13.81,8.84,8815.0,71.25,1.04,8.74,0.237,203.22,127.88079983494718,1.53555,-0.1985,-0.7282,-1.7615,K2 · Menengah,1.805,False,Tidak signifikan,0.464,-0.899,-0.4231,Tidak signifikan,0.718,-0.8228,-0.2217,Tidak signifikan,0.879,-0.6193,-0.0911
82.04,Halmahera Selatan,Kabupaten,Maluku Utara,82,Maluku,4.81,0.25,0.02,11.78,70.98,13.05,8.43,8515.0,69.05,0.91,5.2,0.08,244.91,127.71653936170213,-1.5343,0.3082,-1.0454,-1.9032,K2 · Menengah,1.943,False,Tidak signifikan,0.552,-0.8325,-0.3933,Tidak signifikan,0.47,-0.9103,-0.4292,Tidak signifikan,0.472,-0.7615,-0.406
82.05,Kepulauan Sula,Kabupaten,Maluku Utara,82,Maluku,7.65,0.65,0.1,8.05,69.19,13.16,9.2,8251.0,68.89,1.03,8.5,0.154,105.23,125.8302858944954,-1.8623500000000002,0.8078,-0.5045,-2.3091,K3 · Rentan,2.209,False,Tidak signifikan,0.964,-0.4222,0.0236,Tidak signifikan,0.769,-0.6411,-0.2037,Tidak signifikan,0.664,-0.599,-0.2638
82.06,Halmahera Timur,Kabupaten,Maluku Utara,82,Maluku,10.54,2.19,0.68,11.05,72.04,13.01,9.07,9227.0,71.11,1.08,20.78,0.311,104.84,128.24967388681728,1.0038,1.0984,0.3723,-1.0709,K3 · Rentan,1.23,False,Tidak signifikan,0.279,-0.0046,-0.5179,Tidak signifikan,0.251,0.3952,-0.515,Tidak signifikan,0.282,0.5794,-0.4415
82.07,Pulau Morotai,Kabupaten,Maluku Utara,82,Maluku,4.49,0.59,0.14,3.29,71.63,13.19,7.91,7775.0,67.86,1.42,13.14,0.237,73.27,128.44088265953894,2.3135000000000003,0.9329,-1.4607,-2.4333,K2 · Menengah,3.109,False,Tidak signifikan,0.338,-0.8787,-0.6425,Tidak signifikan,0.326,-0.6815,-0.6008,Tidak signifikan,0.388,-0.5177,-0.4771
82.08,Pulau Taliabu,Kabupaten,Maluku Utara,82,Maluku,6.63,0.67,0.12,3.72,67.52,12.89,8.15,7503.0,65.61,1.13,10.11,0.179,56.11,124.83064256980491,-1.8341500000000002,1.6616,-0.9209,-3.1511,K3 · Rentan,3.115,False,Tidak signifikan,0.625,-0.5695,-0.4222,Tidak signifikan,0.37,-0.6277,-0.6411,Tidak signifikan,0.359,-0.5584,-0.599
82.71,Kota Ternate,Kota,Maluku Utara,82,Maluku,3.34,0.23,0.02,8.51,73.36,15.93,12.09,14945.0,83.01,0.51,6.89,0.087,254.79,127.34086405913979,0.81,-3.5798,1.7571,-1.4281,K1 · Maju & ringan,2.443,False,Tidak signifikan,0.44,-1.0449,-0.4843,Tidak signifikan,0.425,-0.9238,-0.4729,Tidak signifikan,0.431,-0.7615,-0.4263
82.72,Kota Tidore Kepulauan,Kota,Maluku Utara,82,Maluku,6.54,0.76,0.14,6.73,73.0,14.5,10.18,9539.0,74.63,0.84,11.62,0.184,102.91,127.71173382352941,0.3832,-0.9697,0.4294,-1.8145,K2 · Menengah,1.773,False,Tidak signifikan,0.24,-0.5825,-0.4944,Tidak signifikan,0.326,-0.5671,-0.4218,Tidak signifikan,0.463,-0.5177,-0.3146
91.03,Jayapura,Kabupaten,Papua,91,Papua,13.03,3.31,1.25,17.18,70.82,14.81,10.77,11088.0,76.14,1.09,25.4,0.378,131.85,139.94724547511314,-3.036,0.7125,2.5594,-0.266,K3 · Rentan,2.55,False,Tinggi–Tinggi,0.001,0.3552,1.7955,Tinggi–Tinggi,0.002,1.1489,1.5969,Tinggi–Tinggi,0.008,1.7375,1.305
91.04,Nabire,Kabupaten,Papua Tengah,91,Papua,22.65,6.73,2.85,34.18,70.5,12.97,10.43,10093.0,72.89,0.84,29.71,0.423,150.91,135.85691153516296,-3.3266,3.7499,4.8891,1.0732,K4 · Miskin dalam,4.339,True,Tinggi–Tinggi,0.001,1.7451,2.7796,Tinggi–Tinggi,0.001,3.4504,2.5262,Tinggi–Tinggi,0.003,4.9882,2.1167
91.05,Kepulauan Yapen,Kabupaten,Papua,91,Papua,28.0,8.02,3.07,28.7,71.05,13.0,9.8,8752.0,70.93,1.16,28.64,0.383,102.5,136.35112549415086,-1.75485,5.0401,5.0398,1.4232,K4 · Miskin dalam,4.844,True,Tinggi–Tinggi,0.004,2.5181,2.6864,Tinggi–Tinggi,0.002,4.3185,3.41,Tinggi–Tinggi,0.002,5.4352,3.1698
91.06,Biak Numfor,Kabupaten,Papua,91,Papua,25.73,5.64,1.64,39.74,71.21,14.25,10.69,10823.0,75.48,0.71,21.92,0.291,154.45,135.94179796147228,-0.9437500000000001,2.0953,4.1707,0.8651,K3 · Rentan,3.563,False,Tinggi–Tinggi,0.002,2.1901,3.5699,Tinggi–Tinggi,0.001,2.7169,5.7384,Tinggi–Tinggi,0.001,2.5298,7.3551
91.08,Paniai,Kabupaten,Papua Tengah,91,Papua,36.31,4.57,1.11,63.26,69.84,10.55,4.82,7719.0,60.04,0.72,12.59,0.243,174.22,136.38047002614377,-3.7461,5.7988,0.51,0.5697,K4 · Miskin dalam,3.922,False,Tinggi–Tinggi,0.001,3.7188,2.7861,Tinggi–Tinggi,0.001,1.9968,2.2727,Tinggi–Tinggi,0.001,1.453,2.0693
91.10,Sarmi,Kabupaten,Papua,91,Papua,15.17,1.73,0.3,6.41,70.25,12.61,9.79,7713.0,68.78,1.31,11.4,0.173,42.25,139.23633080241586,-2.5557999999999996,1.7132,-0.1028,-1.9108,K3 · Rentan,2.368,False,Tinggi–Tinggi,0.001,0.6644,2.3617,Tinggi–Tinggi,0.001,0.0857,2.6731,Rendah–Tinggi,0.003,-0.1927,2.4587
91.11,Keerom,Kabupaten,Papua,91,Papua,17.76,4.26,1.28,10.79,70.29,12.53,8.78,10109.0,70.43,0.8,23.99,0.3,60.75,140.68111353009937,-3.4141500000000002,2.5079,2.0528,-0.8783,K3 · Rentan,2.227,False,Tidak signifikan,0.067,1.0386,0.9254,Tidak signifikan,0.137,1.7882,0.7182,Tidak signifikan,0.105,1.7984,0.7758
91.15,Waropen,Kabupaten,Papua,91,Papua,32.6,7.7,2.27,11.45,69.94,12.96,9.43,7960.0,68.91,1.14,23.62,0.295,35.12,136.73240103120042,-2.79665,5.1581,4.3684,0.1672,K4 · Miskin dalam,4.22,True,Tinggi–Tinggi,0.001,3.1827,3.1507,Tinggi–Tinggi,0.001,4.1032,3.2229,Tinggi–Tinggi,0.001,3.8098,3.2206
91.19,Supiori,Kabupaten,Papua,91,Papua,42.56,12.24,4.96,9.47,70.0,13.21,9.39,6786.0,67.3,1.4,28.76,0.405,22.25,135.60667031692134,-0.7548999999999999,8.8037,8.365,1.7493,K4 · Miskin dalam,8.139,True,Tidak signifikan,0.062,4.6218,2.1901,Tinggi–Tinggi,0.036,7.1584,2.7169,Tinggi–Tinggi,0.031,9.2751,2.5298
91.2,Mamberamo Raya,Kabupaten,Papua,91,Papua,35.09,5.59,1.27,9.32,69.21,12.05,6.74,5568.0,60.48,1.68,15.93,0.227,26.56,137.7274695121951,-2.44,6.2989,1.0028,-0.5656,K4 · Miskin dalam,3.425,False,Tinggi–Tinggi,0.001,3.5425,2.834,Tinggi–Tinggi,0.001,2.6832,2.5688,Tinggi–Tinggi,0.002,1.7781,2.2149
91.28,Deiyai,Kabupaten,Papua Tengah,91,Papua,37.29,3.54,0.62,29.84,66.84,9.87,3.3,5743.0,52.81,0.99,9.49,0.175,80.02,136.37206005005777,-4.19165,7.1256,-1.1526,-0.8508,K4 · Miskin dalam,4.04,False,Tinggi–Tinggi,0.002,3.8604,2.2941,Tinggi–Tinggi,0.021,1.3037,1.7389,Tinggi–Tinggi,0.024,0.4575,1.5072
91.71,Kota Jayapura,Kota,Papua,91,Papua,12.03,2.52,0.79,38.33,72.34,15.28,12.08,15522.0,82.26,0.34,20.95,0.313,318.62,140.81331687597765,-2.6651499999999997,-1.8954,3.3386,0.287,K1 · Maju & ringan,3.056,False,Tidak signifikan,0.287,0.2107,0.6969,Tidak signifikan,0.053,0.6173,1.4686,Tinggi–Tinggi,0.036,0.8029,1.7679
92.01,Sorong,Kabupaten,Papua Barat Daya,92,Papua,25.1,5.68,1.69,25.61,70.38,14.1,9.02,8617.0,70.6,1.31,22.63,0.298,102.03,131.53886235754985,-1.14685,3.6253,2.9161,0.5711,K3 · Rentan,3.271,False,Tinggi–Tinggi,0.003,2.0991,1.5275,Tinggi–Tinggi,0.002,2.7438,1.7371,Tinggi–Tinggi,0.016,2.6314,1.5668
92.02,Manokwari,Kabupaten,Papua Barat,92,Papua,17.38,4.69,1.56,31.72,72.9,13.87,8.89,13364.0,75.96,1.08,26.99,0.333,182.51,133.75411054687498,-0.9795,1.5016,2.5343,1.1017,K3 · Rentan,2.414,False,Tinggi–Tinggi,0.001,0.9837,2.6308,Tinggi–Tinggi,0.006,2.0776,2.2795,Tinggi–Tinggi,0.021,2.3673,1.5546
92.03,Fakfak,Kabupaten,Papua Barat,92,Papua,19.86,3.77,1.01,17.04,71.78,14.8,9.35,8401.0,72.0,0.67,18.98,0.268,85.8,133.08838710483155,-3.27395,1.4871,2.5468,-0.5166,K3 · Rentan,2.233,False,Tidak signifikan,0.067,1.342,1.3023,Tinggi–Tinggi,0.024,1.4585,1.7849,Tinggi–Tinggi,0.029,1.2499,1.7883
92.04,Sorong Selatan,Kabupaten,Papua Barat Daya,92,Papua,17.66,4.09,1.22,9.49,67.4,13.32,8.06,7227.0,65.45,1.41,23.16,0.298,53.74,132.14917226851853,-1.6611500000000001,3.9447,1.2153,-1.2919,K3 · Rentan,2.872,False,Tinggi–Tinggi,0.002,1.0241,2.2985,Tinggi–Tinggi,0.002,1.6738,3.0534,Tinggi–Tinggi,0.002,1.6765,3.0716
92.05,Raja Ampat,Kabupaten,Papua Barat Daya,92,Papua,16.57,2.27,0.44,8.6,67.32,12.2,8.55,9109.0,67.36,1.14,13.7,0.194,51.9,130.07155872093023,-1.86665,2.5952,0.1407,-1.9481,K3 · Rentan,2.123,False,Tidak signifikan,0.073,0.8666,2.0991,Tinggi–Tinggi,0.035,0.449,2.7438,Tinggi–Tinggi,0.034,0.0918,2.6314
92.06,Teluk Bintuni,Kabupaten,Papua Barat,92,Papua,25.34,5.75,1.75,18.48,68.49,12.63,8.77,10799.0,70.32,0.76,22.69,0.304,72.93,133.15167216751655,-2.1868499999999997,3.7109,3.3601,-0.1752,K3 · Rentan,3.249,False,Tinggi–Tinggi,0.001,2.1338,1.981,Tinggi–Tinggi,0.001,2.7909,2.1777,Tinggi–Tinggi,0.001,2.7533,1.8822
92.07,Teluk Wondama,Kabupaten,Papua Barat,92,Papua,27.57,6.13,1.78,10.16,65.74,11.97,7.56,9192.0,65.26,1.15,22.23,0.29,36.85,134.56606703853953,-2.6307,5.5547,2.6519,-0.9008,K4 · Miskin dalam,3.282,False,Tinggi–Tinggi,0.004,2.456,1.6635,Tinggi–Tinggi,0.003,3.0466,2.1785,Tinggi–Tinggi,0.001,2.8143,2.413
92.08,Kaimana,Kabupaten,Papua Barat,92,Papua,13.83,2.76,0.8,9.9,69.54,12.52,9.02,9481.0,69.7,0.72,19.96,0.29,71.58,134.31686438121892,-3.51915,1.7776,1.1625,-1.592,K3 · Rentan,2.106,False,Tinggi–Tinggi,0.001,0.4707,1.8068,Tinggi–Tinggi,0.001,0.7788,2.3277,Tinggi–Tinggi,0.001,0.8232,2.479
92.09,Tambrauw,Kabupaten,Papua Barat Daya,92,Papua,28.94,5.01,1.15,4.96,66.17,12.47,6.01,5827.0,59.28,1.66,17.31,0.23,17.14,132.85468860759494,-0.8492999999999999,6.2775,0.6827,-1.6761,K4 · Miskin dalam,3.718,False,Tinggi–Tinggi,0.001,2.6539,2.1627,Tinggi–Tinggi,0.001,2.2929,2.8178,Tinggi–Tinggi,0.001,1.5343,2.7249
92.10,Maybrat,Kabupaten,Papua Barat Daya,92,Papua,29.0,6.99,2.28,13.53,66.21,13.52,7.66,6074.0,62.68,1.37,24.1,0.326,46.66,132.5655318584071,-1.4058000000000002,6.4093,3.4096,-0.3811,K4 · Miskin dalam,4.187,False,Tinggi–Tinggi,0.002,2.6626,1.9777,Tinggi–Tinggi,0.002,3.6254,2.3754,Tinggi–Tinggi,0.006,3.8301,2.1489
92.11,Manokwari Selatan,Kabupaten,Papua Barat,92,Papua,26.52,4.12,0.93,7.75,68.53,12.84,7.33,6373.0,63.24,1.27,15.54,0.226,29.22,134.07053536377708,-1.52495,4.489,0.9679,-1.4024,K4 · Miskin dalam,2.561,False,Tinggi–Tinggi,0.002,2.3043,2.1269,Tinggi–Tinggi,0.001,1.694,2.6917,Tinggi–Tinggi,0.004,1.0873,2.4943
92.12,Pegunungan Arfak,Kabupaten,Papua Barat,92,Papua,30.88,5.84,1.4,11.86,67.92,11.81,5.84,6043.0,59.53,1.4,18.91,0.24,38.41,133.64567230548468,-1.2537,6.4499,1.0887,-0.6872,K4 · Miskin dalam,3.004,False,Tinggi–Tinggi,0.003,2.9342,2.0189,Tinggi–Tinggi,0.003,2.8515,2.2139,Tinggi–Tinggi,0.01,2.0422,1.9356
92.71,Kota Sorong,Kota,Papua Barat Daya,92,Papua,13.55,2.56,0.74,41.39,73.66,14.44,11.59,14664.0,81.03,0.6,18.89,0.289,305.46,131.30764949064746,-0.8689,-1.353,2.5199,0.6225,K1 · Maju & ringan,2.271,False,Tidak signifikan,0.053,0.4303,2.0991,Tinggi–Tinggi,0.035,0.6442,2.7438,Tinggi–Tinggi,0.041,0.7013,2.6314
93.01,Merauke,Kabupaten,Papua Selatan,93,Papua,11.31,2.91,1.07,27.72,71.65,14.49,9.61,11260.0,75.11,0.78,25.73,0.368,245.09,140.0098119809203,-7.8682,0.4382,2.0181,-0.0496,K3 · Rentan,1.635,False,Tinggi–Tinggi,0.008,0.1066,2.115,Tidak signifikan,0.062,0.8797,1.5762,Tidak signifikan,0.092,1.3718,1.0873
93.02,Boven Digoel,Kabupaten,Papua Selatan,93,Papua,21.96,3.2,0.72,16.26,69.63,11.69,9.43,8796.0,68.62,0.67,14.57,0.225,74.04,140.430825,-6.14085,2.5006,1.3012,-1.1452,K3 · Rentan,2.352,False,Tinggi–Tinggi,0.001,1.6454,2.0766,Tinggi–Tinggi,0.012,1.0749,1.2593,Tidak signifikan,0.063,0.6607,0.8151
93.03,Mappi,Kabupaten,Papua Selatan,93,Papua,28.46,4.69,1.14,30.5,66.49,11.42,7.41,7364.0,62.6,1.52,16.48,0.243,107.17,139.28771066319896,-6.329549999999999,5.6208,0.6601,-0.2159,K4 · Miskin dalam,2.683,False,Tinggi–Tinggi,0.017,2.5846,1.446,Tidak signifikan,0.054,2.0776,1.1556,Tidak signifikan,0.074,1.514,0.9383
93.04,Asmat,Kabupaten,Papua Selatan,93,Papua,28.47,3.85,0.78,31.06,68.31,9.75,6.1,6495.0,58.55,1.6,13.52,0.203,109.1,138.79341307779032,-5.54755,6.029,-1.1452,-0.2661,K4 · Miskin dalam,2.767,False,Tinggi–Tinggi,0.001,2.586,2.1604,Tinggi–Tinggi,0.008,1.5123,1.6348,Tinggi–Tinggi,0.018,0.7826,1.388
94.02,Puncak Jaya,Kabupaten,Papua Tengah,94,Papua,35.46,8.37,2.96,48.85,68.16,7.66,4.59,6194.0,53.18,1.35,23.6,0.354,137.76,137.87431002979145,-3.4425,9.8638,1.5617,1.2342,K4 · Miskin dalam,4.696,True,Tinggi–Tinggi,0.001,3.596,3.2539,Tinggi–Tinggi,0.004,4.554,2.3636,Tinggi–Tinggi,0.016,5.2117,1.707
94.04,Mimika,Kabupaten,Papua Tengah,94,Papua,13.7,3.65,1.45,31.31,73.45,13.17,10.73,12745.0,77.27,0.55,26.64,0.397,228.54,136.9570103896104,-4.60225,0.2992,2.8426,0.4789,K3 · Rentan,2.644,False,Tinggi–Tinggi,0.001,0.452,3.065,Tinggi–Tinggi,0.001,1.3777,1.9127,Tinggi–Tinggi,0.005,2.1438,1.293
94.05,Puncak,Kabupaten,Papua Tengah,94,Papua,36.94,4.98,0.9,43.55,66.94,5.61,2.4,6496.0,45.95,0.55,13.48,0.181,117.89,137.4901701621676,-3.62315,8.8425,-1.7637,-0.7348,K4 · Miskin dalam,7.035,True,Tinggi–Tinggi,0.001,3.8098,3.1114,Tinggi–Tinggi,0.001,2.2727,3.0088,Tinggi–Tinggi,0.001,1.0264,2.9133
94.06,Dogiyai,Kabupaten,Papua Tengah,94,Papua,29.34,4.34,0.85,29.96,66.75,10.64,4.99,6856.0,57.96,0.42,14.79,0.196,102.11,135.65595000000002,-4.03905,5.6134,0.5335,-1.0627,K4 · Miskin dalam,4.611,True,Tinggi–Tinggi,0.001,2.7117,2.0494,Tinggi–Tinggi,0.003,1.8421,1.7815,Tinggi–Tinggi,0.002,0.9248,1.9731
94.07,Intan Jaya,Kabupaten,Papua Tengah,94,Papua,39.21,6.64,1.81,21.37,66.85,7.84,3.38,6622.0,51.56,1.26,16.93,0.273,54.5,136.718690625,-3.52345,9.3153,0.1038,-0.1927,K4 · Miskin dalam,4.367,True,Tinggi–Tinggi,0.001,4.1378,2.5817,Tinggi–Tinggi,0.001,3.3898,2.6402,Tinggi–Tinggi,0.002,2.8752,2.6842
95.01,Jayawijaya,Kabupaten,Papua Pegunungan,95,Papua,29.08,7.73,2.72,61.64,70.37,12.86,6.15,8750.0,66.02,0.98,26.58,0.352,211.97,138.94381310050738,-4.1168,5.9128,3.654,1.8002,K4 · Miskin dalam,4.241,True,Tinggi–Tinggi,0.001,2.6741,2.9412,Tinggi–Tinggi,0.001,4.1234,2.8528,Tinggi–Tinggi,0.001,4.7241,2.5948
95.02,Pegunungan Bintang,Kabupaten,Papua Pegunungan,95,Papua,25.87,2.18,0.29,20.61,66.5,7.3,3.59,6300.0,50.56,1.75,8.43,0.133,79.67,140.51735268168605,-4.5084,7.2116,-3.8663,-1.3445,K4 · Miskin dalam,4.525,True,Tinggi–Tinggi,0.009,2.2103,1.4836,Tinggi–Tinggi,0.03,0.3885,1.3626,Rendah–Tinggi,0.036,-0.213,1.2041
95.03,Yahukimo,Kabupaten,Papua Pegunungan,95,Papua,30.61,3.74,0.7,62.42,66.68,8.06,4.36,5997.0,52.48,0.98,12.22,0.187,203.92,139.38676484962406,-4.45415,7.0985,-1.6439,-0.422,K4 · Miskin dalam,4.404,True,Tinggi–Tinggi,0.001,2.8952,2.16,Tinggi–Tinggi,0.001,1.4383,1.9507,Tinggi–Tinggi,0.003,0.62,1.7955
95.04,Tolikara,Kabupaten,Papua Pegunungan,95,Papua,28.75,2.7,0.39,45.62,67.52,9.04,3.7,5802.0,52.71,0.76,9.39,0.144,158.68,138.45271658163264,-3.46465,6.181,-1.9397,-0.923,K4 · Miskin dalam,4.727,True,Tinggi–Tinggi,0.001,2.6265,3.325,Tinggi–Tinggi,0.001,0.7384,3.6641,Rendah–Tinggi,0.001,-0.0098,3.6168
95.05,Mamberamo Tengah,Kabupaten,Papua Pegunungan,95,Papua,32.2,7.04,2.09,18.81,69.09,9.79,3.99,5119.0,53.36,1.64,21.86,0.297,58.42,139.07925210526315,-3.56625,8.6236,0.4147,0.2362,K4 · Miskin dalam,3.698,False,Tinggi–Tinggi,0.001,3.1249,2.1891,Tinggi–Tinggi,0.001,3.659,2.2487,Tinggi–Tinggi,0.001,3.4441,2.1351
95.06,Yalimo,Kabupaten,Papua Pegunungan,95,Papua,27.35,6.36,1.81,19.9,66.53,9.85,3.83,5305.0,52.63,1.5,23.25,0.285,72.76,139.41084471830987,-3.8305,8.3535,0.0276,-0.4262,K4 · Miskin dalam,3.559,False,Tinggi–Tinggi,0.003,2.4242,1.9428,Tinggi–Tinggi,0.002,3.2014,2.091,Tinggi–Tinggi,0.002,2.8752,2.0666
95.07,Lanny Jaya,Kabupaten,Papua Pegunungan,95,Papua,31.59,7.19,2.38,68.04,67.43,9.73,3.87,5102.0,52.47,1.22,22.76,0.331,215.38,138.34903348214286,-3.99595,8.8822,1.0302,0.9404,K4 · Miskin dalam,4.176,False,Tinggi–Tinggi,0.001,3.0368,3.176,Tinggi–Tinggi,0.001,3.76,2.9255,Tinggi–Tinggi,0.001,4.0333,2.733
95.08,Nduga,Kabupaten,Papua Pegunungan,95,Papua,32.89,4.88,1.38,40.29,63.94,4.73,2.19,4773.0,40.35,3.78,14.84,0.283,122.5,138.26102696984782,-4.4185,12.5425,-5.5759,0.629,K4 · Miskin dalam,9.254,True,Tinggi–Tinggi,0.001,3.2246,2.5757,Tinggi–Tinggi,0.001,2.2054,2.4141,Tinggi–Tinggi,0.001,2.0016,2.2217
