{"type":"FeatureCollection","features":[{"type":"Feature","id":"11.09","properties":{"kode":"11.09"},"geometry":{"type":"MultiPolygon","coordinates":[[[[96.650,2.124],[96.688,2.090],[96.644,2.058],[96.611,2.104],[96.650,2.124]]],[[[96.625,2.189],[96.662,2.165],[96.652,2.150],[96.609,2.177],[96.625,2.189]]],[[[95.802,2.930],[95.801,2.909],[95.822,2.901],[95.872,2.913],[95.904,2.894],[95.914,2.859],[95.908,2.848],[95.874,2.870],[95.880,2.830],[95.904,2.824],[95.914,2.844],[96.026,2.756],[96.083,2.756],[96.082,2.731],[96.091,2.748],[96.125,2.727],[96.111,2.728],[96.118,2.709],[96.147,2.703],[96.100,2.678],[96.107,2.635],[96.144,2.648],[96.190,2.616],[96.182,2.665],[96.251,2.586],[96.346,2.546],[96.340,2.521],[96.365,2.514],[96.384,2.464],[96.407,2.459],[96.408,2.511],[96.424,2.477],[96.428,2.491],[96.453,2.476],[96.498,2.362],[96.443,2.328],[96.386,2.349],[96.344,2.341],[96.314,2.359],[96.336,2.388],[96.313,2.387],[96.312,2.421],[96.228,2.442],[96.080,2.566],[96.016,2.589],[95.997,2.566],[95.980,2.588],[95.942,2.572],[95.885,2.604],[95.888,2.621],[95.863,2.638],[95.839,2.621],[95.817,2.647],[95.797,2.630],[95.785,2.681],[95.724,2.738],[95.734,2.756],[95.701,2.748],[95.692,2.774],[95.719,2.825],[95.791,2.831],[95.765,2.846],[95.763,2.878],[95.802,2.930]]]]}},{"type":"Feature","id":"11.10","properties":{"kode":"11.10"},"geometry":{"type":"MultiPolygon","coordinates":[[[[98.076,2.574],[98.084,2.504],[98.147,2.424],[98.197,2.311],[98.179,2.240],[98.127,2.169],[97.952,2.269],[97.913,2.271],[97.880,2.243],[97.800,2.270],[97.786,2.231],[97.665,2.394],[97.733,2.423],[97.791,2.500],[97.865,2.498],[97.855,2.564],[98.076,2.574]]],[[[97.168,2.236],[97.192,2.204],[97.223,2.206],[97.235,2.235],[97.297,2.230],[97.292,2.200],[97.330,2.172],[97.334,2.118],[97.358,2.097],[97.342,2.087],[97.349,2.066],[97.339,2.034],[97.341,2.055],[97.306,2.063],[97.260,2.136],[97.231,2.150],[97.235,2.166],[97.217,2.159],[97.205,2.183],[97.173,2.178],[97.112,2.215],[97.168,2.236]]],[[[97.113,2.114],[97.161,2.069],[97.120,2.040],[97.115,2.004],[97.076,2.076],[97.113,2.114]]]]}},{"type":"Feature","id":"11.01","properties":{"kode":"11.01"},"geometry":{"type":"Polygon","coordinates":[[[97.814,2.983],[97.900,2.966],[97.905,2.911],[97.859,2.882],[97.851,2.836],[97.766,2.788],[97.825,2.636],[97.791,2.500],[97.733,2.423],[97.665,2.394],[97.648,2.682],[97.597,2.873],[97.430,2.931],[97.364,2.995],[97.316,3.055],[97.254,3.225],[97.169,3.257],[97.002,3.546],[96.942,3.573],[96.963,3.613],[97.038,3.603],[97.131,3.684],[97.154,3.741],[97.279,3.648],[97.295,3.595],[97.373,3.638],[97.407,3.615],[97.436,3.635],[97.462,3.619],[97.482,3.541],[97.450,3.535],[97.398,3.451],[97.473,3.326],[97.477,3.217],[97.610,3.101],[97.642,3.032],[97.642,2.952],[97.755,2.927],[97.770,2.958],[97.8,2.974],[97.808,2.961],[97.814,2.983]]]}},{"type":"Feature","id":"11.02","properties":{"kode":"11.02"},"geometry":{"type":"Polygon","coordinates":[[[98.029,3.330],[97.969,3.273],[97.904,3.256],[97.982,3.116],[97.975,3.073],[97.936,3.074],[97.941,2.994],[97.837,3.003],[97.808,2.961],[97.8,2.974],[97.770,2.958],[97.755,2.927],[97.642,2.952],[97.642,3.032],[97.620,3.081],[97.477,3.217],[97.473,3.326],[97.398,3.451],[97.450,3.535],[97.482,3.541],[97.462,3.619],[97.436,3.635],[97.407,3.615],[97.373,3.638],[97.295,3.595],[97.279,3.648],[97.206,3.691],[97.346,3.675],[97.636,3.733],[97.824,3.750],[97.800,3.722],[97.871,3.612],[97.868,3.571],[97.906,3.555],[97.923,3.496],[97.959,3.481],[97.934,3.446],[97.948,3.39],[97.997,3.372],[98.029,3.330]]]}},{"type":"Feature","id":"11.03","properties":{"kode":"11.03"},"geometry":{"type":"Polygon","coordinates":[[[97.998,4.589],[97.968,4.531],[97.916,4.531],[97.890,4.478],[97.868,4.471],[97.875,4.449],[97.918,4.450],[97.913,4.421],[97.965,4.443],[97.972,4.418],[98.002,4.405],[97.960,4.371],[97.930,4.360],[97.907,4.390],[97.856,4.386],[97.787,4.357],[97.761,4.336],[97.772,4.320],[97.732,4.249],[97.643,4.220],[97.603,4.250],[97.498,4.155],[97.358,4.214],[97.368,4.382],[97.342,4.499],[97.279,4.512],[97.317,4.549],[97.314,4.597],[97.303,4.622],[97.261,4.617],[97.256,4.65],[97.305,4.665],[97.337,4.778],[97.363,4.784],[97.361,4.770],[97.424,4.756],[97.399,4.768],[97.405,4.795],[97.410,4.781],[97.434,4.786],[97.435,4.820],[97.456,4.823],[97.444,4.834],[97.477,4.839],[97.511,4.884],[97.496,4.875],[97.498,4.899],[97.467,4.929],[97.497,4.947],[97.495,5.016],[97.514,5.033],[97.497,5.051],[97.515,5.072],[97.493,5.071],[97.459,5.112],[97.477,5.129],[97.469,5.150],[97.498,5.159],[97.484,5.245],[97.550,5.215],[97.590,5.144],[97.651,5.123],[97.647,5.074],[97.792,4.946],[97.868,4.892],[97.903,4.891],[97.959,4.743],[97.962,4.671],[97.996,4.637],[97.998,4.589]]]}},{"type":"Feature","id":"11.04","properties":{"kode":"11.04"},"geometry":{"type":"Polygon","coordinates":[[[97.312,4.604],[97.317,4.549],[97.277,4.520],[97.289,4.501],[97.342,4.499],[97.368,4.382],[97.358,4.214],[97.242,4.174],[97.215,4.235],[97.161,4.277],[97.106,4.235],[97.015,4.204],[97.001,4.175],[96.973,4.200],[96.887,4.221],[96.836,4.281],[96.758,4.295],[96.714,4.331],[96.718,4.354],[96.675,4.369],[96.682,4.393],[96.627,4.406],[96.688,4.469],[96.659,4.502],[96.606,4.502],[96.618,4.530],[96.655,4.529],[96.646,4.556],[96.577,4.574],[96.503,4.632],[96.451,4.622],[96.406,4.67],[96.257,4.707],[96.282,4.779],[96.306,4.763],[96.471,4.763],[96.477,4.844],[96.457,4.863],[96.469,4.894],[96.493,4.89],[96.550,4.940],[96.658,4.953],[96.674,4.950],[96.708,4.818],[96.683,4.755],[96.710,4.752],[96.746,4.712],[96.787,4.712],[96.809,4.672],[96.822,4.686],[96.825,4.668],[97.020,4.643],[97.046,4.605],[97.147,4.579],[97.312,4.604]]]}},{"type":"Feature","id":"11.05","properties":{"kode":"11.05"},"geometry":{"type":"Polygon","coordinates":[[[96.167,4.750],[96.362,4.67],[96.406,4.67],[96.451,4.622],[96.484,4.630],[96.496,4.559],[96.443,4.527],[96.458,4.502],[96.483,4.500],[96.482,4.461],[96.437,4.425],[96.372,4.417],[96.364,4.392],[96.332,4.391],[96.338,4.374],[96.258,4.273],[96.275,4.152],[96.189,4.106],[96.144,4.141],[96.127,4.131],[96.054,4.206],[96.022,4.196],[95.876,4.369],[95.957,4.510],[96.038,4.576],[96.026,4.613],[96.042,4.659],[96.000,4.749],[96.106,4.749],[96.104,4.675],[96.133,4.675],[96.167,4.750]]]}},{"type":"Feature","id":"11.06","properties":{"kode":"11.06"},"geometry":{"type":"MultiPolygon","coordinates":[[[[95.744,5.569],[95.726,5.500],[95.780,5.440],[95.753,5.416],[95.767,5.403],[95.749,5.316],[95.791,5.280],[95.774,5.253],[95.839,5.141],[95.820,5.085],[95.729,5.052],[95.648,5.067],[95.630,5.091],[95.643,5.144],[95.587,5.208],[95.420,5.225],[95.401,5.212],[95.367,5.254],[95.324,5.223],[95.332,5.180],[95.307,5.168],[95.247,5.223],[95.239,5.282],[95.213,5.275],[95.215,5.310],[95.238,5.326],[95.228,5.357],[95.241,5.343],[95.253,5.382],[95.232,5.433],[95.240,5.468],[95.193,5.527],[95.227,5.575],[95.236,5.550],[95.280,5.548],[95.320,5.516],[95.359,5.542],[95.359,5.572],[95.377,5.569],[95.350,5.594],[95.432,5.656],[95.514,5.595],[95.610,5.627],[95.744,5.569]]],[[[95.148,5.661],[95.187,5.611],[95.127,5.594],[95.119,5.614],[95.148,5.661]]],[[[95.058,5.750],[95.132,5.686],[95.138,5.664],[95.076,5.668],[95.055,5.648],[95.069,5.664],[95.039,5.703],[95.058,5.720],[95.047,5.736],[95.011,5.724],[95.058,5.750]]]]}},{"type":"Feature","id":"11.07","properties":{"kode":"11.07"},"geometry":{"type":"Polygon","coordinates":[[[96.105,5.284],[96.063,5.294],[96.051,5.280],[96.036,5.237],[96.052,5.183],[96.020,5.145],[96.091,5.091],[96.193,5.075],[96.206,5.040],[96.190,4.994],[96.263,4.913],[96.325,4.917],[96.346,4.943],[96.445,4.930],[96.469,4.894],[96.457,4.863],[96.477,4.844],[96.471,4.763],[96.306,4.763],[96.282,4.779],[96.260,4.712],[96.167,4.750],[96.133,4.675],[96.104,4.675],[96.106,4.749],[95.994,4.755],[95.971,4.813],[95.901,4.868],[95.882,4.914],[95.743,5.060],[95.820,5.085],[95.840,5.136],[95.774,5.253],[95.791,5.280],[95.749,5.316],[95.767,5.403],[95.753,5.416],[95.780,5.440],[95.726,5.500],[95.744,5.569],[95.884,5.506],[95.890,5.463],[95.935,5.405],[96.105,5.284]]]}},{"type":"Feature","id":"11.11","properties":{"kode":"11.11"},"geometry":{"type":"Polygon","coordinates":[[[96.907,5.251],[96.917,5.200],[96.890,5.174],[96.875,5.117],[96.833,5.088],[96.821,5.001],[96.786,4.94],[96.742,4.966],[96.629,4.968],[96.538,4.936],[96.480,4.889],[96.434,4.937],[96.372,4.931],[96.326,4.965],[96.364,5.046],[96.335,5.147],[96.343,5.226],[96.393,5.209],[96.467,5.236],[96.489,5.206],[96.532,5.198],[96.640,5.214],[96.827,5.274],[96.907,5.251]]]}},{"type":"Feature","id":"11.08","properties":{"kode":"11.08"},"geometry":{"type":"Polygon","coordinates":[[[97.045,5.241],[97.028,5.196],[97.088,5.170],[97.106,5.114],[97.164,5.082],[97.177,5.083],[97.176,5.142],[97.483,5.243],[97.498,5.159],[97.469,5.150],[97.477,5.129],[97.459,5.112],[97.493,5.071],[97.515,5.072],[97.497,5.051],[97.514,5.033],[97.495,5.016],[97.497,4.947],[97.467,4.929],[97.498,4.899],[97.496,4.875],[97.511,4.884],[97.477,4.839],[97.444,4.834],[97.456,4.823],[97.435,4.820],[97.434,4.786],[97.410,4.781],[97.405,4.795],[97.399,4.768],[97.424,4.756],[97.361,4.770],[97.363,4.784],[97.337,4.778],[97.318,4.737],[97.252,4.758],[97.280,4.826],[97.242,4.873],[97.145,4.910],[97.100,4.898],[97.023,4.912],[97.001,4.864],[96.955,4.858],[96.846,4.882],[96.786,4.94],[96.821,5.001],[96.833,5.088],[96.875,5.117],[96.890,5.174],[96.917,5.200],[96.907,5.251],[96.976,5.262],[97.045,5.241]]]}},{"type":"Feature","id":"11.12","properties":{"kode":"11.12"},"geometry":{"type":"Polygon","coordinates":[[[97.154,3.741],[97.131,3.684],[97.038,3.603],[96.968,3.618],[96.942,3.573],[96.903,3.602],[96.879,3.677],[96.851,3.702],[96.727,3.745],[96.62,3.737],[96.606,3.772],[96.619,3.790],[96.586,3.837],[96.596,3.887],[96.630,3.962],[96.717,4.009],[96.723,4.094],[96.745,4.090],[96.792,4.049],[96.798,3.999],[96.838,3.954],[96.983,3.937],[97.046,3.958],[97.109,3.939],[97.111,3.832],[97.154,3.741]]]}},{"type":"Feature","id":"11.13","properties":{"kode":"11.13"},"geometry":{"type":"Polygon","coordinates":[[[97.358,4.214],[97.498,4.155],[97.603,4.250],[97.643,4.220],[97.732,4.249],[97.738,4.145],[97.799,4.093],[97.813,4.005],[97.841,4.000],[97.868,3.938],[97.895,3.923],[97.921,3.845],[97.908,3.818],[97.824,3.750],[97.636,3.733],[97.346,3.675],[97.206,3.691],[97.148,3.749],[97.111,3.832],[97.109,3.939],[97.046,3.958],[96.983,3.937],[96.838,3.954],[96.798,3.999],[96.792,4.049],[96.716,4.100],[96.791,4.199],[96.799,4.282],[96.836,4.281],[96.887,4.221],[96.973,4.200],[97.001,4.175],[97.015,4.204],[97.106,4.235],[97.161,4.277],[97.215,4.235],[97.242,4.174],[97.358,4.214]]]}},{"type":"Feature","id":"11.16","properties":{"kode":"11.16"},"geometry":{"type":"Polygon","coordinates":[[[98.253,4.289],[98.154,4.289],[98.143,4.259],[98.072,4.250],[98.094,4.208],[98.062,4.185],[98.074,4.145],[98.057,4.134],[98.040,4.041],[98.095,3.984],[98.082,3.953],[98.009,3.949],[98.006,3.901],[97.948,3.889],[97.875,3.929],[97.841,4.000],[97.813,4.005],[97.799,4.093],[97.738,4.145],[97.732,4.249],[97.772,4.320],[97.761,4.336],[97.856,4.386],[97.907,4.390],[97.930,4.360],[97.960,4.371],[98.038,4.420],[98.062,4.511],[98.084,4.507],[98.087,4.521],[98.169,4.502],[98.234,4.463],[98.260,4.411],[98.287,4.417],[98.278,4.328],[98.253,4.289]]]}},{"type":"Feature","id":"11.15","properties":{"kode":"11.15"},"geometry":{"type":"Polygon","coordinates":[[[96.793,4.280],[96.791,4.199],[96.716,4.100],[96.717,4.009],[96.630,3.962],[96.596,3.887],[96.586,3.837],[96.619,3.790],[96.606,3.772],[96.62,3.737],[96.534,3.731],[96.448,3.790],[96.383,3.849],[96.189,4.106],[96.275,4.152],[96.258,4.273],[96.338,4.374],[96.332,4.391],[96.364,4.392],[96.372,4.417],[96.437,4.425],[96.482,4.461],[96.483,4.500],[96.458,4.502],[96.443,4.527],[96.492,4.547],[96.503,4.632],[96.571,4.577],[96.654,4.547],[96.655,4.529],[96.618,4.530],[96.606,4.502],[96.659,4.502],[96.688,4.469],[96.627,4.406],[96.682,4.393],[96.675,4.369],[96.718,4.354],[96.718,4.326],[96.793,4.280]]]}},{"type":"Feature","id":"11.14","properties":{"kode":"11.14"},"geometry":{"type":"Polygon","coordinates":[[[95.743,5.060],[95.882,4.914],[95.901,4.868],[95.992,4.786],[96.042,4.659],[96.026,4.613],[96.038,4.576],[95.957,4.510],[95.876,4.369],[95.685,4.555],[95.599,4.626],[95.576,4.624],[95.583,4.656],[95.540,4.656],[95.492,4.751],[95.413,4.821],[95.425,4.839],[95.396,4.874],[95.371,4.938],[95.380,4.970],[95.355,5.006],[95.367,5.032],[95.332,5.051],[95.303,5.112],[95.307,5.168],[95.332,5.180],[95.324,5.223],[95.367,5.254],[95.401,5.212],[95.420,5.225],[95.587,5.208],[95.643,5.144],[95.638,5.074],[95.704,5.052],[95.743,5.060]]]}},{"type":"Feature","id":"11.17","properties":{"kode":"11.17"},"geometry":{"type":"Polygon","coordinates":[[[96.786,4.94],[96.846,4.882],[96.955,4.858],[97.001,4.864],[97.023,4.912],[97.100,4.898],[97.145,4.910],[97.242,4.873],[97.282,4.816],[97.252,4.758],[97.318,4.737],[97.328,4.710],[97.299,4.660],[97.259,4.661],[97.261,4.617],[97.286,4.627],[97.312,4.604],[97.147,4.579],[97.046,4.605],[97.020,4.643],[96.825,4.668],[96.822,4.686],[96.809,4.672],[96.787,4.712],[96.746,4.712],[96.710,4.752],[96.683,4.755],[96.708,4.818],[96.674,4.950],[96.616,4.955],[96.598,4.938],[96.586,4.939],[96.573,4.947],[96.699,4.972],[96.786,4.94]]]}},{"type":"Feature","id":"11.18","properties":{"kode":"11.18"},"geometry":{"type":"Polygon","coordinates":[[[96.063,5.294],[96.190,5.259],[96.260,5.264],[96.343,5.226],[96.335,5.147],[96.364,5.046],[96.326,4.965],[96.346,4.943],[96.325,4.917],[96.263,4.913],[96.211,4.959],[96.190,4.994],[96.206,5.040],[96.193,5.075],[96.091,5.091],[96.020,5.145],[96.052,5.183],[96.036,5.237],[96.051,5.280],[96.063,5.294]]]}},{"type":"Feature","id":"11.71","properties":{"kode":"11.71"},"geometry":{"type":"Polygon","coordinates":[[[95.376,5.611],[95.350,5.594],[95.377,5.569],[95.359,5.572],[95.354,5.535],[95.320,5.516],[95.280,5.536],[95.273,5.549],[95.308,5.561],[95.322,5.590],[95.376,5.611]]]}},{"type":"Feature","id":"11.72","properties":{"kode":"11.72"},"geometry":{"type":"Polygon","coordinates":[[[95.217,5.907],[95.287,5.840],[95.304,5.840],[95.302,5.872],[95.324,5.885],[95.310,5.894],[95.335,5.896],[95.372,5.848],[95.372,5.804],[95.346,5.827],[95.330,5.772],[95.286,5.780],[95.22,5.875],[95.217,5.907]]]}},{"type":"Feature","id":"11.74","properties":{"kode":"11.74"},"geometry":{"type":"Polygon","coordinates":[[[98.076,4.512],[98.062,4.511],[98.038,4.420],[98.002,4.405],[97.972,4.418],[97.965,4.443],[97.913,4.421],[97.927,4.435],[97.916,4.451],[97.867,4.454],[97.916,4.531],[97.968,4.531],[97.976,4.557],[97.997,4.525],[98.069,4.547],[98.076,4.512]]]}},{"type":"Feature","id":"11.73","properties":{"kode":"11.73"},"geometry":{"type":"Polygon","coordinates":[[[97.045,5.241],[97.149,5.191],[97.143,5.155],[97.176,5.142],[97.177,5.083],[97.130,5.090],[97.084,5.145],[97.088,5.170],[97.028,5.196],[97.045,5.241]]]}},{"type":"Feature","id":"11.75","properties":{"kode":"11.75"},"geometry":{"type":"Polygon","coordinates":[[[97.869,3.009],[97.954,2.982],[97.944,2.899],[97.993,2.881],[98.050,2.821],[98.098,2.822],[98.116,2.785],[98.069,2.764],[98.104,2.681],[98.110,2.611],[98.084,2.603],[98.076,2.574],[97.855,2.564],[97.865,2.498],[97.791,2.500],[97.825,2.636],[97.766,2.788],[97.851,2.836],[97.859,2.882],[97.908,2.924],[97.900,2.966],[97.814,2.983],[97.869,3.009]]]}},{"type":"Feature","id":"12.04","properties":{"kode":"12.04"},"geometry":{"type":"Polygon","coordinates":[[[97.723,1.170],[97.799,1.151],[97.834,1.087],[97.919,1.024],[97.946,0.956],[97.903,0.894],[97.875,0.933],[97.804,0.923],[97.765,0.961],[97.694,0.932],[97.690,0.996],[97.650,1.000],[97.62,1.027],[97.622,1.104],[97.587,1.103],[97.557,1.141],[97.493,1.152],[97.494,1.261],[97.520,1.262],[97.514,1.283],[97.535,1.293],[97.539,1.275],[97.552,1.281],[97.562,1.201],[97.602,1.209],[97.626,1.173],[97.612,1.159],[97.648,1.131],[97.723,1.170]]]}},{"type":"Feature","id":"12.13","properties":{"kode":"12.13"},"geometry":{"type":"Polygon","coordinates":[[[99.520,1.119],[99.605,1.000],[99.590,0.979],[99.604,0.949],[99.649,0.917],[99.703,0.926],[99.745,0.867],[99.798,0.858],[99.838,0.826],[99.848,0.765],[99.824,0.735],[99.830,0.696],[99.911,0.679],[99.926,0.631],[99.91,0.624],[99.959,0.568],[99.960,0.514],[99.905,0.471],[99.835,0.458],[99.744,0.478],[99.717,0.451],[99.678,0.471],[99.642,0.545],[99.573,0.508],[99.527,0.523],[99.519,0.552],[99.442,0.480],[99.412,0.486],[99.317,0.334],[99.262,0.344],[99.190,0.308],[99.196,0.272],[99.167,0.228],[99.138,0.252],[99.159,0.269],[99.154,0.318],[99.111,0.349],[99.139,0.420],[99.117,0.503],[99.094,0.504],[99.106,0.579],[99.085,0.620],[99.051,0.621],[99.045,0.638],[99.065,0.658],[99.048,0.673],[99.058,0.742],[99.012,0.824],[98.976,0.841],[98.970,0.935],[98.839,1.291],[98.868,1.279],[98.888,1.300],[98.908,1.293],[98.971,1.346],[99.030,1.296],[99.050,1.204],[99.132,1.166],[99.117,1.105],[99.198,1.091],[99.240,1.041],[99.278,1.095],[99.335,1.026],[99.373,1.023],[99.428,0.976],[99.463,1.018],[99.428,1.089],[99.481,1.127],[99.520,1.119]]]}},{"type":"Feature","id":"12.03","properties":{"kode":"12.03"},"geometry":{"type":"Polygon","coordinates":[[[99.589,2.016],[99.602,1.973],[99.633,1.963],[99.6,1.946],[99.611,1.888],[99.561,1.889],[99.545,1.862],[99.570,1.813],[99.550,1.716],[99.510,1.725],[99.435,1.658],[99.454,1.593],[99.390,1.571],[99.419,1.541],[99.394,1.488],[99.407,1.432],[99.359,1.382],[99.412,1.290],[99.420,1.203],[99.520,1.119],[99.481,1.127],[99.428,1.089],[99.463,1.018],[99.428,0.976],[99.373,1.023],[99.335,1.026],[99.278,1.095],[99.240,1.041],[99.198,1.091],[99.117,1.105],[99.132,1.166],[99.050,1.204],[99.030,1.296],[98.971,1.346],[98.864,1.280],[98.782,1.430],[98.835,1.431],[98.873,1.403],[98.881,1.448],[98.971,1.446],[98.981,1.456],[98.924,1.468],[99.012,1.481],[98.989,1.522],[99.036,1.556],[99.003,1.547],[99.057,1.645],[99.051,1.700],[99.078,1.698],[99.142,1.640],[99.259,1.725],[99.256,1.824],[99.350,1.835],[99.359,1.875],[99.339,1.904],[99.379,1.950],[99.481,1.951],[99.444,2.033],[99.459,2.125],[99.511,2.123],[99.520,2.091],[99.549,2.080],[99.552,2.043],[99.589,2.016]]]}},{"type":"Feature","id":"12.01","properties":{"kode":"12.01"},"geometry":{"type":"MultiPolygon","coordinates":[[[[98.282,2.192],[98.394,2.116],[98.508,2.078],[98.596,2.081],[98.608,2.021],[98.645,1.999],[98.670,2.013],[98.653,1.994],[98.725,1.952],[98.813,1.943],[98.819,1.919],[98.783,1.880],[98.787,1.859],[98.864,1.809],[98.889,1.741],[98.992,1.755],[98.966,1.684],[98.985,1.654],[99.051,1.708],[99.057,1.645],[99.003,1.547],[99.036,1.556],[98.989,1.522],[99.013,1.498],[99.008,1.475],[98.939,1.480],[98.926,1.463],[98.981,1.456],[98.937,1.438],[98.881,1.448],[98.873,1.403],[98.835,1.431],[98.782,1.430],[98.769,1.486],[98.712,1.560],[98.729,1.567],[98.766,1.527],[98.782,1.578],[98.804,1.564],[98.799,1.594],[98.839,1.627],[98.823,1.679],[98.781,1.702],[98.811,1.729],[98.800,1.758],[98.706,1.785],[98.711,1.760],[98.732,1.760],[98.735,1.721],[98.687,1.733],[98.471,1.981],[98.421,2.009],[98.361,2.003],[98.367,2.019],[98.339,2.046],[98.269,2.033],[98.251,2.072],[98.127,2.169],[98.179,2.240],[98.197,2.311],[98.276,2.255],[98.282,2.192]]],[[[98.462,1.701],[98.502,1.681],[98.495,1.652],[98.534,1.64],[98.548,1.680],[98.571,1.648],[98.584,1.664],[98.608,1.612],[98.462,1.635],[98.440,1.675],[98.462,1.701]]]]}},{"type":"Feature","id":"12.02","properties":{"kode":"12.02"},"geometry":{"type":"Polygon","coordinates":[[[98.981,2.394],[98.998,2.269],[99.069,2.292],[99.123,2.276],[99.162,2.303],[99.181,2.295],[99.213,2.164],[99.251,2.120],[99.331,2.105],[99.334,2.139],[99.369,2.173],[99.394,2.170],[99.387,2.136],[99.414,2.112],[99.459,2.125],[99.444,2.033],[99.481,1.951],[99.379,1.950],[99.339,1.904],[99.359,1.875],[99.350,1.835],[99.256,1.824],[99.259,1.725],[99.142,1.640],[99.051,1.708],[98.985,1.654],[98.966,1.684],[98.992,1.755],[98.889,1.741],[98.864,1.809],[98.787,1.859],[98.783,1.880],[98.819,1.919],[98.813,1.943],[98.725,1.952],[98.653,1.994],[98.734,2.128],[98.841,2.162],[98.820,2.174],[98.818,2.218],[98.885,2.204],[98.884,2.219],[98.921,2.227],[98.962,2.267],[98.948,2.319],[98.846,2.343],[98.860,2.396],[98.912,2.408],[98.981,2.394]]]}},{"type":"Feature","id":"12.12","properties":{"kode":"12.12"},"geometry":{"type":"Polygon","coordinates":[[[99.042,2.633],[99.090,2.576],[99.147,2.568],[99.208,2.531],[99.263,2.541],[99.305,2.574],[99.307,2.554],[99.385,2.564],[99.427,2.597],[99.413,2.562],[99.457,2.604],[99.448,2.567],[99.465,2.547],[99.418,2.460],[99.501,2.394],[99.519,2.400],[99.512,2.438],[99.523,2.459],[99.521,2.349],[99.573,2.341],[99.582,2.310],[99.550,2.307],[99.538,2.249],[99.479,2.242],[99.424,2.215],[99.394,2.170],[99.362,2.173],[99.331,2.105],[99.251,2.120],[99.213,2.164],[99.181,2.295],[99.162,2.303],[99.123,2.276],[99.069,2.292],[98.998,2.269],[98.981,2.394],[99.018,2.439],[99.018,2.483],[98.924,2.568],[98.894,2.662],[98.950,2.654],[98.974,2.602],[99.042,2.633]]]}},{"type":"Feature","id":"12.10","properties":{"kode":"12.10"},"geometry":{"type":"Polygon","coordinates":[[[100.321,2.547],[100.299,2.442],[100.306,2.375],[100.360,2.219],[100.238,2.219],[100.204,2.193],[100.156,2.193],[100.157,2.169],[100.125,2.170],[100.124,2.128],[100.108,2.133],[100.100,2.108],[100.035,2.076],[100.048,2.019],[100.029,1.999],[100.06,1.987],[100.037,1.936],[99.962,1.957],[99.959,1.927],[99.943,1.944],[99.953,1.968],[99.898,1.980],[99.870,1.900],[99.881,1.821],[99.842,1.798],[99.829,1.909],[99.845,1.920],[99.830,1.954],[99.853,1.969],[99.839,1.991],[99.852,2.000],[99.790,2.023],[99.742,2.001],[99.704,1.944],[99.708,1.969],[99.684,1.982],[99.695,2.027],[99.656,2.026],[99.631,2.048],[99.717,2.090],[99.762,2.136],[99.771,2.188],[99.864,2.181],[99.945,2.208],[99.989,2.198],[99.998,2.258],[100.023,2.264],[99.986,2.274],[99.983,2.408],[100.009,2.409],[100.037,2.483],[100.015,2.494],[100.072,2.545],[100.059,2.734],[100.138,2.687],[100.175,2.711],[100.220,2.704],[100.234,2.642],[100.321,2.547]]]}},{"type":"Feature","id":"12.09","properties":{"kode":"12.09"},"geometry":{"type":"Polygon","coordinates":[[[99.987,2.856],[99.693,2.595],[99.647,2.576],[99.570,2.584],[99.542,2.615],[99.537,2.589],[99.505,2.586],[99.465,2.547],[99.448,2.567],[99.457,2.604],[99.413,2.562],[99.427,2.597],[99.385,2.564],[99.307,2.554],[99.305,2.574],[99.257,2.539],[99.199,2.531],[99.077,2.597],[99.078,2.662],[99.247,2.812],[99.266,2.860],[99.332,2.894],[99.376,2.885],[99.489,2.975],[99.565,3.079],[99.549,3.029],[99.53,3.021],[99.562,3.018],[99.554,3.027],[99.590,3.038],[99.619,3.093],[99.592,3.106],[99.619,3.135],[99.702,3.117],[99.737,3.173],[99.857,3.035],[99.889,3.039],[99.934,2.974],[99.981,2.948],[99.99,2.960],[99.987,2.856]]]}},{"type":"Feature","id":"12.08","properties":{"kode":"12.08"},"geometry":{"type":"Polygon","coordinates":[[[99.565,3.079],[99.446,2.931],[99.370,2.882],[99.332,2.894],[99.266,2.860],[99.247,2.812],[99.078,2.662],[99.077,2.597],[99.042,2.633],[98.974,2.602],[98.950,2.654],[98.894,2.662],[98.865,2.702],[98.738,2.791],[98.628,2.794],[98.581,2.825],[98.563,2.884],[98.534,2.912],[98.560,3.025],[98.605,3.108],[98.623,3.104],[98.633,3.064],[98.695,3.070],[98.695,3.041],[98.714,3.066],[98.735,3.214],[98.840,3.222],[98.864,3.256],[98.964,3.287],[98.981,3.272],[98.937,3.207],[99.007,3.207],[98.965,3.144],[98.989,3.125],[98.981,3.081],[98.926,3.015],[99.0,3.025],[99.033,3.111],[99.109,3.14],[99.131,3.173],[99.152,3.150],[99.196,3.178],[99.206,3.224],[99.226,3.204],[99.236,3.256],[99.301,3.282],[99.305,3.304],[99.344,3.287],[99.359,3.219],[99.384,3.257],[99.404,3.252],[99.370,3.151],[99.481,3.131],[99.517,3.115],[99.502,3.095],[99.529,3.083],[99.529,3.102],[99.551,3.099],[99.565,3.079]]]}},{"type":"Feature","id":"12.11","properties":{"kode":"12.11"},"geometry":{"type":"Polygon","coordinates":[[[98.418,2.920],[98.482,2.860],[98.532,2.876],[98.628,2.794],[98.572,2.725],[98.560,2.580],[98.490,2.548],[98.467,2.549],[98.419,2.638],[98.346,2.670],[98.337,2.703],[98.307,2.696],[98.205,2.729],[98.178,2.760],[98.105,2.790],[98.098,2.822],[98.050,2.821],[97.993,2.881],[97.944,2.899],[97.954,2.982],[97.936,2.989],[97.947,3.008],[97.930,3.054],[97.938,3.076],[97.961,3.065],[97.988,3.091],[98.038,3.079],[98.036,3.109],[98.060,3.110],[98.114,3.054],[98.184,3.066],[98.200,2.985],[98.248,2.931],[98.315,2.970],[98.418,2.920]]]}},{"type":"Feature","id":"12.06","properties":{"kode":"12.06"},"geometry":{"type":"Polygon","coordinates":[[[98.432,3.237],[98.538,3.246],[98.560,3.2],[98.627,3.224],[98.601,3.164],[98.629,3.115],[98.605,3.108],[98.560,3.025],[98.534,2.912],[98.563,2.884],[98.578,2.83],[98.527,2.879],[98.482,2.860],[98.429,2.917],[98.372,2.931],[98.345,2.965],[98.296,2.967],[98.248,2.931],[98.200,2.985],[98.184,3.066],[98.114,3.054],[98.060,3.110],[98.036,3.109],[98.033,3.077],[97.983,3.086],[97.976,3.130],[97.942,3.164],[97.944,3.207],[97.904,3.256],[97.969,3.273],[98.029,3.330],[98.096,3.315],[98.122,3.266],[98.217,3.283],[98.249,3.252],[98.292,3.256],[98.299,3.226],[98.334,3.218],[98.367,3.246],[98.348,3.259],[98.351,3.289],[98.432,3.237]]]}},{"type":"Feature","id":"12.07","properties":{"kode":"12.07"},"geometry":{"type":"Polygon","coordinates":[[[98.710,3.794],[98.625,3.760],[98.652,3.732],[98.618,3.711],[98.658,3.675],[98.665,3.635],[98.651,3.615],[98.599,3.618],[98.612,3.562],[98.593,3.540],[98.600,3.490],[98.625,3.518],[98.646,3.481],[98.658,3.522],[98.742,3.529],[98.720,3.552],[98.738,3.579],[98.717,3.582],[98.741,3.594],[98.706,3.595],[98.702,3.656],[98.67,3.671],[98.703,3.672],[98.710,3.719],[98.730,3.722],[98.704,3.740],[98.707,3.771],[98.751,3.763],[98.773,3.731],[98.875,3.687],[98.943,3.675],[98.945,3.659],[98.918,3.601],[98.936,3.520],[98.914,3.450],[98.918,3.370],[98.802,3.306],[98.737,3.225],[98.714,3.066],[98.695,3.041],[98.692,3.072],[98.630,3.069],[98.629,3.124],[98.601,3.164],[98.622,3.232],[98.560,3.2],[98.538,3.246],[98.481,3.237],[98.468,3.253],[98.47,3.276],[98.509,3.307],[98.495,3.390],[98.521,3.521],[98.497,3.567],[98.539,3.575],[98.533,3.620],[98.512,3.631],[98.518,3.668],[98.501,3.672],[98.504,3.745],[98.535,3.791],[98.603,3.834],[98.606,3.869],[98.663,3.908],[98.697,3.878],[98.710,3.794]]]}},{"type":"Feature","id":"12.05","properties":{"kode":"12.05"},"geometry":{"type":"MultiPolygon","coordinates":[[[[98.253,4.289],[98.238,4.269],[98.254,4.201],[98.161,4.154],[98.177,4.144],[98.172,4.112],[98.250,4.129],[98.295,4.107],[98.309,4.072],[98.390,4.075],[98.430,4.039],[98.541,4.012],[98.559,3.939],[98.663,3.908],[98.606,3.869],[98.603,3.834],[98.585,3.833],[98.573,3.804],[98.535,3.791],[98.504,3.745],[98.501,3.672],[98.464,3.650],[98.474,3.617],[98.440,3.606],[98.46,3.586],[98.449,3.529],[98.473,3.528],[98.474,3.556],[98.498,3.564],[98.521,3.521],[98.495,3.390],[98.509,3.307],[98.47,3.276],[98.465,3.230],[98.351,3.289],[98.348,3.259],[98.367,3.246],[98.334,3.218],[98.299,3.226],[98.292,3.256],[98.249,3.252],[98.217,3.283],[98.122,3.266],[98.096,3.315],[98.039,3.325],[97.997,3.372],[97.948,3.39],[97.934,3.446],[97.959,3.481],[97.923,3.496],[97.906,3.555],[97.868,3.571],[97.871,3.612],[97.800,3.722],[97.908,3.818],[97.921,3.845],[97.900,3.910],[97.948,3.889],[98.006,3.901],[98.009,3.949],[98.082,3.953],[98.095,3.984],[98.040,4.041],[98.057,4.134],[98.074,4.145],[98.062,4.185],[98.094,4.208],[98.072,4.250],[98.143,4.259],[98.154,4.289],[98.253,4.289]]],[[[98.262,4.175],[98.272,4.143],[98.252,4.133],[98.232,4.146],[98.243,4.175],[98.262,4.175]]]]}},{"type":"Feature","id":"12.14","properties":{"kode":"12.14"},"geometry":{"type":"MultiPolygon","coordinates":[[[[98.612,0.181],[98.707,0.178],[98.721,0.157],[98.798,0.170],[98.854,0.116],[98.850,0.079],[98.787,0.096],[98.754,0.073],[98.654,0.072],[98.535,0.102],[98.525,0.141],[98.612,0.181]]],[[[98.381,0.007],[98.396,-0.013],[98.415,0.001],[98.418,-0.030],[98.470,-0.094],[98.492,-0.210],[98.573,-0.280],[98.565,-0.332],[98.540,-0.333],[98.551,-0.392],[98.505,-0.297],[98.366,-0.107],[98.379,-0.106],[98.361,-0.059],[98.294,-0.018],[98.381,0.007]]],[[[98.417,-0.241],[98.489,-0.299],[98.522,-0.380],[98.500,-0.398],[98.514,-0.414],[98.506,-0.490],[98.481,-0.517],[98.505,-0.557],[98.468,-0.572],[98.475,-0.534],[98.436,-0.538],[98.415,-0.557],[98.419,-0.597],[98.391,-0.562],[98.287,-0.523],[98.323,-0.507],[98.325,-0.522],[98.346,-0.518],[98.354,-0.471],[98.376,-0.458],[98.384,-0.343],[98.440,-0.302],[98.417,-0.241]]],[[[98.298,-0.059],[98.329,-0.061],[98.356,-0.088],[98.324,-0.090],[98.298,-0.059]]],[[[97.903,0.894],[97.893,0.840],[97.911,0.798],[97.886,0.743],[97.898,0.623],[97.837,0.559],[97.821,0.568],[97.821,0.543],[97.780,0.554],[97.780,0.580],[97.753,0.554],[97.741,0.580],[97.701,0.565],[97.682,0.586],[97.695,0.618],[97.661,0.677],[97.632,0.800],[97.559,0.866],[97.523,0.951],[97.552,0.991],[97.62,1.027],[97.650,1.000],[97.690,0.996],[97.694,0.932],[97.765,0.961],[97.804,0.923],[97.875,0.933],[97.903,0.894]]],[[[97.890,-0.062],[97.888,-0.106],[97.836,-0.069],[97.847,-0.062],[97.890,-0.062]]]]}},{"type":"Feature","id":"12.16","properties":{"kode":"12.16"},"geometry":{"type":"Polygon","coordinates":[[[98.421,2.476],[98.457,2.436],[98.564,2.436],[98.618,2.395],[98.751,2.434],[98.846,2.343],[98.948,2.319],[98.962,2.267],[98.921,2.227],[98.884,2.219],[98.885,2.204],[98.818,2.218],[98.820,2.174],[98.841,2.162],[98.734,2.128],[98.679,2.016],[98.642,1.999],[98.608,2.021],[98.596,2.081],[98.500,2.080],[98.394,2.117],[98.284,2.188],[98.252,2.355],[98.302,2.335],[98.298,2.417],[98.348,2.423],[98.363,2.458],[98.421,2.476]]]}},{"type":"Feature","id":"12.15","properties":{"kode":"12.15"},"geometry":{"type":"Polygon","coordinates":[[[98.467,2.549],[98.420,2.536],[98.444,2.505],[98.429,2.468],[98.363,2.458],[98.348,2.423],[98.298,2.417],[98.302,2.335],[98.252,2.355],[98.266,2.263],[98.197,2.311],[98.147,2.424],[98.084,2.504],[98.076,2.574],[98.084,2.603],[98.110,2.611],[98.104,2.681],[98.069,2.764],[98.119,2.785],[98.246,2.708],[98.337,2.703],[98.357,2.659],[98.425,2.631],[98.467,2.549]]]}},{"type":"Feature","id":"12.17","properties":{"kode":"12.17"},"geometry":{"type":"Polygon","coordinates":[[[98.865,2.702],[98.924,2.568],[99.018,2.483],[99.018,2.439],[98.981,2.394],[98.874,2.402],[98.838,2.357],[98.751,2.434],[98.618,2.395],[98.564,2.436],[98.457,2.436],[98.421,2.476],[98.444,2.505],[98.420,2.536],[98.560,2.580],[98.572,2.725],[98.628,2.794],[98.738,2.791],[98.865,2.702]]]}},{"type":"Feature","id":"12.18","properties":{"kode":"12.18"},"geometry":{"type":"Polygon","coordinates":[[[99.319,3.432],[99.282,3.392],[99.293,3.378],[99.261,3.306],[99.223,3.279],[99.230,3.255],[99.196,3.178],[99.152,3.150],[99.131,3.173],[99.109,3.14],[99.033,3.111],[99.0,3.025],[98.926,3.015],[98.981,3.081],[98.989,3.125],[98.965,3.144],[99.007,3.207],[98.937,3.207],[98.981,3.272],[98.964,3.287],[98.864,3.256],[98.840,3.222],[98.735,3.214],[98.802,3.306],[98.918,3.370],[98.914,3.450],[98.936,3.520],[98.918,3.601],[98.954,3.680],[99.292,3.478],[99.319,3.432]]]}},{"type":"Feature","id":"12.19","properties":{"kode":"12.19"},"geometry":{"type":"Polygon","coordinates":[[[99.737,3.173],[99.702,3.117],[99.619,3.135],[99.592,3.106],[99.619,3.093],[99.595,3.045],[99.549,3.015],[99.531,3.028],[99.549,3.029],[99.570,3.075],[99.551,3.099],[99.529,3.102],[99.524,3.084],[99.502,3.095],[99.521,3.102],[99.508,3.120],[99.370,3.151],[99.398,3.257],[99.370,3.247],[99.359,3.219],[99.344,3.287],[99.305,3.304],[99.301,3.282],[99.236,3.256],[99.226,3.204],[99.206,3.224],[99.230,3.255],[99.223,3.279],[99.261,3.306],[99.293,3.378],[99.285,3.399],[99.319,3.432],[99.488,3.344],[99.486,3.317],[99.546,3.245],[99.688,3.204],[99.737,3.173]]]}},{"type":"Feature","id":"12.20","properties":{"kode":"12.20"},"geometry":{"type":"Polygon","coordinates":[[[99.840,1.801],[99.736,1.833],[99.678,1.822],[99.703,1.759],[99.847,1.637],[99.897,1.714],[99.991,1.662],[100.049,1.754],[100.046,1.722],[100.096,1.703],[100.168,1.598],[100.317,1.501],[100.318,1.470],[100.277,1.463],[100.340,1.437],[100.237,1.406],[100.123,1.405],[100.038,1.373],[100.022,1.411],[99.992,1.426],[99.964,1.394],[99.942,1.402],[99.979,1.430],[99.924,1.444],[99.909,1.496],[99.923,1.545],[99.902,1.550],[99.859,1.486],[99.793,1.476],[99.729,1.438],[99.729,1.396],[99.609,1.330],[99.575,1.262],[99.485,1.275],[99.426,1.215],[99.412,1.290],[99.359,1.382],[99.407,1.432],[99.394,1.488],[99.419,1.541],[99.390,1.571],[99.454,1.593],[99.435,1.658],[99.465,1.672],[99.479,1.704],[99.519,1.728],[99.522,1.710],[99.550,1.716],[99.570,1.813],[99.545,1.862],[99.561,1.889],[99.611,1.888],[99.6,1.946],[99.633,1.963],[99.602,1.973],[99.589,2.016],[99.621,1.995],[99.615,2.039],[99.687,2.033],[99.684,1.982],[99.708,1.969],[99.704,1.944],[99.742,2.001],[99.790,2.023],[99.852,2.000],[99.839,1.991],[99.853,1.969],[99.830,1.954],[99.845,1.920],[99.829,1.909],[99.840,1.801]]]}},{"type":"Feature","id":"12.21","properties":{"kode":"12.21"},"geometry":{"type":"Polygon","coordinates":[[[100.052,1.377],[100.050,1.349],[100.087,1.337],[100.125,1.255],[100.117,1.205],[100.166,1.169],[100.162,1.139],[100.184,1.125],[100.116,1.093],[100.165,1.002],[100.139,0.984],[100.151,0.935],[100.119,0.910],[100.087,0.925],[100.143,0.896],[100.121,0.821],[100.157,0.799],[100.178,0.756],[100.076,0.787],[99.965,0.852],[99.952,0.879],[99.873,0.906],[99.832,0.884],[99.838,0.826],[99.798,0.858],[99.745,0.867],[99.691,0.931],[99.640,0.920],[99.593,0.964],[99.606,0.995],[99.567,1.070],[99.545,1.069],[99.512,1.133],[99.420,1.203],[99.485,1.275],[99.575,1.262],[99.609,1.330],[99.729,1.396],[99.729,1.438],[99.793,1.476],[99.859,1.486],[99.902,1.550],[99.923,1.545],[99.909,1.496],[99.924,1.444],[99.979,1.430],[99.942,1.402],[99.964,1.394],[99.992,1.426],[100.022,1.411],[100.030,1.378],[100.052,1.377]]]}},{"type":"Feature","id":"12.22","properties":{"kode":"12.22"},"geometry":{"type":"Polygon","coordinates":[[[100.318,1.448],[100.307,1.513],[100.168,1.598],[100.096,1.703],[100.046,1.722],[100.049,1.754],[99.991,1.662],[99.897,1.714],[99.847,1.637],[99.703,1.759],[99.678,1.822],[99.736,1.833],[99.862,1.796],[99.882,1.826],[99.868,1.862],[99.883,1.967],[99.912,1.984],[99.912,1.965],[99.953,1.968],[99.943,1.944],[99.959,1.927],[99.962,1.957],[100.037,1.936],[100.06,1.987],[100.029,1.999],[100.048,2.019],[100.035,2.076],[100.100,2.108],[100.108,2.133],[100.124,2.128],[100.125,2.170],[100.157,2.169],[100.156,2.193],[100.204,2.193],[100.238,2.219],[100.360,2.219],[100.347,2.242],[100.362,2.248],[100.372,2.193],[100.321,2.049],[100.318,1.901],[100.288,1.875],[100.280,1.812],[100.387,1.777],[100.386,1.754],[100.352,1.734],[100.367,1.684],[100.416,1.665],[100.405,1.568],[100.434,1.520],[100.421,1.485],[100.376,1.449],[100.318,1.448]]]}},{"type":"Feature","id":"12.23","properties":{"kode":"12.23"},"geometry":{"type":"Polygon","coordinates":[[[100.059,2.734],[100.072,2.545],[100.015,2.494],[100.037,2.483],[100.009,2.409],[99.983,2.408],[99.986,2.274],[100.023,2.264],[99.998,2.258],[99.989,2.198],[99.945,2.208],[99.864,2.181],[99.771,2.188],[99.762,2.136],[99.717,2.090],[99.615,2.039],[99.621,1.995],[99.563,2.030],[99.511,2.123],[99.414,2.112],[99.387,2.136],[99.424,2.215],[99.538,2.249],[99.550,2.307],[99.582,2.310],[99.573,2.341],[99.521,2.349],[99.523,2.459],[99.519,2.400],[99.501,2.394],[99.418,2.460],[99.450,2.501],[99.452,2.540],[99.499,2.582],[99.537,2.589],[99.542,2.615],[99.570,2.584],[99.616,2.573],[99.693,2.595],[99.987,2.856],[99.984,2.758],[100.015,2.735],[100.059,2.734]]]}},{"type":"Feature","id":"12.24","properties":{"kode":"12.24"},"geometry":{"type":"Polygon","coordinates":[[[97.539,1.420],[97.497,1.382],[97.499,1.339],[97.470,1.347],[97.506,1.261],[97.489,1.237],[97.488,1.188],[97.501,1.191],[97.469,1.083],[97.446,1.119],[97.434,1.091],[97.361,1.090],[97.278,1.211],[97.258,1.214],[97.248,1.259],[97.207,1.266],[97.150,1.367],[97.100,1.406],[97.073,1.388],[97.057,1.413],[97.136,1.435],[97.170,1.396],[97.194,1.419],[97.211,1.403],[97.274,1.418],[97.289,1.448],[97.345,1.480],[97.334,1.522],[97.350,1.541],[97.395,1.499],[97.422,1.517],[97.441,1.472],[97.481,1.479],[97.539,1.420]]]}},{"type":"Feature","id":"12.25","properties":{"kode":"12.25"},"geometry":{"type":"Polygon","coordinates":[[[97.62,1.027],[97.552,0.991],[97.523,0.951],[97.548,0.888],[97.481,0.939],[97.406,0.938],[97.406,0.982],[97.361,1.090],[97.434,1.091],[97.446,1.119],[97.477,1.085],[97.477,1.139],[97.493,1.164],[97.492,1.171],[97.495,1.184],[97.501,1.191],[97.499,1.148],[97.521,1.155],[97.587,1.103],[97.622,1.104],[97.62,1.027]]]}},{"type":"Feature","id":"12.73","properties":{"kode":"12.73"},"geometry":{"type":"Polygon","coordinates":[[[98.796,1.721],[98.768,1.745],[98.769,1.757],[98.800,1.758],[98.811,1.729],[98.796,1.721]]]}},{"type":"Feature","id":"12.74","properties":{"kode":"12.74"},"geometry":{"type":"Polygon","coordinates":[[[99.806,3.018],[99.819,3.004],[99.810,2.970],[99.837,2.937],[99.775,2.920],[99.753,2.942],[99.757,2.966],[99.782,2.970],[99.766,3.009],[99.806,3.018]]]}},{"type":"Feature","id":"12.72","properties":{"kode":"12.72"},"geometry":{"type":"Polygon","coordinates":[[[99.099,3.018],[99.081,2.956],[99.098,2.962],[99.102,2.935],[99.017,2.892],[99.041,2.924],[99.020,2.948],[99.027,2.988],[99.099,3.018]]]}},{"type":"Feature","id":"12.76","properties":{"kode":"12.76"},"geometry":{"type":"Polygon","coordinates":[[[99.166,3.373],[99.167,3.350],[99.192,3.352],[99.193,3.312],[99.143,3.311],[99.135,3.281],[99.116,3.338],[99.154,3.341],[99.166,3.373]]]}},{"type":"Feature","id":"12.71","properties":{"kode":"12.71"},"geometry":{"type":"Polygon","coordinates":[[[98.723,3.801],[98.704,3.740],[98.730,3.722],[98.710,3.719],[98.703,3.672],[98.67,3.671],[98.702,3.656],[98.706,3.595],[98.711,3.6],[98.741,3.594],[98.717,3.582],[98.738,3.579],[98.720,3.552],[98.742,3.529],[98.658,3.522],[98.646,3.481],[98.625,3.518],[98.600,3.490],[98.593,3.540],[98.612,3.562],[98.599,3.618],[98.651,3.615],[98.665,3.635],[98.658,3.675],[98.618,3.711],[98.652,3.732],[98.628,3.768],[98.723,3.801]]]}},{"type":"Feature","id":"12.75","properties":{"kode":"12.75"},"geometry":{"type":"Polygon","coordinates":[[[98.539,3.575],[98.474,3.556],[98.473,3.528],[98.449,3.529],[98.46,3.586],[98.440,3.606],[98.474,3.617],[98.464,3.650],[98.511,3.672],[98.539,3.575]]]}},{"type":"Feature","id":"12.77","properties":{"kode":"12.77"},"geometry":{"type":"Polygon","coordinates":[[[99.245,1.473],[99.327,1.415],[99.349,1.311],[99.311,1.302],[99.243,1.363],[99.22,1.410],[99.245,1.473]]]}},{"type":"Feature","id":"12.78","properties":{"kode":"12.78"},"geometry":{"type":"Polygon","coordinates":[[[97.723,1.170],[97.648,1.131],[97.612,1.159],[97.626,1.173],[97.602,1.209],[97.562,1.201],[97.552,1.281],[97.539,1.275],[97.535,1.293],[97.514,1.283],[97.520,1.262],[97.498,1.270],[97.470,1.347],[97.507,1.348],[97.497,1.382],[97.516,1.406],[97.539,1.420],[97.541,1.392],[97.675,1.219],[97.688,1.18],[97.723,1.170]]]}},{"type":"Feature","id":"13.09","properties":{"kode":"13.09"},"geometry":{"type":"MultiPolygon","coordinates":[[[[100.493,-3.141],[100.507,-3.178],[100.532,-3.200],[100.503,-3.200],[100.485,-3.169],[100.493,-3.141]]],[[[100.228,-2.785],[100.253,-2.799],[100.268,-2.843],[100.354,-2.901],[100.429,-3.003],[100.456,-3.015],[100.471,-3.143],[100.393,-3.151],[100.366,-3.171],[100.404,-3.184],[100.394,-3.215],[100.464,-3.313],[100.465,-3.347],[100.439,-3.344],[100.378,-3.284],[100.375,-3.252],[100.338,-3.247],[100.325,-3.209],[100.369,-3.227],[100.325,-3.171],[100.340,-3.163],[100.332,-3.134],[100.293,-3.081],[100.247,-3.080],[100.257,-3.051],[100.233,-3.057],[100.188,-2.989],[100.181,-2.962],[100.202,-2.933],[100.176,-2.803],[100.228,-2.785]]],[[[99.993,-2.502],[100.173,-2.648],[100.219,-2.738],[100.217,-2.776],[100.141,-2.809],[100.148,-2.839],[100.075,-2.842],[100.050,-2.815],[100.023,-2.850],[100.018,-2.811],[99.980,-2.775],[100.013,-2.738],[100.011,-2.675],[99.962,-2.574],[99.975,-2.568],[99.971,-2.513],[99.993,-2.502]]],[[[99.592,-2.030],[99.638,-2.037],[99.703,-2.091],[99.720,-2.182],[99.780,-2.255],[99.788,-2.294],[99.845,-2.334],[99.859,-2.402],[99.837,-2.363],[99.795,-2.370],[99.788,-2.346],[99.737,-2.345],[99.673,-2.289],[99.600,-2.283],[99.608,-2.244],[99.594,-2.252],[99.584,-2.223],[99.577,-2.245],[99.528,-2.153],[99.571,-2.151],[99.546,-2.071],[99.592,-2.030]]],[[[98.911,-0.926],[98.898,-0.942],[98.930,-0.934],[98.951,-1.012],[98.917,-0.992],[98.940,-1.069],[99.002,-1.117],[99.007,-1.162],[99.041,-1.205],[99.025,-1.221],[99.068,-1.252],[99.055,-1.295],[99.080,-1.294],[99.097,-1.362],[99.149,-1.402],[99.166,-1.471],[99.114,-1.441],[99.183,-1.516],[99.199,-1.514],[99.193,-1.543],[99.208,-1.552],[99.193,-1.566],[99.221,-1.605],[99.258,-1.594],[99.287,-1.633],[99.274,-1.662],[99.299,-1.715],[99.291,-1.750],[99.263,-1.738],[99.227,-1.635],[99.207,-1.624],[99.199,-1.641],[99.241,-1.677],[99.222,-1.670],[99.262,-1.771],[99.242,-1.796],[99.167,-1.779],[99.106,-1.811],[98.873,-1.674],[98.825,-1.615],[98.836,-1.583],[98.804,-1.519],[98.602,-1.225],[98.596,-1.198],[98.650,-1.106],[98.663,-0.981],[98.684,-0.959],[98.720,-0.944],[98.796,-0.956],[98.898,-0.906],[98.911,-0.926]]],[[[99.259,-1.791],[99.288,-1.805],[99.293,-1.833],[99.245,-1.849],[99.269,-1.809],[99.259,-1.791]]]]}},{"type":"Feature","id":"13.01","properties":{"kode":"13.01"},"geometry":{"type":"Polygon","coordinates":[[[100.538,-0.958],[100.560,-1.043],[100.594,-1.074],[100.619,-1.060],[100.644,-1.120],[100.708,-1.092],[100.737,-1.104],[100.753,-1.161],[100.777,-1.163],[100.800,-1.203],[100.797,-1.275],[100.892,-1.325],[100.906,-1.370],[100.892,-1.390],[100.937,-1.425],[100.941,-1.468],[100.976,-1.483],[100.978,-1.519],[101.02,-1.564],[101.018,-1.607],[101.065,-1.635],[101.065,-1.657],[101.131,-1.684],[101.138,-1.898],[101.243,-2.072],[101.241,-2.097],[101.261,-2.101],[101.292,-2.288],[101.022,-2.478],[100.889,-2.325],[100.873,-2.241],[100.821,-2.168],[100.880,-2.045],[100.858,-1.913],[100.638,-1.607],[100.622,-1.500],[100.562,-1.442],[100.584,-1.422],[100.558,-1.407],[100.592,-1.395],[100.578,-1.369],[100.562,-1.374],[100.566,-1.334],[100.490,-1.298],[100.451,-1.258],[100.400,-1.270],[100.406,-1.236],[100.431,-1.256],[100.432,-1.201],[100.386,-1.183],[100.378,-1.145],[100.362,-1.157],[100.365,-1.134],[100.423,-1.123],[100.425,-1.072],[100.477,-1.004],[100.524,-1.000],[100.538,-0.958]]]}},{"type":"Feature","id":"13.02","properties":{"kode":"13.02"},"geometry":{"type":"Polygon","coordinates":[[[100.705,-0.571],[100.687,-0.631],[100.723,-0.663],[100.706,-0.671],[100.696,-0.724],[100.737,-0.724],[100.821,-0.779],[100.812,-0.795],[100.848,-0.784],[100.889,-0.828],[100.962,-0.804],[100.953,-0.831],[100.994,-0.854],[101.000,-0.878],[101.045,-0.885],[101.066,-0.949],[101.049,-0.968],[101.068,-0.990],[101.201,-0.957],[101.183,-1.029],[101.144,-1.04],[101.165,-1.055],[101.176,-1.135],[101.245,-1.214],[101.231,-1.249],[101.262,-1.263],[101.254,-1.29],[101.192,-1.280],[101.171,-1.303],[101.089,-1.300],[101.006,-1.259],[101.000,-1.306],[100.983,-1.313],[100.938,-1.283],[100.895,-1.302],[100.889,-1.329],[100.8,-1.278],[100.800,-1.203],[100.777,-1.163],[100.753,-1.161],[100.726,-1.094],[100.644,-1.120],[100.619,-1.060],[100.578,-1.068],[100.538,-0.958],[100.565,-0.902],[100.535,-0.848],[100.544,-0.814],[100.636,-0.795],[100.679,-0.805],[100.684,-0.747],[100.643,-0.744],[100.616,-0.779],[100.541,-0.809],[100.510,-0.795],[100.508,-0.753],[100.479,-0.751],[100.445,-0.716],[100.426,-0.658],[100.523,-0.642],[100.593,-0.596],[100.589,-0.555],[100.623,-0.558],[100.640,-0.539],[100.678,-0.537],[100.705,-0.571]]]}},{"type":"Feature","id":"13.03","properties":{"kode":"13.03"},"geometry":{"type":"Polygon","coordinates":[[[101.031,-0.345],[101.028,-0.398],[101.066,-0.503],[101.108,-0.500],[101.182,-0.544],[101.198,-0.581],[101.254,-0.625],[101.305,-0.627],[101.357,-0.657],[101.347,-0.683],[101.405,-0.717],[101.394,-0.743],[101.426,-0.740],[101.505,-0.808],[101.547,-0.821],[101.520,-0.848],[101.454,-0.834],[101.415,-0.899],[101.420,-0.927],[101.396,-0.940],[101.397,-0.974],[101.353,-0.955],[101.275,-0.955],[101.209,-0.921],[101.197,-0.952],[101.068,-0.990],[101.049,-0.968],[101.066,-0.949],[101.045,-0.885],[101.000,-0.878],[100.994,-0.854],[100.953,-0.831],[100.962,-0.804],[100.889,-0.828],[100.848,-0.784],[100.809,-0.793],[100.821,-0.779],[100.789,-0.669],[100.849,-0.426],[100.824,-0.352],[100.977,-0.314],[101.031,-0.345]]]}},{"type":"Feature","id":"13.04","properties":{"kode":"13.04"},"geometry":{"type":"Polygon","coordinates":[[[100.535,-0.278],[100.579,-0.288],[100.567,-0.323],[100.619,-0.351],[100.664,-0.351],[100.677,-0.324],[100.756,-0.370],[100.780,-0.366],[100.777,-0.347],[100.824,-0.352],[100.849,-0.426],[100.839,-0.481],[100.822,-0.486],[100.804,-0.566],[100.782,-0.547],[100.705,-0.571],[100.664,-0.532],[100.623,-0.558],[100.589,-0.555],[100.593,-0.596],[100.523,-0.642],[100.486,-0.658],[100.402,-0.653],[100.418,-0.584],[100.383,-0.525],[100.392,-0.492],[100.321,-0.480],[100.318,-0.420],[100.359,-0.389],[100.470,-0.391],[100.535,-0.278]]]}},{"type":"Feature","id":"13.05","properties":{"kode":"13.05"},"geometry":{"type":"Polygon","coordinates":[[[100.102,-0.322],[100.101,-0.335],[100.151,-0.348],[100.158,-0.394],[100.214,-0.415],[100.244,-0.473],[100.283,-0.471],[100.316,-0.433],[100.321,-0.480],[100.392,-0.492],[100.383,-0.525],[100.418,-0.584],[100.402,-0.653],[100.426,-0.658],[100.457,-0.726],[100.385,-0.755],[100.367,-0.800],[100.291,-0.816],[100.158,-0.676],[100.185,-0.623],[100.131,-0.552],[100.092,-0.572],[99.962,-0.434],[99.999,-0.396],[99.992,-0.360],[100.046,-0.363],[100.067,-0.325],[100.102,-0.322]]]}},{"type":"Feature","id":"13.06","properties":{"kode":"13.06"},"geometry":{"type":"Polygon","coordinates":[[[100.265,-0.032],[100.325,-0.054],[100.410,-0.176],[100.543,-0.262],[100.470,-0.391],[100.344,-0.392],[100.263,-0.479],[100.221,-0.448],[100.214,-0.415],[100.158,-0.394],[100.151,-0.348],[100.101,-0.335],[100.102,-0.321],[100.067,-0.325],[100.046,-0.363],[99.992,-0.360],[99.999,-0.396],[99.962,-0.434],[99.820,-0.300],[99.770,-0.175],[99.986,-0.159],[99.986,-0.132],[100.038,-0.081],[100.092,-0.080],[100.160,-0.107],[100.188,-0.092],[100.202,-0.107],[100.213,-0.07],[100.246,-0.073],[100.265,-0.032]]]}},{"type":"Feature","id":"13.07","properties":{"kode":"13.07"},"geometry":{"type":"Polygon","coordinates":[[[100.418,0.423],[100.460,0.401],[100.430,0.356],[100.467,0.314],[100.559,0.304],[100.589,0.250],[100.671,0.185],[100.700,0.248],[100.762,0.234],[100.815,0.260],[100.843,0.223],[100.841,0.146],[100.787,0.127],[100.774,0.102],[100.800,0.050],[100.833,0.068],[100.862,0.042],[100.815,-0.043],[100.805,-0.019],[100.768,-0.020],[100.736,-0.049],[100.783,-0.186],[100.774,-0.213],[100.814,-0.277],[100.842,-0.29],[100.839,-0.351],[100.777,-0.347],[100.780,-0.366],[100.756,-0.370],[100.677,-0.324],[100.664,-0.351],[100.584,-0.339],[100.567,-0.323],[100.579,-0.288],[100.544,-0.284],[100.528,-0.245],[100.455,-0.213],[100.444,-0.185],[100.378,-0.148],[100.379,-0.112],[100.343,-0.093],[100.325,-0.054],[100.264,-0.031],[100.350,0.045],[100.315,0.085],[100.328,0.152],[100.353,0.179],[100.308,0.302],[100.332,0.353],[100.301,0.396],[100.345,0.380],[100.418,0.423]]]}},{"type":"Feature","id":"13.08","properties":{"kode":"13.08"},"geometry":{"type":"MultiPolygon","coordinates":[[[[99.873,0.906],[99.952,0.879],[99.965,0.852],[100.076,0.787],[100.273,0.727],[100.285,0.684],[100.221,0.665],[100.198,0.627],[100.238,0.539],[100.221,0.515],[100.235,0.476],[100.332,0.353],[100.308,0.302],[100.353,0.179],[100.328,0.152],[100.315,0.085],[100.350,0.045],[100.266,-0.02],[100.246,-0.073],[100.213,-0.07],[100.202,-0.107],[100.092,-0.080],[100.015,-0.097],[100.011,-0.067],[100.037,-0.067],[100.024,-0.023],[100.036,0.009],[99.982,0.070],[100.042,0.152],[100.060,0.145],[100.059,0.242],[100.022,0.248],[99.980,0.287],[99.922,0.293],[99.915,0.314],[99.857,0.319],[99.849,0.302],[99.795,0.299],[99.786,0.320],[99.753,0.324],[99.776,0.358],[99.743,0.382],[99.749,0.401],[99.773,0.401],[99.765,0.418],[99.82,0.416],[99.826,0.459],[99.905,0.471],[99.960,0.514],[99.959,0.568],[99.91,0.624],[99.926,0.631],[99.911,0.679],[99.830,0.696],[99.824,0.735],[99.849,0.792],[99.830,0.878],[99.873,0.906]]],[[[100.181,0.762],[100.181,0.762],[100.181,0.762],[100.181,0.762]]]]}},{"type":"Feature","id":"13.11","properties":{"kode":"13.11"},"geometry":{"type":"Polygon","coordinates":[[[101.426,-1.677],[101.265,-1.696],[101.215,-1.725],[101.191,-1.676],[101.169,-1.710],[101.065,-1.657],[101.065,-1.635],[101.018,-1.607],[101.02,-1.564],[100.978,-1.519],[100.976,-1.483],[100.941,-1.468],[100.937,-1.425],[100.895,-1.395],[100.906,-1.370],[100.889,-1.339],[100.910,-1.290],[101.000,-1.306],[101.006,-1.259],[101.089,-1.300],[101.171,-1.303],[101.192,-1.280],[101.254,-1.29],[101.262,-1.263],[101.231,-1.249],[101.245,-1.214],[101.166,-1.102],[101.292,-1.174],[101.299,-1.143],[101.350,-1.131],[101.342,-1.046],[101.403,-1.038],[101.431,-1.004],[101.460,-1.030],[101.403,-1.159],[101.450,-1.211],[101.468,-1.281],[101.524,-1.302],[101.515,-1.337],[101.587,-1.325],[101.596,-1.348],[101.672,-1.388],[101.609,-1.437],[101.560,-1.444],[101.527,-1.485],[101.540,-1.514],[101.509,-1.573],[101.441,-1.627],[101.426,-1.677]]]}},{"type":"Feature","id":"13.10","properties":{"kode":"13.10"},"geometry":{"type":"Polygon","coordinates":[[[101.823,-0.977],[101.831,-1.110],[101.866,-1.112],[101.878,-1.094],[101.892,-1.106],[101.884,-1.134],[101.816,-1.217],[101.726,-1.235],[101.691,-1.280],[101.675,-1.347],[101.717,-1.338],[101.728,-1.365],[101.694,-1.395],[101.719,-1.435],[101.691,-1.489],[101.656,-1.498],[101.523,-1.636],[101.437,-1.695],[101.431,-1.641],[101.509,-1.573],[101.540,-1.514],[101.527,-1.485],[101.560,-1.444],[101.609,-1.437],[101.672,-1.388],[101.596,-1.348],[101.587,-1.325],[101.515,-1.337],[101.524,-1.302],[101.468,-1.281],[101.450,-1.211],[101.410,-1.184],[101.402,-1.150],[101.441,-1.086],[101.453,-1.011],[101.422,-1.008],[101.376,-1.047],[101.347,-1.042],[101.350,-1.131],[101.299,-1.143],[101.292,-1.174],[101.277,-1.173],[101.257,-1.143],[101.232,-1.151],[101.198,-1.107],[101.166,-1.102],[101.165,-1.055],[101.144,-1.04],[101.183,-1.029],[101.204,-0.967],[101.191,-0.951],[101.218,-0.921],[101.275,-0.955],[101.353,-0.955],[101.397,-0.974],[101.396,-0.940],[101.420,-0.927],[101.415,-0.899],[101.454,-0.834],[101.520,-0.848],[101.547,-0.821],[101.587,-0.847],[101.647,-0.823],[101.735,-0.876],[101.698,-0.938],[101.738,-0.948],[101.753,-0.975],[101.803,-0.964],[101.823,-0.977]]]}},{"type":"Feature","id":"13.12","properties":{"kode":"13.12"},"geometry":{"type":"Polygon","coordinates":[[[99.826,0.459],[99.82,0.416],[99.767,0.421],[99.773,0.401],[99.749,0.401],[99.743,0.382],[99.776,0.358],[99.756,0.317],[99.786,0.320],[99.795,0.299],[99.849,0.302],[99.857,0.319],[99.915,0.314],[99.922,0.293],[99.980,0.287],[100.061,0.239],[100.060,0.145],[100.042,0.152],[99.982,0.070],[100.036,0.009],[100.024,-0.023],[100.038,-0.044],[100.034,-0.069],[100.010,-0.069],[100.018,-0.090],[99.986,-0.159],[99.770,-0.175],[99.748,-0.145],[99.756,-0.051],[99.618,0.065],[99.398,0.151],[99.353,0.232],[99.285,0.229],[99.264,0.203],[99.209,0.217],[99.189,0.254],[99.167,0.228],[99.196,0.272],[99.190,0.308],[99.262,0.344],[99.317,0.334],[99.412,0.486],[99.442,0.480],[99.519,0.552],[99.527,0.523],[99.573,0.508],[99.642,0.545],[99.678,0.471],[99.717,0.451],[99.744,0.478],[99.778,0.481],[99.826,0.459]]]}},{"type":"Feature","id":"13.71","properties":{"kode":"13.71"},"geometry":{"type":"Polygon","coordinates":[[[100.541,-0.809],[100.535,-0.848],[100.565,-0.902],[100.524,-1.000],[100.463,-1.020],[100.425,-1.072],[100.423,-1.123],[100.365,-1.134],[100.386,-1.123],[100.365,-1.078],[100.377,-1.064],[100.411,-1.072],[100.412,-1.044],[100.378,-1.041],[100.391,-1.009],[100.357,-0.989],[100.343,-0.887],[100.295,-0.807],[100.367,-0.800],[100.385,-0.755],[100.457,-0.726],[100.479,-0.751],[100.508,-0.753],[100.510,-0.795],[100.541,-0.809]]]}},{"type":"Feature","id":"13.72","properties":{"kode":"13.72"},"geometry":{"type":"Polygon","coordinates":[[[100.544,-0.814],[100.570,-0.786],[100.616,-0.779],[100.643,-0.744],[100.684,-0.747],[100.679,-0.805],[100.636,-0.795],[100.544,-0.814]]]}},{"type":"Feature","id":"13.73","properties":{"kode":"13.73"},"geometry":{"type":"Polygon","coordinates":[[[100.804,-0.566],[100.809,-0.623],[100.789,-0.669],[100.809,-0.772],[100.737,-0.724],[100.696,-0.724],[100.706,-0.671],[100.723,-0.663],[100.687,-0.631],[100.716,-0.561],[100.782,-0.547],[100.804,-0.566]]]}},{"type":"Feature","id":"13.74","properties":{"kode":"13.74"},"geometry":{"type":"Polygon","coordinates":[[[100.397,-0.45],[100.433,-0.458],[100.434,-0.481],[100.374,-0.488],[100.365,-0.477],[100.397,-0.45]]]}},{"type":"Feature","id":"13.75","properties":{"kode":"13.75"},"geometry":{"type":"Polygon","coordinates":[[[100.333,-0.279],[100.395,-0.285],[100.403,-0.319],[100.370,-0.322],[100.333,-0.279]]]}},{"type":"Feature","id":"13.76","properties":{"kode":"13.76"},"geometry":{"type":"Polygon","coordinates":[[[100.636,-0.184],[100.678,-0.196],[100.679,-0.235],[100.647,-0.248],[100.647,-0.272],[100.615,-0.274],[100.592,-0.260],[100.599,-0.219],[100.582,-0.201],[100.620,-0.201],[100.636,-0.184]]]}},{"type":"Feature","id":"13.77","properties":{"kode":"13.77"},"geometry":{"type":"Polygon","coordinates":[[[100.158,-0.676],[100.092,-0.572],[100.121,-0.550],[100.185,-0.623],[100.158,-0.676]]]}},{"type":"Feature","id":"14.09","properties":{"kode":"14.09"},"geometry":{"type":"Polygon","coordinates":[[[101.518,-0.099],[101.614,-0.233],[101.680,-0.241],[101.760,-0.293],[101.763,-0.337],[101.803,-0.328],[101.859,-0.401],[101.898,-0.386],[101.913,-0.399],[101.912,-0.533],[101.831,-0.571],[101.827,-0.619],[101.783,-0.655],[101.797,-0.675],[101.777,-0.797],[101.790,-0.823],[101.821,-0.849],[101.840,-0.814],[101.860,-0.816],[101.861,-0.833],[101.889,-0.824],[101.896,-0.844],[101.856,-0.876],[101.916,-0.883],[101.930,-0.908],[101.907,-0.952],[101.845,-0.983],[101.803,-0.964],[101.753,-0.975],[101.738,-0.948],[101.698,-0.938],[101.735,-0.876],[101.647,-0.823],[101.587,-0.847],[101.505,-0.808],[101.426,-0.740],[101.394,-0.743],[101.405,-0.717],[101.347,-0.683],[101.357,-0.657],[101.305,-0.627],[101.254,-0.625],[101.198,-0.581],[101.182,-0.544],[101.108,-0.500],[101.066,-0.503],[101.038,-0.448],[101.028,-0.398],[101.042,-0.376],[101.100,-0.379],[101.140,-0.333],[101.152,-0.238],[101.200,-0.176],[101.198,-0.113],[101.242,-0.056],[101.261,0.005],[101.349,-0.104],[101.457,-0.067],[101.499,-0.103],[101.518,-0.099]]]}},{"type":"Feature","id":"14.02","properties":{"kode":"14.02"},"geometry":{"type":"Polygon","coordinates":[[[102.716,0.093],[102.716,-0.163],[102.689,-0.163],[102.69,-0.240],[102.716,-0.244],[102.719,-0.459],[102.705,-0.477],[102.692,-0.469],[102.686,-0.512],[102.718,-0.558],[102.686,-0.564],[102.690,-0.652],[102.640,-0.707],[102.637,-0.744],[102.676,-0.777],[102.565,-0.905],[102.574,-1.006],[102.601,-1.042],[102.606,-1.097],[102.48,-1.089],[102.441,-1.031],[102.374,-1.034],[102.383,-0.993],[102.323,-0.961],[102.303,-0.918],[102.202,-0.947],[102.161,-0.901],[102.117,-0.921],[102.011,-0.877],[101.986,-0.881],[101.961,-0.916],[101.926,-0.915],[101.916,-0.883],[101.856,-0.876],[101.896,-0.828],[101.861,-0.833],[101.860,-0.816],[101.840,-0.814],[101.821,-0.849],[101.790,-0.823],[101.777,-0.797],[101.797,-0.675],[101.783,-0.655],[101.827,-0.619],[101.831,-0.571],[101.912,-0.533],[101.913,-0.399],[101.898,-0.386],[101.985,-0.394],[102.047,-0.341],[102.048,-0.314],[102.087,-0.288],[102.143,-0.287],[102.214,-0.165],[102.414,-0.165],[102.448,-0.143],[102.548,0.077],[102.716,0.093]]]}},{"type":"Feature","id":"14.04","properties":{"kode":"14.04"},"geometry":{"type":"MultiPolygon","coordinates":[[[[103.441,-0.731],[103.437,-0.778],[103.408,-0.77],[103.401,-0.787],[103.352,-0.799],[103.312,-0.764],[103.301,-0.781],[103.111,-0.746],[103.080,-0.761],[103.003,-0.754],[102.927,-0.866],[102.783,-0.981],[102.769,-1.010],[102.782,-1.03],[102.756,-1.023],[102.729,-1.080],[102.681,-1.081],[102.643,-1.126],[102.606,-1.097],[102.601,-1.042],[102.574,-1.006],[102.565,-0.905],[102.676,-0.777],[102.637,-0.744],[102.640,-0.707],[102.690,-0.652],[102.686,-0.564],[102.718,-0.558],[102.686,-0.512],[102.692,-0.469],[102.705,-0.477],[102.719,-0.459],[102.716,-0.244],[102.69,-0.240],[102.689,-0.163],[102.716,-0.163],[102.716,0.093],[102.846,0.152],[103.073,0.313],[103.211,0.368],[103.269,0.438],[103.351,0.484],[103.347,0.538],[103.425,0.514],[103.580,0.397],[103.602,0.345],[103.709,0.3],[103.759,0.203],[103.813,-0.006],[103.685,-0.027],[103.614,-0.006],[103.569,-0.035],[103.593,-0.034],[103.580,-0.062],[103.473,-0.102],[103.469,-0.12],[103.501,-0.143],[103.455,-0.183],[103.471,-0.209],[103.639,-0.225],[103.663,-0.250],[103.708,-0.256],[103.785,-0.342],[103.590,-0.391],[103.607,-0.432],[103.543,-0.503],[103.421,-0.521],[103.438,-0.551],[103.431,-0.617],[103.406,-0.637],[103.424,-0.670],[103.404,-0.692],[103.441,-0.731]]],[[[103.599,-0.020],[103.640,-0.024],[103.640,-0.051],[103.599,-0.020]]],[[[103.580,-0.078],[103.582,-0.103],[103.505,-0.119],[103.523,-0.089],[103.580,-0.078]]],[[[103.549,-0.176],[103.568,-0.193],[103.483,-0.202],[103.508,-0.184],[103.549,-0.176]]]]}},{"type":"Feature","id":"14.05","properties":{"kode":"14.05"},"geometry":{"type":"MultiPolygon","coordinates":[[[[103.347,0.538],[103.351,0.484],[103.269,0.438],[103.211,0.368],[103.073,0.313],[102.846,0.152],[102.695,0.085],[102.583,0.088],[102.533,0.068],[102.448,-0.143],[102.414,-0.165],[102.214,-0.165],[102.143,-0.287],[102.087,-0.288],[102.048,-0.314],[102.047,-0.341],[101.985,-0.394],[101.898,-0.386],[101.859,-0.401],[101.803,-0.328],[101.763,-0.337],[101.760,-0.293],[101.680,-0.241],[101.614,-0.233],[101.549,-0.127],[101.512,-0.106],[101.515,-0.064],[101.546,-0.043],[101.522,-0.005],[101.517,0.053],[101.497,0.065],[101.503,0.099],[101.567,0.130],[101.585,0.268],[101.665,0.278],[101.666,0.316],[101.615,0.343],[101.636,0.383],[101.610,0.385],[101.592,0.414],[101.588,0.506],[101.674,0.509],[101.674,0.492],[101.644,0.486],[101.650,0.448],[101.675,0.451],[101.687,0.430],[101.694,0.450],[101.732,0.454],[101.788,0.405],[101.849,0.461],[101.821,0.499],[101.873,0.525],[101.885,0.449],[101.912,0.454],[101.932,0.552],[102.809,0.652],[102.806,0.687],[102.899,0.724],[103.095,0.494],[103.107,0.455],[103.075,0.441],[103.110,0.385],[103.155,0.403],[103.203,0.479],[103.295,0.510],[103.325,0.544],[103.347,0.538]]],[[[103.206,0.702],[103.282,0.649],[103.3,0.552],[103.284,0.529],[103.170,0.498],[103.139,0.548],[103.149,0.664],[103.206,0.702]]],[[[103.038,0.660],[103.078,0.603],[103.070,0.565],[103.030,0.632],[103.038,0.660]]]]}},{"type":"Feature","id":"14.08","properties":{"kode":"14.08"},"geometry":{"type":"Polygon","coordinates":[[[102.899,0.724],[102.806,0.687],[102.809,0.652],[101.932,0.552],[101.912,0.454],[101.885,0.449],[101.873,0.525],[101.821,0.499],[101.849,0.461],[101.788,0.405],[101.732,0.454],[101.694,0.450],[101.687,0.430],[101.675,0.451],[101.650,0.448],[101.644,0.486],[101.674,0.492],[101.674,0.509],[101.600,0.506],[101.592,0.607],[101.570,0.638],[101.547,0.640],[101.538,0.681],[101.514,0.690],[101.466,0.638],[101.458,0.667],[101.397,0.689],[101.378,0.662],[101.314,0.697],[101.335,0.797],[101.086,0.917],[101.055,0.888],[101.062,0.924],[100.993,0.968],[100.981,1.076],[101.078,1.003],[101.127,1.020],[101.192,0.999],[101.231,1.006],[101.282,1.059],[101.339,1.028],[101.416,1.022],[101.547,0.921],[101.712,1.211],[101.856,1.201],[101.879,1.183],[101.910,1.089],[101.979,0.98],[102.033,1.032],[102.037,1.087],[102.094,1.120],[102.178,1.230],[102.208,1.188],[102.191,1.094],[102.229,0.995],[102.339,0.899],[102.413,0.806],[102.498,0.753],[102.569,0.739],[102.675,0.755],[102.899,0.724]]]}},{"type":"Feature","id":"14.01","properties":{"kode":"14.01"},"geometry":{"type":"Polygon","coordinates":[[[100.745,0.869],[100.773,0.864],[100.852,0.948],[100.993,0.968],[101.062,0.924],[101.055,0.888],[101.086,0.917],[101.335,0.797],[101.314,0.697],[101.380,0.656],[101.324,0.600],[101.323,0.58],[101.374,0.554],[101.332,0.476],[101.367,0.441],[101.447,0.420],[101.478,0.461],[101.543,0.432],[101.563,0.461],[101.589,0.464],[101.592,0.414],[101.610,0.385],[101.636,0.383],[101.615,0.343],[101.666,0.316],[101.665,0.278],[101.585,0.268],[101.567,0.130],[101.503,0.099],[101.497,0.065],[101.517,0.053],[101.522,-0.005],[101.546,-0.043],[101.515,-0.064],[101.518,-0.099],[101.499,-0.103],[101.457,-0.067],[101.349,-0.104],[101.261,0.005],[101.242,-0.056],[101.198,-0.113],[101.200,-0.176],[101.152,-0.238],[101.140,-0.333],[101.100,-0.379],[101.041,-0.376],[101.031,-0.345],[100.992,-0.315],[100.842,-0.340],[100.842,-0.29],[100.814,-0.277],[100.774,-0.213],[100.783,-0.186],[100.753,-0.131],[100.738,-0.040],[100.805,-0.019],[100.815,-0.043],[100.862,0.042],[100.833,0.068],[100.800,0.050],[100.774,0.102],[100.849,0.162],[100.843,0.223],[100.817,0.259],[100.762,0.234],[100.700,0.248],[100.675,0.184],[100.589,0.250],[100.559,0.304],[100.470,0.311],[100.430,0.356],[100.460,0.401],[100.445,0.417],[100.462,0.445],[100.531,0.446],[100.555,0.472],[100.542,0.501],[100.575,0.525],[100.719,0.389],[100.784,0.403],[100.836,0.381],[100.840,0.459],[100.863,0.465],[100.861,0.534],[100.797,0.533],[100.757,0.589],[100.674,0.595],[100.587,0.700],[100.674,0.766],[100.703,0.758],[100.685,0.801],[100.712,0.801],[100.745,0.869]]]}},{"type":"Feature","id":"14.06","properties":{"kode":"14.06"},"geometry":{"type":"Polygon","coordinates":[[[100.110,0.911],[100.151,0.935],[100.139,0.984],[100.165,1.002],[100.116,1.093],[100.184,1.125],[100.162,1.139],[100.166,1.169],[100.112,1.216],[100.125,1.255],[100.087,1.337],[100.050,1.349],[100.072,1.391],[100.180,1.416],[100.237,1.406],[100.340,1.437],[100.373,1.394],[100.457,1.368],[100.459,1.345],[100.479,1.344],[100.452,1.337],[100.559,1.255],[100.625,1.229],[100.664,1.291],[100.706,1.241],[100.786,1.240],[100.827,1.316],[100.879,1.363],[100.949,1.399],[100.976,1.378],[100.994,0.956],[100.834,0.941],[100.773,0.864],[100.745,0.869],[100.712,0.801],[100.685,0.801],[100.703,0.758],[100.674,0.766],[100.587,0.700],[100.674,0.595],[100.757,0.589],[100.797,0.533],[100.861,0.534],[100.863,0.465],[100.840,0.459],[100.836,0.381],[100.784,0.403],[100.719,0.389],[100.575,0.525],[100.542,0.501],[100.555,0.472],[100.517,0.44],[100.468,0.448],[100.452,0.420],[100.418,0.423],[100.345,0.380],[100.289,0.398],[100.224,0.502],[100.238,0.539],[100.198,0.627],[100.221,0.665],[100.285,0.684],[100.273,0.727],[100.213,0.736],[100.126,0.815],[100.143,0.896],[100.121,0.895],[100.087,0.925],[100.110,0.911]],[[100.745,0.869],[100.758,0.877],[100.758,0.886],[100.74,0.887],[100.745,0.869]]]}},{"type":"Feature","id":"14.03","properties":{"kode":"14.03"},"geometry":{"type":"MultiPolygon","coordinates":[[[[102.043,1.606],[102.464,1.515],[102.496,1.468],[102.504,1.251],[102.398,1.323],[102.298,1.426],[102.182,1.438],[102.084,1.483],[101.999,1.583],[102.043,1.606]]],[[[102.150,1.271],[102.165,1.201],[102.147,1.203],[102.094,1.120],[102.037,1.087],[102.033,1.032],[101.979,0.98],[101.910,1.089],[101.879,1.183],[101.856,1.201],[101.712,1.211],[101.547,0.921],[101.434,1.015],[101.339,1.028],[101.282,1.059],[101.231,1.006],[101.192,0.999],[101.127,1.020],[101.078,1.003],[100.984,1.082],[100.988,1.298],[100.967,1.334],[101.242,1.480],[101.265,1.465],[101.264,1.490],[101.277,1.467],[101.435,1.447],[101.449,1.494],[101.506,1.493],[101.528,1.595],[101.598,1.600],[101.618,1.545],[101.640,1.547],[101.624,1.588],[101.642,1.609],[101.718,1.622],[101.725,1.671],[101.761,1.659],[102.004,1.459],[102.149,1.377],[102.150,1.271]]],[[[101.667,2.117],[101.709,2.090],[101.722,2.046],[101.778,1.982],[101.784,1.936],[101.754,1.892],[101.731,1.763],[101.608,1.688],[101.453,1.726],[101.383,1.906],[101.405,2.021],[101.474,2.065],[101.521,2.030],[101.563,2.043],[101.599,2.097],[101.667,2.117]]]]}},{"type":"Feature","id":"14.07","properties":{"kode":"14.07"},"geometry":{"type":"MultiPolygon","coordinates":[[[[101.065,2.232],[101.039,2.220],[101.025,2.183],[101.016,2.080],[101.066,1.935],[101.290,1.599],[101.335,1.496],[101.317,1.474],[101.277,1.467],[101.264,1.490],[101.265,1.465],[101.242,1.480],[101.177,1.451],[101.014,1.349],[100.973,1.348],[100.976,1.378],[100.934,1.396],[100.844,1.334],[100.786,1.240],[100.706,1.241],[100.664,1.291],[100.625,1.229],[100.559,1.255],[100.452,1.337],[100.479,1.344],[100.459,1.345],[100.447,1.376],[100.373,1.394],[100.340,1.437],[100.277,1.463],[100.286,1.475],[100.318,1.470],[100.318,1.448],[100.376,1.449],[100.421,1.485],[100.434,1.520],[100.405,1.568],[100.416,1.665],[100.367,1.684],[100.352,1.734],[100.386,1.754],[100.387,1.777],[100.280,1.812],[100.288,1.875],[100.318,1.901],[100.323,2.061],[100.372,2.193],[100.306,2.375],[100.299,2.442],[100.321,2.547],[100.346,2.428],[100.395,2.320],[100.440,2.259],[100.567,2.155],[100.763,2.086],[100.788,2.118],[100.781,2.185],[100.765,2.214],[100.762,2.266],[100.803,2.294],[101.046,2.291],[101.065,2.232]]],[[[100.736,2.266],[100.778,2.184],[100.783,2.121],[100.720,2.178],[100.704,2.249],[100.736,2.266]]],[[[100.633,2.218],[100.671,2.194],[100.680,2.162],[100.635,2.194],[100.633,2.218]]]]}},{"type":"Feature","id":"14.10","properties":{"kode":"14.10"},"geometry":{"type":"MultiPolygon","coordinates":[[[[102.770,1.158],[103.000,1.075],[103.153,0.895],[103.152,0.848],[103.071,0.832],[102.886,0.965],[102.809,0.990],[102.744,1.039],[102.627,1.009],[102.655,1.032],[102.689,1.120],[102.770,1.158]]],[[[103.097,0.799],[103.114,0.739],[103.087,0.718],[103.076,0.742],[103.097,0.799]]],[[[102.734,1.022],[102.876,0.953],[103.046,0.824],[103.048,0.721],[103.024,0.687],[102.989,0.692],[102.926,0.770],[102.857,0.793],[102.672,0.791],[102.568,0.767],[102.451,0.816],[102.411,0.856],[102.410,0.892],[102.440,0.935],[102.487,0.931],[102.556,0.969],[102.567,0.977],[102.589,1.001],[102.645,0.991],[102.734,1.022]]],[[[102.535,1.129],[102.613,1.046],[102.607,1.005],[102.591,1.003],[102.583,0.999],[102.500,0.945],[102.459,1.075],[102.479,1.123],[102.535,1.129]]],[[[102.271,1.418],[102.484,1.238],[102.438,1.071],[102.476,0.940],[102.437,0.948],[102.386,0.913],[102.268,1.022],[102.236,1.101],[102.246,1.194],[102.206,1.282],[102.229,1.355],[102.213,1.414],[102.271,1.418]]]]}},{"type":"Feature","id":"14.71","properties":{"kode":"14.71"},"geometry":{"type":"Polygon","coordinates":[[[101.600,0.506],[101.583,0.503],[101.588,0.460],[101.563,0.461],[101.543,0.432],[101.489,0.461],[101.447,0.420],[101.367,0.441],[101.332,0.476],[101.372,0.564],[101.323,0.58],[101.324,0.600],[101.397,0.689],[101.458,0.667],[101.466,0.638],[101.514,0.690],[101.592,0.607],[101.600,0.506]]]}},{"type":"Feature","id":"14.72","properties":{"kode":"14.72"},"geometry":{"type":"Polygon","coordinates":[[[101.065,2.232],[101.303,2.042],[101.363,1.831],[101.359,1.771],[101.409,1.698],[101.481,1.682],[101.561,1.637],[101.725,1.671],[101.718,1.622],[101.642,1.609],[101.624,1.588],[101.640,1.547],[101.618,1.545],[101.598,1.600],[101.528,1.595],[101.506,1.493],[101.449,1.494],[101.435,1.447],[101.317,1.474],[101.335,1.496],[101.290,1.599],[101.066,1.935],[101.016,2.080],[101.025,2.183],[101.039,2.220],[101.065,2.232]]]}},{"type":"Feature","id":"15.01","properties":{"kode":"15.01"},"geometry":{"type":"Polygon","coordinates":[[[101.426,-1.677],[101.617,-1.874],[101.667,-1.973],[101.730,-2.001],[101.726,-2.020],[101.793,-2.105],[101.783,-2.139],[101.836,-2.181],[101.784,-2.194],[101.778,-2.228],[101.711,-2.318],[101.658,-2.347],[101.613,-2.332],[101.588,-2.360],[101.554,-2.351],[101.557,-2.451],[101.378,-2.355],[101.387,-2.336],[101.292,-2.288],[101.281,-2.262],[101.369,-2.191],[101.368,-2.174],[101.412,-2.165],[101.409,-2.118],[101.453,-2.093],[101.444,-2.044],[101.429,-2.027],[101.289,-2.026],[101.239,-2.066],[101.138,-1.898],[101.131,-1.684],[101.169,-1.710],[101.191,-1.676],[101.215,-1.725],[101.265,-1.696],[101.426,-1.677]]]}},{"type":"Feature","id":"15.02","properties":{"kode":"15.02"},"geometry":{"type":"Polygon","coordinates":[[[102.496,-1.797],[102.456,-1.850],[102.485,-1.884],[102.458,-1.885],[102.458,-1.945],[102.476,-1.974],[102.515,-1.982],[102.494,-2.008],[102.547,-2.018],[102.547,-2.077],[102.625,-2.112],[102.629,-2.185],[102.613,-2.209],[102.546,-2.213],[102.462,-2.182],[102.395,-2.329],[102.337,-2.361],[102.338,-2.389],[102.303,-2.393],[102.303,-2.361],[102.276,-2.357],[102.239,-2.403],[102.133,-2.410],[102.124,-2.430],[102.157,-2.485],[102.155,-2.522],[102.094,-2.572],[102.104,-2.601],[102.064,-2.621],[102.087,-2.685],[102.073,-2.764],[102.032,-2.758],[101.996,-2.724],[101.860,-2.730],[101.667,-2.527],[101.609,-2.549],[101.59,-2.532],[101.564,-2.570],[101.542,-2.571],[101.560,-2.456],[101.554,-2.351],[101.588,-2.360],[101.613,-2.332],[101.658,-2.347],[101.711,-2.318],[101.778,-2.228],[101.784,-2.194],[101.836,-2.183],[101.783,-2.139],[101.793,-2.105],[101.726,-2.020],[101.730,-2.001],[101.665,-1.971],[101.629,-1.888],[101.642,-1.877],[101.734,-1.877],[101.788,-1.829],[101.828,-1.820],[101.883,-1.846],[101.921,-1.839],[101.977,-1.870],[101.995,-1.907],[102.035,-1.904],[102.058,-1.877],[102.130,-1.853],[102.133,-1.790],[102.184,-1.785],[102.344,-1.676],[102.405,-1.700],[102.451,-1.685],[102.456,-1.655],[102.530,-1.653],[102.523,-1.685],[102.489,-1.705],[102.513,-1.717],[102.506,-1.758],[102.486,-1.759],[102.496,-1.797]]]}},{"type":"Feature","id":"15.03","properties":{"kode":"15.03"},"geometry":{"type":"Polygon","coordinates":[[[102.800,-1.990],[102.907,-1.964],[102.941,-1.972],[102.979,-1.943],[103.079,-1.953],[103.087,-1.980],[103.094,-1.965],[103.169,-1.958],[103.199,-1.909],[103.199,-1.956],[103.180,-1.975],[103.205,-2.013],[103.191,-2.040],[103.230,-2.135],[103.225,-2.165],[103.187,-2.184],[103.167,-2.229],[103.198,-2.260],[103.211,-2.320],[103.118,-2.354],[103.067,-2.339],[103.055,-2.317],[103.029,-2.341],[102.867,-2.314],[102.844,-2.387],[102.879,-2.424],[102.815,-2.485],[102.786,-2.546],[102.734,-2.579],[102.725,-2.555],[102.672,-2.609],[102.624,-2.615],[102.615,-2.652],[102.580,-2.678],[102.538,-2.675],[102.507,-2.703],[102.469,-2.704],[102.271,-2.624],[102.245,-2.643],[102.234,-2.691],[102.168,-2.707],[102.109,-2.738],[102.097,-2.766],[102.073,-2.764],[102.087,-2.685],[102.064,-2.621],[102.104,-2.601],[102.094,-2.572],[102.155,-2.522],[102.157,-2.485],[102.124,-2.430],[102.133,-2.410],[102.239,-2.403],[102.276,-2.357],[102.303,-2.361],[102.303,-2.393],[102.338,-2.389],[102.337,-2.361],[102.395,-2.329],[102.462,-2.182],[102.546,-2.213],[102.613,-2.209],[102.629,-2.185],[102.625,-2.112],[102.547,-2.077],[102.547,-2.018],[102.494,-2.008],[102.515,-1.982],[102.476,-1.974],[102.458,-1.9],[102.477,-1.891],[102.547,-1.917],[102.615,-1.905],[102.712,-1.953],[102.801,-1.932],[102.800,-1.990]]]}},{"type":"Feature","id":"15.04","properties":{"kode":"15.04"},"geometry":{"type":"Polygon","coordinates":[[[103.460,-2.177],[103.453,-2.359],[103.338,-2.271],[103.277,-2.147],[103.230,-2.135],[103.191,-2.040],[103.205,-2.013],[103.180,-1.975],[103.199,-1.956],[103.199,-1.909],[103.169,-1.958],[103.094,-1.965],[103.087,-1.980],[103.079,-1.953],[102.979,-1.943],[102.941,-1.972],[102.907,-1.964],[102.800,-1.990],[102.801,-1.932],[102.712,-1.953],[102.615,-1.905],[102.547,-1.917],[102.477,-1.891],[102.497,-1.852],[102.565,-1.887],[102.590,-1.882],[102.664,-1.813],[102.667,-1.756],[102.787,-1.630],[102.822,-1.396],[102.891,-1.370],[103.035,-1.454],[103.041,-1.415],[103.062,-1.405],[103.053,-1.388],[103.11,-1.400],[103.150,-1.377],[103.170,-1.389],[103.207,-1.359],[103.225,-1.393],[103.266,-1.403],[103.289,-1.393],[103.285,-1.352],[103.302,-1.347],[103.345,-1.387],[103.384,-1.483],[103.432,-1.466],[103.474,-1.477],[103.472,-1.543],[103.400,-1.655],[103.43,-1.678],[103.400,-1.727],[103.432,-1.773],[103.393,-1.834],[103.410,-1.868],[103.320,-1.868],[103.314,-1.913],[103.340,-1.994],[103.370,-1.994],[103.369,-2.046],[103.454,-2.047],[103.446,-2.173],[103.460,-2.177]]]}},{"type":"Feature","id":"15.05","properties":{"kode":"15.05"},"geometry":{"type":"Polygon","coordinates":[[[103.338,-1.237],[103.336,-1.278],[103.389,-1.279],[103.432,-1.341],[103.559,-1.315],[103.580,-1.390],[104.103,-1.300],[104.086,-1.322],[104.172,-1.462],[104.235,-1.543],[104.286,-1.573],[104.316,-1.627],[104.362,-1.646],[103.873,-1.788],[103.85,-1.816],[103.766,-1.816],[103.586,-1.861],[103.521,-1.906],[103.500,-1.959],[103.5,-1.982],[103.542,-1.986],[103.563,-2.016],[103.563,-2.042],[103.516,-2.092],[103.517,-2.114],[103.557,-2.137],[103.507,-2.173],[103.446,-2.173],[103.454,-2.047],[103.369,-2.046],[103.370,-1.994],[103.340,-1.994],[103.314,-1.913],[103.320,-1.868],[103.410,-1.868],[103.393,-1.834],[103.432,-1.773],[103.400,-1.727],[103.43,-1.678],[103.400,-1.655],[103.472,-1.543],[103.474,-1.477],[103.432,-1.466],[103.384,-1.483],[103.345,-1.387],[103.302,-1.347],[103.285,-1.352],[103.289,-1.393],[103.266,-1.403],[103.22,-1.387],[103.238,-1.374],[103.224,-1.331],[103.240,-1.330],[103.241,-1.361],[103.262,-1.374],[103.271,-1.234],[103.338,-1.237]]]}},{"type":"Feature","id":"15.07","properties":{"kode":"15.07"},"geometry":{"type":"Polygon","coordinates":[[[104.491,-1.667],[104.427,-1.628],[104.362,-1.646],[104.316,-1.627],[104.286,-1.573],[104.235,-1.543],[104.172,-1.462],[104.086,-1.322],[104.103,-1.300],[104.084,-1.292],[104.055,-1.318],[103.580,-1.390],[103.559,-1.315],[103.432,-1.341],[103.389,-1.279],[103.336,-1.278],[103.338,-1.237],[103.425,-1.219],[103.447,-1.195],[103.445,-1.127],[103.470,-1.125],[103.440,-1.072],[103.467,-1.029],[103.549,-0.976],[103.578,-0.873],[103.675,-0.952],[103.724,-0.955],[103.752,-0.989],[103.804,-0.995],[103.808,-1.013],[103.915,-0.983],[104.031,-1.002],[104.207,-1.070],[104.265,-1.041],[104.329,-1.042],[104.358,-1.018],[104.405,-1.127],[104.392,-1.217],[104.455,-1.332],[104.437,-1.504],[104.491,-1.667]]]}},{"type":"Feature","id":"15.06","properties":{"kode":"15.06"},"geometry":{"type":"Polygon","coordinates":[[[103.574,-0.875],[103.549,-0.976],[103.467,-1.029],[103.440,-1.072],[103.470,-1.125],[103.445,-1.127],[103.450,-1.186],[103.425,-1.219],[103.381,-1.221],[103.381,-1.236],[103.271,-1.234],[103.262,-1.374],[103.241,-1.361],[103.240,-1.330],[103.224,-1.331],[103.238,-1.374],[103.207,-1.359],[103.170,-1.389],[103.150,-1.377],[103.11,-1.400],[103.053,-1.388],[103.062,-1.405],[103.041,-1.415],[103.035,-1.454],[102.891,-1.370],[102.822,-1.396],[102.808,-1.423],[102.780,-1.310],[102.746,-1.261],[102.697,-1.238],[102.645,-1.138],[102.681,-1.081],[102.729,-1.080],[102.756,-1.023],[102.782,-1.03],[102.769,-1.010],[102.783,-0.981],[102.927,-0.866],[103.003,-0.754],[103.080,-0.761],[103.111,-0.746],[103.301,-0.781],[103.312,-0.764],[103.352,-0.799],[103.401,-0.787],[103.408,-0.77],[103.437,-0.778],[103.441,-0.731],[103.453,-0.734],[103.482,-0.753],[103.488,-0.803],[103.546,-0.809],[103.574,-0.875]]]}},{"type":"Feature","id":"15.09","properties":{"kode":"15.09"},"geometry":{"type":"Polygon","coordinates":[[[102.606,-1.097],[102.650,-1.130],[102.697,-1.238],[102.746,-1.261],[102.780,-1.310],[102.794,-1.396],[102.822,-1.442],[102.794,-1.525],[102.804,-1.579],[102.784,-1.638],[102.678,-1.742],[102.664,-1.813],[102.606,-1.869],[102.565,-1.887],[102.497,-1.852],[102.488,-1.889],[102.458,-1.9],[102.458,-1.885],[102.485,-1.884],[102.456,-1.850],[102.496,-1.797],[102.486,-1.759],[102.506,-1.758],[102.513,-1.717],[102.489,-1.705],[102.523,-1.685],[102.530,-1.653],[102.470,-1.655],[102.513,-1.649],[102.489,-1.646],[102.480,-1.574],[102.314,-1.568],[102.329,-1.512],[102.291,-1.449],[102.251,-1.478],[102.210,-1.476],[102.078,-1.391],[102.040,-1.391],[102.004,-1.352],[101.934,-1.345],[101.919,-1.250],[101.961,-1.227],[101.944,-1.173],[101.969,-1.162],[101.967,-1.141],[101.888,-1.123],[101.887,-1.138],[101.878,-1.094],[101.866,-1.112],[101.831,-1.110],[101.815,-1.001],[101.823,-0.977],[101.907,-0.952],[101.915,-0.919],[101.961,-0.916],[101.986,-0.881],[102.011,-0.877],[102.117,-0.921],[102.161,-0.901],[102.202,-0.947],[102.303,-0.918],[102.323,-0.961],[102.383,-0.993],[102.374,-1.034],[102.441,-1.031],[102.48,-1.089],[102.606,-1.097]]]}},{"type":"Feature","id":"15.08","properties":{"kode":"15.08"},"geometry":{"type":"Polygon","coordinates":[[[101.919,-1.250],[101.936,-1.347],[102.004,-1.352],[102.040,-1.391],[102.078,-1.391],[102.210,-1.476],[102.251,-1.478],[102.291,-1.449],[102.329,-1.512],[102.314,-1.568],[102.476,-1.571],[102.489,-1.646],[102.513,-1.649],[102.456,-1.655],[102.451,-1.685],[102.405,-1.700],[102.344,-1.676],[102.184,-1.785],[102.133,-1.790],[102.130,-1.853],[102.058,-1.877],[102.035,-1.904],[101.995,-1.907],[101.977,-1.870],[101.921,-1.839],[101.883,-1.846],[101.828,-1.820],[101.788,-1.829],[101.734,-1.877],[101.660,-1.871],[101.629,-1.888],[101.437,-1.695],[101.523,-1.636],[101.656,-1.498],[101.691,-1.489],[101.719,-1.435],[101.694,-1.395],[101.728,-1.365],[101.717,-1.338],[101.675,-1.347],[101.691,-1.280],[101.726,-1.235],[101.816,-1.217],[101.888,-1.123],[101.943,-1.130],[101.942,-1.146],[101.959,-1.138],[101.971,-1.154],[101.944,-1.173],[101.961,-1.227],[101.919,-1.250]]]}},{"type":"Feature","id":"15.71","properties":{"kode":"15.71"},"geometry":{"type":"Polygon","coordinates":[[[103.547,-1.568],[103.610,-1.546],[103.649,-1.550],[103.655,-1.607],[103.679,-1.612],[103.649,-1.657],[103.607,-1.660],[103.628,-1.676],[103.613,-1.691],[103.573,-1.667],[103.524,-1.676],[103.548,-1.611],[103.535,-1.589],[103.547,-1.568]]]}},{"type":"Feature","id":"15.72","properties":{"kode":"15.72"},"geometry":{"type":"Polygon","coordinates":[[[101.279,-2.251],[101.261,-2.101],[101.241,-2.097],[101.239,-2.066],[101.289,-2.026],[101.429,-2.027],[101.453,-2.093],[101.409,-2.118],[101.412,-2.165],[101.368,-2.174],[101.369,-2.191],[101.279,-2.251]]]}},{"type":"Feature","id":"16.01","properties":{"kode":"16.01"},"geometry":{"type":"Polygon","coordinates":[[[104.453,-3.744],[104.573,-3.826],[104.555,-3.851],[104.566,-3.863],[104.501,-3.894],[104.470,-3.929],[104.476,-3.956],[104.445,-3.958],[104.399,-4.003],[104.357,-4.007],[104.308,-4.074],[104.333,-4.181],[104.269,-4.242],[104.226,-4.249],[104.221,-4.304],[104.240,-4.332],[104.217,-4.400],[104.151,-4.405],[104.045,-4.458],[104.013,-4.448],[103.988,-4.463],[103.969,-4.453],[103.941,-4.351],[103.836,-4.237],[103.790,-4.227],[103.706,-4.276],[103.615,-4.262],[103.619,-4.224],[103.644,-4.201],[103.705,-4.183],[103.701,-4.087],[103.774,-4.074],[103.889,-3.969],[103.895,-3.927],[103.940,-3.898],[103.969,-3.888],[103.993,-3.92],[104.149,-3.886],[104.243,-3.822],[104.247,-3.781],[104.286,-3.755],[104.305,-3.774],[104.336,-3.760],[104.360,-3.771],[104.453,-3.744]]]}},{"type":"Feature","id":"16.02","properties":{"kode":"16.02"},"geometry":{"type":"Polygon","coordinates":[[[105.821,-4.157],[105.809,-4.124],[105.777,-4.111],[105.743,-4.144],[105.698,-4.133],[105.708,-4.101],[105.683,-4.096],[105.681,-4.075],[105.649,-4.081],[105.662,-4.046],[105.624,-4.039],[105.609,-4.057],[105.630,-4.006],[105.59,-3.954],[105.609,-3.936],[105.562,-3.928],[105.572,-3.899],[105.549,-3.881],[105.523,-3.893],[105.524,-3.840],[105.433,-3.826],[105.432,-3.783],[105.355,-3.794],[105.332,-3.723],[105.305,-3.790],[105.283,-3.801],[105.291,-3.849],[105.274,-3.880],[105.245,-3.906],[105.205,-3.890],[105.165,-3.937],[105.138,-3.936],[105.135,-3.987],[105.108,-4.008],[105.119,-4.048],[105.094,-4.045],[105.050,-4.141],[105.002,-4.177],[104.967,-4.172],[104.906,-4.201],[104.875,-4.233],[104.814,-4.242],[104.792,-4.266],[104.747,-4.247],[104.790,-4.127],[104.833,-4.101],[104.828,-4.063],[104.911,-4.006],[104.929,-3.949],[104.854,-3.951],[104.896,-3.925],[104.886,-3.909],[104.849,-3.911],[104.877,-3.860],[104.877,-3.810],[104.835,-3.747],[104.799,-3.757],[104.801,-3.735],[104.777,-3.729],[104.753,-3.686],[104.694,-3.655],[104.699,-3.617],[104.686,-3.636],[104.653,-3.628],[104.66,-3.650],[104.632,-3.615],[104.660,-3.497],[104.700,-3.466],[104.750,-3.486],[104.768,-3.460],[104.816,-3.450],[104.805,-3.412],[104.826,-3.318],[104.787,-3.249],[104.813,-3.237],[104.799,-3.174],[104.818,-3.143],[104.792,-3.127],[104.796,-3.072],[104.827,-3.073],[104.854,-3.11],[104.877,-3.099],[104.883,-3.142],[104.923,-3.159],[104.961,-3.168],[105.050,-3.148],[105.044,-3.114],[105.084,-3.104],[105.083,-3.0],[105.127,-2.941],[105.189,-3.108],[105.209,-3.109],[105.260,-2.982],[105.279,-2.974],[105.294,-2.993],[105.304,-2.977],[105.288,-2.958],[105.298,-2.903],[105.259,-2.882],[105.278,-2.827],[105.248,-2.806],[105.255,-2.756],[105.205,-2.731],[105.214,-2.684],[105.173,-2.642],[105.202,-2.635],[105.214,-2.558],[105.23,-2.541],[105.259,-2.548],[105.311,-2.499],[105.334,-2.448],[105.472,-2.464],[105.525,-2.423],[105.580,-2.418],[105.616,-2.391],[105.633,-2.436],[105.603,-2.552],[105.626,-2.629],[105.692,-2.683],[105.779,-2.682],[105.781,-2.852],[105.847,-2.950],[105.883,-2.966],[105.958,-2.943],[106.044,-2.990],[106.047,-3.120],[106.095,-3.219],[106.084,-3.261],[105.929,-3.360],[105.885,-3.428],[105.825,-3.595],[105.830,-3.710],[105.850,-3.743],[105.915,-3.768],[105.960,-3.824],[105.862,-4.032],[105.845,-4.16],[105.821,-4.157]]]}},{"type":"Feature","id":"16.03","properties":{"kode":"16.03"},"geometry":{"type":"MultiPolygon","coordinates":[[[[104.676,-3.048],[104.660,-3.077],[104.643,-3.070],[104.643,-3.096],[104.577,-3.101],[104.522,-3.180],[104.548,-3.263],[104.530,-3.275],[104.530,-3.363],[104.437,-3.428],[104.424,-3.491],[104.317,-3.538],[104.277,-3.462],[104.317,-3.449],[104.351,-3.375],[104.313,-3.350],[104.286,-3.365],[104.178,-3.349],[104.233,-3.283],[104.209,-3.262],[104.234,-3.211],[104.257,-3.031],[104.269,-3.021],[104.318,-3.054],[104.456,-3.080],[104.512,-3.077],[104.544,-3.033],[104.610,-3.048],[104.630,-3.016],[104.676,-3.048]]],[[[103.78,-3.313],[103.874,-3.330],[103.907,-3.359],[103.917,-3.399],[103.948,-3.412],[104.024,-3.405],[104.028,-3.341],[104.092,-3.356],[104.099,-3.339],[104.132,-3.343],[104.124,-3.360],[104.153,-3.408],[104.125,-3.494],[104.149,-3.550],[104.194,-3.551],[104.217,-3.526],[104.247,-3.535],[104.251,-3.577],[104.28,-3.581],[104.315,-3.557],[104.320,-3.609],[104.432,-3.565],[104.467,-3.614],[104.37,-3.701],[104.366,-3.755],[104.384,-3.763],[104.305,-3.774],[104.286,-3.755],[104.247,-3.781],[104.243,-3.822],[104.212,-3.852],[104.114,-3.899],[103.993,-3.92],[103.969,-3.888],[103.895,-3.927],[103.889,-3.969],[103.774,-4.074],[103.701,-4.087],[103.705,-4.183],[103.619,-4.224],[103.627,-4.281],[103.601,-4.363],[103.580,-4.353],[103.518,-4.376],[103.409,-4.313],[103.371,-4.315],[103.316,-4.267],[103.336,-4.256],[103.331,-4.239],[103.370,-4.229],[103.405,-4.173],[103.438,-4.182],[103.457,-4.158],[103.443,-4.125],[103.464,-4.1],[103.526,-4.137],[103.555,-4.119],[103.569,-4.088],[103.584,-4.091],[103.596,-3.995],[103.643,-3.967],[103.634,-3.943],[103.660,-3.910],[103.719,-3.884],[103.708,-3.852],[103.738,-3.801],[103.723,-3.772],[103.763,-3.739],[103.734,-3.690],[103.765,-3.685],[103.767,-3.670],[103.731,-3.617],[103.759,-3.612],[103.772,-3.582],[103.708,-3.565],[103.628,-3.509],[103.570,-3.549],[103.538,-3.547],[103.541,-3.490],[103.573,-3.455],[103.593,-3.457],[103.626,-3.359],[103.692,-3.300],[103.722,-3.305],[103.717,-3.335],[103.733,-3.351],[103.743,-3.285],[103.760,-3.280],[103.78,-3.313]]]]}},{"type":"Feature","id":"16.04","properties":{"kode":"16.04"},"geometry":{"type":"Polygon","coordinates":[[[103.538,-3.592],[103.538,-3.547],[103.570,-3.549],[103.628,-3.509],[103.708,-3.565],[103.773,-3.585],[103.759,-3.612],[103.731,-3.617],[103.767,-3.670],[103.765,-3.685],[103.734,-3.690],[103.763,-3.739],[103.723,-3.772],[103.738,-3.801],[103.708,-3.852],[103.719,-3.884],[103.660,-3.910],[103.634,-3.943],[103.643,-3.967],[103.596,-3.995],[103.584,-4.091],[103.569,-4.088],[103.526,-4.137],[103.464,-4.1],[103.443,-4.125],[103.457,-4.158],[103.438,-4.182],[103.405,-4.173],[103.376,-4.210],[103.355,-4.121],[103.395,-4.063],[103.413,-3.989],[103.353,-4.002],[103.324,-4.065],[103.278,-4.031],[103.284,-4.009],[103.183,-3.990],[103.122,-4.014],[103.145,-4.114],[103.165,-4.117],[103.186,-4.161],[103.177,-4.240],[103.073,-4.261],[103.051,-4.218],[103.059,-4.194],[102.924,-4.100],[102.914,-4.065],[103.009,-4.014],[103.123,-4.006],[103.108,-3.932],[103.138,-3.816],[103.088,-3.765],[103.119,-3.709],[103.102,-3.653],[103.137,-3.556],[103.163,-3.561],[103.174,-3.543],[103.167,-3.508],[103.279,-3.502],[103.357,-3.540],[103.409,-3.526],[103.416,-3.492],[103.434,-3.515],[103.484,-3.528],[103.518,-3.569],[103.513,-3.594],[103.538,-3.592]]]}},{"type":"Feature","id":"16.05","properties":{"kode":"16.05"},"geometry":{"type":"Polygon","coordinates":[[[103.541,-3.490],[103.542,-3.589],[103.518,-3.598],[103.518,-3.569],[103.484,-3.528],[103.434,-3.515],[103.416,-3.492],[103.409,-3.526],[103.357,-3.540],[103.279,-3.502],[103.202,-3.501],[103.175,-3.452],[103.101,-3.475],[103.041,-3.420],[102.998,-3.412],[102.957,-3.323],[102.976,-3.292],[102.965,-3.268],[102.927,-3.261],[102.954,-3.237],[102.916,-3.191],[102.917,-3.152],[102.882,-3.156],[102.861,-3.130],[102.833,-3.176],[102.811,-3.178],[102.807,-3.233],[102.770,-3.254],[102.750,-3.309],[102.618,-3.329],[102.565,-3.276],[102.545,-3.290],[102.486,-3.256],[102.486,-3.109],[102.698,-3.006],[102.847,-2.990],[102.869,-2.973],[102.873,-2.926],[102.911,-2.934],[102.901,-2.886],[103.101,-2.843],[103.119,-2.770],[103.271,-2.753],[103.352,-2.851],[103.433,-2.854],[103.411,-2.924],[103.442,-2.936],[103.483,-3.021],[103.522,-3.220],[103.562,-3.236],[103.588,-3.222],[103.595,-3.245],[103.650,-3.241],[103.605,-3.287],[103.625,-3.375],[103.593,-3.457],[103.573,-3.455],[103.541,-3.490]]]}},{"type":"Feature","id":"16.06","properties":{"kode":"16.06"},"geometry":{"type":"Polygon","coordinates":[[[104.302,-2.644],[104.225,-2.689],[104.195,-2.723],[104.191,-2.760],[104.171,-2.760],[104.185,-2.813],[104.170,-2.872],[104.229,-2.885],[104.231,-2.908],[104.175,-2.918],[104.165,-3.050],[104.143,-3.048],[104.124,-3.008],[104.064,-3.004],[104.019,-3.030],[103.950,-3.004],[103.910,-3.024],[103.889,-3.075],[103.853,-3.080],[103.791,-3.134],[103.780,-3.179],[103.795,-3.240],[103.736,-3.261],[103.715,-3.236],[103.635,-3.262],[103.650,-3.241],[103.595,-3.245],[103.583,-3.221],[103.533,-3.233],[103.515,-3.209],[103.483,-3.021],[103.442,-2.936],[103.411,-2.924],[103.433,-2.854],[103.352,-2.851],[103.271,-2.753],[103.341,-2.694],[103.361,-2.573],[103.285,-2.511],[103.266,-2.437],[103.226,-2.470],[103.200,-2.460],[103.2,-2.439],[103.143,-2.434],[103.116,-2.451],[103.068,-2.412],[103.079,-2.392],[103.038,-2.385],[103.029,-2.341],[103.055,-2.317],[103.067,-2.339],[103.131,-2.352],[103.211,-2.320],[103.171,-2.213],[103.225,-2.165],[103.230,-2.135],[103.258,-2.133],[103.338,-2.271],[103.453,-2.359],[103.455,-2.186],[103.557,-2.137],[103.517,-2.114],[103.563,-2.016],[103.542,-1.986],[103.5,-1.982],[103.521,-1.906],[103.630,-1.841],[103.85,-1.816],[103.873,-1.788],[104.144,-1.715],[104.200,-1.866],[104.370,-2.055],[104.383,-2.146],[104.429,-2.190],[104.455,-2.191],[104.468,-2.219],[104.488,-2.203],[104.564,-2.247],[104.633,-2.241],[104.684,-2.335],[104.642,-2.343],[104.605,-2.376],[104.514,-2.374],[104.476,-2.412],[104.342,-2.406],[104.279,-2.439],[104.142,-2.388],[104.093,-2.311],[104.061,-2.296],[104.038,-2.330],[104.062,-2.450],[104.096,-2.441],[104.130,-2.481],[104.152,-2.517],[104.140,-2.551],[104.214,-2.632],[104.253,-2.624],[104.302,-2.644]]]}},{"type":"Feature","id":"16.07","properties":{"kode":"16.07"},"geometry":{"type":"MultiPolygon","coordinates":[[[[104.491,-1.667],[104.525,-1.711],[104.506,-1.721],[104.483,-1.787],[104.502,-1.811],[104.471,-1.864],[104.472,-1.913],[104.493,-1.924],[104.504,-1.968],[104.523,-1.981],[104.589,-2.008],[104.611,-2.005],[104.655,-1.964],[104.700,-1.999],[104.827,-2.003],[104.892,-2.083],[104.902,-2.191],[104.784,-2.284],[104.743,-2.358],[104.701,-2.342],[104.73,-2.39],[104.794,-2.379],[104.842,-2.330],[104.844,-2.287],[104.901,-2.279],[104.918,-2.290],[104.910,-2.336],[105.006,-2.333],[105.045,-2.376],[105.076,-2.360],[105.108,-2.382],[105.213,-2.327],[105.297,-2.373],[105.488,-2.387],[105.571,-2.411],[105.472,-2.464],[105.334,-2.448],[105.311,-2.499],[105.250,-2.554],[105.227,-2.543],[105.200,-2.582],[105.206,-2.624],[105.176,-2.651],[105.214,-2.684],[105.205,-2.731],[105.255,-2.756],[105.248,-2.806],[105.278,-2.827],[105.259,-2.882],[105.298,-2.903],[105.288,-2.958],[105.304,-2.977],[105.294,-2.993],[105.279,-2.974],[105.260,-2.982],[105.204,-3.111],[105.189,-3.108],[105.127,-2.941],[105.083,-3.0],[105.084,-3.104],[105.044,-3.114],[105.050,-3.148],[104.961,-3.168],[104.883,-3.142],[104.886,-3.107],[104.837,-3.098],[104.785,-3.037],[104.837,-3.012],[104.834,-2.986],[104.861,-2.968],[104.851,-2.907],[104.833,-2.895],[104.819,-2.916],[104.788,-2.900],[104.768,-2.916],[104.727,-2.896],[104.714,-2.866],[104.666,-2.891],[104.682,-2.908],[104.665,-2.974],[104.623,-2.928],[104.611,-2.959],[104.648,-2.984],[104.610,-3.048],[104.544,-3.033],[104.497,-3.080],[104.318,-3.054],[104.269,-3.021],[104.165,-3.050],[104.175,-2.918],[104.231,-2.908],[104.229,-2.885],[104.170,-2.872],[104.185,-2.813],[104.171,-2.760],[104.191,-2.760],[104.195,-2.723],[104.225,-2.689],[104.260,-2.683],[104.302,-2.644],[104.253,-2.624],[104.214,-2.632],[104.140,-2.551],[104.152,-2.517],[104.130,-2.481],[104.096,-2.441],[104.062,-2.450],[104.038,-2.330],[104.061,-2.296],[104.093,-2.311],[104.142,-2.388],[104.279,-2.439],[104.342,-2.406],[104.476,-2.412],[104.514,-2.374],[104.605,-2.376],[104.642,-2.343],[104.684,-2.335],[104.633,-2.241],[104.564,-2.247],[104.488,-2.203],[104.468,-2.219],[104.455,-2.191],[104.429,-2.190],[104.383,-2.146],[104.370,-2.055],[104.291,-1.982],[104.162,-1.792],[104.144,-1.715],[104.418,-1.627],[104.491,-1.667]]],[[[104.554,-1.854],[104.643,-1.923],[104.607,-1.961],[104.604,-2.000],[104.507,-1.967],[104.501,-1.938],[104.554,-1.854]]],[[[104.541,-1.783],[104.508,-1.806],[104.485,-1.785],[104.521,-1.715],[104.541,-1.783]]]]}},{"type":"Feature","id":"16.09","properties":{"kode":"16.09"},"geometry":{"type":"Polygon","coordinates":[[[104.151,-4.405],[104.212,-4.442],[104.299,-4.644],[104.288,-4.698],[104.306,-4.705],[104.304,-4.765],[104.340,-4.822],[104.364,-4.822],[104.335,-4.871],[104.287,-4.855],[104.253,-4.882],[104.191,-4.863],[104.174,-4.905],[104.144,-4.923],[104.092,-4.918],[104.062,-4.886],[103.975,-4.913],[103.935,-4.884],[103.846,-4.919],[103.869,-4.856],[103.825,-4.822],[103.826,-4.801],[103.762,-4.742],[103.668,-4.728],[103.704,-4.704],[103.701,-4.663],[103.661,-4.610],[103.601,-4.596],[103.63,-4.556],[103.619,-4.531],[103.577,-4.525],[103.529,-4.570],[103.487,-4.577],[103.406,-4.500],[103.424,-4.407],[103.467,-4.354],[103.518,-4.376],[103.580,-4.353],[103.601,-4.363],[103.626,-4.273],[103.706,-4.276],[103.790,-4.227],[103.836,-4.237],[103.87,-4.284],[103.889,-4.286],[103.910,-4.334],[103.941,-4.351],[103.975,-4.457],[104.045,-4.458],[104.151,-4.405]]]}},{"type":"Feature","id":"16.08","properties":{"kode":"16.08"},"geometry":{"type":"Polygon","coordinates":[[[104.753,-3.686],[104.801,-3.735],[104.799,-3.757],[104.835,-3.747],[104.868,-3.790],[104.877,-3.860],[104.849,-3.911],[104.886,-3.909],[104.896,-3.925],[104.854,-3.951],[104.927,-3.945],[104.912,-4.005],[104.828,-4.063],[104.833,-4.101],[104.790,-4.127],[104.747,-4.247],[104.706,-4.259],[104.631,-4.245],[104.620,-4.214],[104.384,-4.347],[104.321,-4.458],[104.329,-4.512],[104.310,-4.512],[104.340,-4.602],[104.299,-4.644],[104.212,-4.442],[104.151,-4.405],[104.217,-4.400],[104.240,-4.332],[104.221,-4.304],[104.226,-4.249],[104.321,-4.207],[104.333,-4.175],[104.308,-4.074],[104.357,-4.007],[104.399,-4.003],[104.445,-3.958],[104.476,-3.956],[104.470,-3.929],[104.501,-3.894],[104.566,-3.863],[104.555,-3.851],[104.573,-3.826],[104.556,-3.803],[104.620,-3.712],[104.635,-3.654],[104.663,-3.646],[104.653,-3.628],[104.686,-3.636],[104.706,-3.621],[104.694,-3.655],[104.753,-3.686]]]}},{"type":"Feature","id":"16.10","properties":{"kode":"16.10"},"geometry":{"type":"Polygon","coordinates":[[[104.775,-3.035],[104.806,-3.055],[104.792,-3.127],[104.818,-3.143],[104.799,-3.174],[104.813,-3.237],[104.787,-3.249],[104.826,-3.318],[104.805,-3.412],[104.816,-3.450],[104.768,-3.460],[104.750,-3.486],[104.700,-3.466],[104.660,-3.497],[104.631,-3.603],[104.66,-3.650],[104.635,-3.654],[104.620,-3.712],[104.556,-3.803],[104.453,-3.744],[104.373,-3.760],[104.377,-3.688],[104.451,-3.644],[104.467,-3.614],[104.453,-3.577],[104.417,-3.563],[104.390,-3.590],[104.320,-3.609],[104.317,-3.538],[104.424,-3.491],[104.437,-3.428],[104.530,-3.363],[104.530,-3.275],[104.548,-3.263],[104.522,-3.180],[104.577,-3.101],[104.643,-3.096],[104.643,-3.070],[104.660,-3.077],[104.676,-3.048],[104.710,-3.057],[104.726,-3.088],[104.750,-3.039],[104.775,-3.035]]]}},{"type":"Feature","id":"16.11","properties":{"kode":"16.11"},"geometry":{"type":"Polygon","coordinates":[[[103.202,-3.501],[103.167,-3.508],[103.174,-3.543],[103.163,-3.561],[103.137,-3.556],[103.102,-3.653],[103.119,-3.709],[103.088,-3.765],[103.138,-3.816],[103.108,-3.932],[103.123,-4.006],[102.961,-4.019],[102.911,-3.969],[102.864,-3.992],[102.816,-3.977],[102.749,-3.891],[102.701,-3.854],[102.683,-3.860],[102.669,-3.826],[102.620,-3.802],[102.657,-3.772],[102.697,-3.769],[102.734,-3.746],[102.734,-3.717],[102.770,-3.708],[102.807,-3.612],[102.794,-3.585],[102.810,-3.529],[102.859,-3.547],[102.900,-3.615],[102.935,-3.590],[102.994,-3.524],[102.998,-3.412],[103.041,-3.420],[103.101,-3.475],[103.175,-3.452],[103.202,-3.501]]]}},{"type":"Feature","id":"16.12","properties":{"kode":"16.12"},"geometry":{"type":"Polygon","coordinates":[[[104.143,-3.048],[104.193,-3.051],[104.231,-3.021],[104.257,-3.031],[104.234,-3.211],[104.209,-3.262],[104.233,-3.283],[104.199,-3.320],[104.127,-3.325],[104.132,-3.343],[104.099,-3.339],[104.092,-3.356],[104.028,-3.341],[104.024,-3.405],[103.992,-3.413],[103.917,-3.399],[103.892,-3.343],[103.849,-3.317],[103.787,-3.318],[103.760,-3.280],[103.736,-3.297],[103.733,-3.351],[103.707,-3.294],[103.626,-3.359],[103.617,-3.350],[103.605,-3.287],[103.631,-3.256],[103.648,-3.247],[103.635,-3.262],[103.659,-3.264],[103.715,-3.236],[103.736,-3.261],[103.795,-3.240],[103.780,-3.179],[103.791,-3.134],[103.853,-3.080],[103.889,-3.075],[103.910,-3.024],[103.950,-3.004],[104.025,-3.029],[104.093,-3.002],[104.134,-3.011],[104.143,-3.048]]]}},{"type":"Feature","id":"16.13","properties":{"kode":"16.13"},"geometry":{"type":"Polygon","coordinates":[[[103.029,-2.341],[103.038,-2.385],[103.079,-2.392],[103.068,-2.412],[103.116,-2.451],[103.143,-2.434],[103.2,-2.439],[103.200,-2.460],[103.226,-2.470],[103.249,-2.444],[103.275,-2.446],[103.285,-2.511],[103.361,-2.573],[103.341,-2.694],[103.263,-2.757],[103.119,-2.770],[103.101,-2.843],[102.901,-2.886],[102.911,-2.934],[102.873,-2.926],[102.869,-2.973],[102.847,-2.990],[102.698,-3.006],[102.486,-3.109],[102.442,-3.058],[102.395,-3.044],[102.317,-3.069],[102.253,-3.035],[102.224,-2.930],[102.131,-2.874],[102.129,-2.834],[102.072,-2.794],[102.063,-2.768],[102.097,-2.766],[102.109,-2.738],[102.236,-2.689],[102.245,-2.643],[102.271,-2.624],[102.469,-2.704],[102.507,-2.703],[102.538,-2.675],[102.580,-2.678],[102.615,-2.652],[102.624,-2.615],[102.672,-2.609],[102.725,-2.555],[102.734,-2.579],[102.786,-2.546],[102.815,-2.485],[102.879,-2.424],[102.844,-2.387],[102.867,-2.314],[103.029,-2.341]]]}},{"type":"Feature","id":"16.71","properties":{"kode":"16.71"},"geometry":{"type":"Polygon","coordinates":[[[104.724,-2.875],[104.727,-2.896],[104.768,-2.916],[104.788,-2.900],[104.819,-2.916],[104.833,-2.895],[104.865,-2.954],[104.834,-2.986],[104.837,-3.012],[104.788,-3.028],[104.790,-3.053],[104.775,-3.035],[104.750,-3.039],[104.726,-3.088],[104.710,-3.057],[104.630,-3.016],[104.648,-2.984],[104.611,-2.959],[104.623,-2.928],[104.643,-2.934],[104.635,-2.958],[104.656,-2.974],[104.679,-2.964],[104.674,-2.875],[104.724,-2.875]]]}},{"type":"Feature","id":"16.74","properties":{"kode":"16.74"},"geometry":{"type":"Polygon","coordinates":[[[104.184,-3.328],[104.178,-3.349],[104.208,-3.359],[104.286,-3.365],[104.313,-3.350],[104.351,-3.375],[104.317,-3.449],[104.277,-3.462],[104.316,-3.523],[104.314,-3.566],[104.251,-3.577],[104.247,-3.535],[104.217,-3.526],[104.194,-3.551],[104.149,-3.550],[104.125,-3.494],[104.153,-3.408],[104.124,-3.360],[104.127,-3.325],[104.184,-3.328]]]}},{"type":"Feature","id":"16.72","properties":{"kode":"16.72"},"geometry":{"type":"Polygon","coordinates":[[[103.376,-4.210],[103.316,-4.267],[103.177,-4.240],[103.186,-4.161],[103.165,-4.117],[103.145,-4.114],[103.122,-4.014],[103.225,-3.989],[103.284,-4.009],[103.278,-4.031],[103.324,-4.065],[103.353,-4.002],[103.413,-3.989],[103.395,-4.063],[103.355,-4.121],[103.376,-4.210]]]}},{"type":"Feature","id":"16.73","properties":{"kode":"16.73"},"geometry":{"type":"Polygon","coordinates":[[[102.967,-3.362],[102.895,-3.375],[102.895,-3.326],[102.864,-3.345],[102.798,-3.331],[102.776,-3.281],[102.753,-3.283],[102.807,-3.233],[102.811,-3.178],[102.833,-3.176],[102.854,-3.131],[102.882,-3.156],[102.917,-3.152],[102.916,-3.191],[102.954,-3.237],[102.927,-3.261],[102.960,-3.264],[102.976,-3.292],[102.958,-3.308],[102.967,-3.362]]]}},{"type":"Feature","id":"17.01","properties":{"kode":"17.01"},"geometry":{"type":"Polygon","coordinates":[[[103.177,-4.240],[103.288,-4.262],[103.281,-4.287],[103.200,-4.308],[103.201,-4.393],[103.167,-4.399],[103.121,-4.482],[103.080,-4.508],[103.079,-4.559],[102.899,-4.487],[102.883,-4.440],[102.796,-4.353],[102.815,-4.324],[102.844,-4.343],[102.861,-4.284],[102.918,-4.255],[102.881,-4.241],[102.906,-4.175],[103.028,-4.169],[103.059,-4.194],[103.051,-4.218],[103.082,-4.266],[103.177,-4.240]]]}},{"type":"Feature","id":"17.02","properties":{"kode":"17.02"},"geometry":{"type":"Polygon","coordinates":[[[102.750,-3.309],[102.776,-3.281],[102.798,-3.331],[102.864,-3.345],[102.895,-3.326],[102.895,-3.375],[102.988,-3.368],[103.004,-3.435],[102.994,-3.524],[102.907,-3.616],[102.868,-3.557],[102.818,-3.527],[102.722,-3.552],[102.532,-3.495],[102.424,-3.524],[102.403,-3.434],[102.369,-3.404],[102.384,-3.355],[102.422,-3.358],[102.449,-3.320],[102.500,-3.317],[102.494,-3.268],[102.545,-3.290],[102.565,-3.276],[102.592,-3.317],[102.638,-3.337],[102.674,-3.315],[102.750,-3.309]]]}},{"type":"Feature","id":"17.03","properties":{"kode":"17.03"},"geometry":{"type":"MultiPolygon","coordinates":[[[[101.919,-2.735],[101.968,-2.825],[102.017,-2.853],[102.042,-2.984],[102.137,-3.066],[102.127,-3.170],[102.146,-3.206],[102.291,-3.283],[102.295,-3.323],[102.271,-3.365],[102.374,-3.381],[102.369,-3.404],[102.416,-3.473],[102.329,-3.530],[102.260,-3.551],[102.258,-3.604],[102.243,-3.608],[102.233,-3.561],[102.21,-3.576],[102.199,-3.593],[102.215,-3.635],[102.199,-3.647],[102.094,-3.562],[101.929,-3.479],[101.907,-3.434],[101.622,-3.244],[101.531,-3.128],[101.693,-3.061],[101.761,-2.982],[101.787,-2.985],[101.784,-2.937],[101.810,-2.92],[101.806,-2.884],[101.865,-2.789],[101.860,-2.730],[101.919,-2.735]]],[[[102.145,-5.283],[102.285,-5.356],[102.381,-5.385],[102.367,-5.456],[102.339,-5.458],[102.375,-5.485],[102.359,-5.505],[102.280,-5.476],[102.265,-5.511],[102.203,-5.416],[102.089,-5.358],[102.094,-5.325],[102.134,-5.313],[102.145,-5.283]]]]}},{"type":"Feature","id":"17.04","properties":{"kode":"17.04"},"geometry":{"type":"Polygon","coordinates":[[[103.293,-4.257],[103.371,-4.315],[103.409,-4.313],[103.467,-4.354],[103.424,-4.407],[103.406,-4.500],[103.487,-4.577],[103.529,-4.570],[103.577,-4.525],[103.619,-4.531],[103.63,-4.556],[103.601,-4.596],[103.661,-4.610],[103.701,-4.663],[103.704,-4.704],[103.668,-4.728],[103.762,-4.742],[103.790,-4.779],[103.731,-4.799],[103.625,-4.890],[103.603,-4.889],[103.596,-4.922],[103.533,-4.913],[103.522,-4.887],[103.469,-4.865],[103.423,-4.870],[103.379,-4.800],[103.327,-4.808],[103.309,-4.781],[103.319,-4.758],[103.284,-4.710],[103.154,-4.601],[103.070,-4.558],[103.086,-4.551],[103.080,-4.508],[103.121,-4.482],[103.167,-4.399],[103.201,-4.393],[103.200,-4.308],[103.278,-4.291],[103.293,-4.257]]]}},{"type":"Feature","id":"17.05","properties":{"kode":"17.05"},"geometry":{"type":"Polygon","coordinates":[[[102.997,-4.019],[102.914,-4.065],[102.924,-4.100],[103.002,-4.160],[102.900,-4.178],[102.881,-4.241],[102.918,-4.255],[102.861,-4.284],[102.844,-4.343],[102.815,-4.324],[102.796,-4.353],[102.305,-3.986],[102.301,-3.952],[102.371,-3.856],[102.406,-3.871],[102.462,-3.843],[102.489,-3.859],[102.518,-3.833],[102.553,-3.833],[102.563,-3.808],[102.620,-3.802],[102.669,-3.826],[102.683,-3.860],[102.701,-3.854],[102.749,-3.891],[102.816,-3.977],[102.864,-3.992],[102.911,-3.969],[102.961,-4.019],[102.997,-4.019]]]}},{"type":"Feature","id":"17.06","properties":{"kode":"17.06"},"geometry":{"type":"Polygon","coordinates":[[[101.557,-2.451],[101.542,-2.571],[101.564,-2.570],[101.59,-2.532],[101.609,-2.549],[101.677,-2.533],[101.812,-2.692],[101.852,-2.712],[101.865,-2.789],[101.806,-2.884],[101.810,-2.92],[101.784,-2.937],[101.787,-2.985],[101.761,-2.982],[101.693,-3.061],[101.531,-3.128],[101.480,-3.012],[101.401,-2.925],[101.320,-2.735],[101.142,-2.628],[101.022,-2.478],[101.292,-2.288],[101.557,-2.451]]]}},{"type":"Feature","id":"17.07","properties":{"kode":"17.07"},"geometry":{"type":"Polygon","coordinates":[[[101.996,-2.724],[102.129,-2.834],[102.131,-2.874],[102.224,-2.930],[102.253,-3.035],[102.317,-3.069],[102.395,-3.044],[102.470,-3.087],[102.491,-3.139],[102.484,-3.247],[102.500,-3.317],[102.449,-3.320],[102.422,-3.358],[102.384,-3.355],[102.375,-3.383],[102.271,-3.365],[102.295,-3.323],[102.291,-3.283],[102.146,-3.206],[102.127,-3.170],[102.137,-3.066],[102.042,-2.984],[102.017,-2.853],[101.968,-2.825],[101.919,-2.735],[101.996,-2.724]]]}},{"type":"Feature","id":"17.08","properties":{"kode":"17.08"},"geometry":{"type":"Polygon","coordinates":[[[102.810,-3.529],[102.794,-3.585],[102.807,-3.612],[102.770,-3.708],[102.734,-3.717],[102.734,-3.746],[102.697,-3.769],[102.657,-3.772],[102.620,-3.802],[102.583,-3.745],[102.577,-3.683],[102.531,-3.659],[102.513,-3.592],[102.478,-3.552],[102.433,-3.546],[102.518,-3.495],[102.722,-3.552],[102.810,-3.529]]]}},{"type":"Feature","id":"17.09","properties":{"kode":"17.09"},"geometry":{"type":"Polygon","coordinates":[[[102.446,-3.529],[102.433,-3.546],[102.486,-3.559],[102.531,-3.659],[102.577,-3.683],[102.583,-3.745],[102.620,-3.802],[102.563,-3.808],[102.553,-3.833],[102.518,-3.833],[102.489,-3.859],[102.462,-3.843],[102.392,-3.870],[102.390,-3.854],[102.361,-3.855],[102.354,-3.812],[102.298,-3.741],[102.257,-3.755],[102.233,-3.717],[102.237,-3.683],[102.199,-3.647],[102.215,-3.635],[102.199,-3.593],[102.233,-3.561],[102.243,-3.608],[102.258,-3.604],[102.260,-3.551],[102.416,-3.476],[102.424,-3.524],[102.446,-3.529]]]}},{"type":"Feature","id":"17.71","properties":{"kode":"17.71"},"geometry":{"type":"Polygon","coordinates":[[[102.371,-3.856],[102.344,-3.913],[102.317,-3.911],[102.300,-3.982],[102.265,-3.915],[102.275,-3.899],[102.290,-3.924],[102.307,-3.894],[102.292,-3.899],[102.297,-3.856],[102.249,-3.796],[102.257,-3.755],[102.298,-3.741],[102.371,-3.856]]]}},{"type":"Feature","id":"18.04","properties":{"kode":"18.04"},"geometry":{"type":"Polygon","coordinates":[[[104.287,-4.855],[104.412,-4.864],[104.444,-4.944],[104.509,-4.942],[104.493,-4.976],[104.501,-5.018],[104.567,-5.022],[104.590,-5.069],[104.533,-5.095],[104.514,-5.136],[104.500,-5.125],[104.374,-5.199],[104.364,-5.281],[104.399,-5.301],[104.360,-5.302],[104.374,-5.329],[104.348,-5.340],[104.333,-5.325],[104.314,-5.354],[104.222,-5.218],[104.116,-5.171],[104.063,-5.099],[104.003,-5.098],[104.017,-5.039],[103.972,-4.969],[103.875,-4.965],[103.831,-4.943],[103.812,-4.891],[103.855,-4.891],[103.844,-4.912],[103.857,-4.919],[103.935,-4.884],[103.975,-4.913],[104.062,-4.886],[104.092,-4.918],[104.144,-4.923],[104.174,-4.905],[104.191,-4.863],[104.253,-4.882],[104.287,-4.855]]]}},{"type":"Feature","id":"18.06","properties":{"kode":"18.06"},"geometry":{"type":"MultiPolygon","coordinates":[[[[104.547,-5.094],[104.594,-5.132],[104.651,-5.132],[104.679,-5.155],[104.750,-5.118],[104.788,-5.145],[104.771,-5.184],[104.780,-5.236],[104.810,-5.300],[104.869,-5.338],[104.868,-5.378],[104.912,-5.429],[104.886,-5.435],[104.916,-5.447],[104.891,-5.55],[105.05,-5.619],[105.109,-5.749],[105.146,-5.790],[105.195,-5.801],[105.149,-5.809],[105.114,-5.774],[105.091,-5.791],[105.108,-5.775],[105.088,-5.774],[105.088,-5.756],[105.026,-5.751],[105.031,-5.728],[104.990,-5.723],[104.965,-5.693],[104.959,-5.709],[104.94,-5.703],[104.903,-5.657],[104.777,-5.605],[104.708,-5.521],[104.604,-5.496],[104.532,-5.546],[104.642,-5.690],[104.644,-5.743],[104.710,-5.833],[104.698,-5.880],[104.732,-5.929],[104.658,-5.936],[104.634,-5.843],[104.653,-5.822],[104.588,-5.754],[104.613,-5.745],[104.628,-5.693],[104.568,-5.620],[104.488,-5.602],[104.478,-5.539],[104.431,-5.506],[104.418,-5.452],[104.314,-5.354],[104.333,-5.325],[104.348,-5.340],[104.374,-5.329],[104.360,-5.302],[104.399,-5.301],[104.364,-5.281],[104.374,-5.199],[104.500,-5.125],[104.514,-5.136],[104.547,-5.094]]],[[[104.785,-5.760],[104.852,-5.801],[104.854,-5.846],[104.814,-5.825],[104.785,-5.760]]]]}},{"type":"Feature","id":"18.01","properties":{"kode":"18.01"},"geometry":{"type":"MultiPolygon","coordinates":[[[[105.282,-5.179],[105.286,-5.214],[105.319,-5.21],[105.343,-5.234],[105.376,-5.209],[105.418,-5.216],[105.453,-5.247],[105.455,-5.276],[105.416,-5.303],[105.470,-5.303],[105.484,-5.288],[105.541,-5.34],[105.516,-5.461],[105.585,-5.455],[105.602,-5.486],[105.658,-5.494],[105.661,-5.555],[105.727,-5.595],[105.75,-5.589],[105.765,-5.618],[105.826,-5.578],[105.792,-5.721],[105.794,-5.791],[105.724,-5.903],[105.705,-5.848],[105.615,-5.834],[105.585,-5.806],[105.589,-5.735],[105.555,-5.694],[105.562,-5.670],[105.535,-5.670],[105.523,-5.694],[105.408,-5.622],[105.327,-5.477],[105.341,-5.42],[105.308,-5.361],[105.290,-5.368],[105.279,-5.341],[105.260,-5.350],[105.254,-5.326],[105.211,-5.369],[105.201,-5.347],[105.167,-5.347],[105.165,-5.327],[105.115,-5.312],[105.145,-5.252],[105.171,-5.270],[105.153,-5.227],[105.169,-5.196],[105.282,-5.179]]],[[[105.528,-5.849],[105.542,-5.868],[105.506,-5.900],[105.491,-5.883],[105.528,-5.849]]],[[[105.495,-5.921],[105.516,-5.945],[105.485,-5.971],[105.463,-5.946],[105.495,-5.921]]]]}},{"type":"Feature","id":"18.07","properties":{"kode":"18.07"},"geometry":{"type":"Polygon","coordinates":[[[105.878,-4.682],[105.862,-4.829],[105.900,-4.938],[105.870,-4.972],[105.858,-5.039],[105.864,-5.255],[105.818,-5.336],[105.821,-5.569],[105.791,-5.614],[105.765,-5.618],[105.75,-5.589],[105.727,-5.595],[105.661,-5.555],[105.658,-5.494],[105.602,-5.486],[105.585,-5.455],[105.516,-5.461],[105.541,-5.34],[105.484,-5.288],[105.470,-5.303],[105.416,-5.303],[105.455,-5.276],[105.453,-5.247],[105.404,-5.211],[105.343,-5.234],[105.278,-5.197],[105.286,-5.170],[105.327,-5.168],[105.322,-5.132],[105.349,-5.108],[105.334,-5.091],[105.357,-5.071],[105.308,-5.072],[105.366,-5.025],[105.363,-5.011],[105.320,-5.005],[105.327,-4.986],[105.366,-4.955],[105.411,-4.961],[105.399,-4.922],[105.426,-4.891],[105.550,-4.898],[105.553,-4.878],[105.591,-4.881],[105.604,-4.851],[105.637,-4.850],[105.649,-4.795],[105.678,-4.782],[105.697,-4.739],[105.759,-4.731],[105.811,-4.751],[105.816,-4.65],[105.835,-4.619],[105.857,-4.632],[105.851,-4.674],[105.878,-4.682]]]}},{"type":"Feature","id":"18.02","properties":{"kode":"18.02"},"geometry":{"type":"Polygon","coordinates":[[[105.816,-4.65],[105.811,-4.751],[105.748,-4.731],[105.683,-4.746],[105.637,-4.850],[105.604,-4.851],[105.591,-4.881],[105.446,-4.900],[105.436,-4.884],[105.401,-4.916],[105.411,-4.961],[105.346,-4.964],[105.320,-5.005],[105.363,-5.011],[105.366,-5.025],[105.268,-5.095],[105.289,-5.107],[105.268,-5.152],[105.286,-5.170],[105.275,-5.179],[105.223,-5.168],[105.190,-5.121],[105.148,-5.130],[105.137,-5.164],[105.100,-5.160],[105.083,-5.118],[105.040,-5.185],[105.058,-5.195],[105.042,-5.213],[104.922,-5.265],[104.871,-5.232],[104.861,-5.201],[104.822,-5.196],[104.750,-5.118],[104.679,-5.155],[104.651,-5.132],[104.594,-5.132],[104.547,-5.094],[104.590,-5.069],[104.628,-5.088],[104.687,-5.082],[104.767,-5.036],[104.812,-4.979],[104.901,-4.985],[104.932,-4.919],[105.009,-4.915],[104.996,-4.949],[105.038,-4.960],[105.144,-4.676],[105.178,-4.642],[105.179,-4.600],[105.216,-4.600],[105.212,-4.635],[105.262,-4.635],[105.382,-4.516],[105.493,-4.483],[105.577,-4.534],[105.587,-4.515],[105.620,-4.518],[105.633,-4.481],[105.647,-4.509],[105.680,-4.485],[105.713,-4.531],[105.749,-4.521],[105.799,-4.559],[105.804,-4.586],[105.778,-4.623],[105.816,-4.65]]]}},{"type":"Feature","id":"18.03","properties":{"kode":"18.03"},"geometry":{"type":"Polygon","coordinates":[[[104.818,-4.504],[104.980,-4.535],[104.999,-4.606],[104.980,-4.629],[105.005,-4.629],[105.002,-4.645],[105.072,-4.705],[105.126,-4.729],[105.058,-4.874],[105.038,-4.960],[104.996,-4.949],[105.009,-4.915],[104.932,-4.919],[104.901,-4.985],[104.799,-4.985],[104.767,-5.036],[104.678,-5.084],[104.628,-5.088],[104.590,-5.069],[104.567,-5.022],[104.501,-5.018],[104.496,-4.966],[104.549,-4.831],[104.609,-4.832],[104.644,-4.780],[104.623,-4.738],[104.633,-4.705],[104.609,-4.681],[104.699,-4.598],[104.701,-4.553],[104.729,-4.555],[104.730,-4.537],[104.782,-4.531],[104.818,-4.504]]]}},{"type":"Feature","id":"18.08","properties":{"kode":"18.08"},"geometry":{"type":"Polygon","coordinates":[[[104.946,-4.192],[104.941,-4.232],[104.985,-4.257],[104.996,-4.288],[104.988,-4.330],[105.003,-4.352],[104.981,-4.351],[104.980,-4.385],[105.050,-4.403],[105.070,-4.436],[105.016,-4.465],[104.985,-4.446],[104.898,-4.524],[104.818,-4.504],[104.782,-4.531],[104.730,-4.537],[104.729,-4.555],[104.701,-4.553],[104.699,-4.598],[104.609,-4.681],[104.633,-4.705],[104.623,-4.738],[104.644,-4.780],[104.609,-4.832],[104.549,-4.831],[104.509,-4.942],[104.444,-4.944],[104.412,-4.864],[104.339,-4.867],[104.364,-4.822],[104.326,-4.807],[104.304,-4.765],[104.306,-4.705],[104.288,-4.689],[104.295,-4.646],[104.340,-4.602],[104.310,-4.512],[104.329,-4.512],[104.321,-4.458],[104.384,-4.347],[104.620,-4.214],[104.631,-4.245],[104.706,-4.259],[104.763,-4.245],[104.792,-4.266],[104.814,-4.242],[104.875,-4.233],[104.906,-4.201],[104.946,-4.192]]]}},{"type":"Feature","id":"18.05","properties":{"kode":"18.05"},"geometry":{"type":"Polygon","coordinates":[[[105.897,-4.683],[105.851,-4.674],[105.857,-4.632],[105.835,-4.619],[105.809,-4.653],[105.780,-4.632],[105.778,-4.606],[105.804,-4.586],[105.791,-4.550],[105.771,-4.552],[105.773,-4.533],[105.713,-4.531],[105.680,-4.485],[105.647,-4.509],[105.643,-4.481],[105.620,-4.518],[105.587,-4.515],[105.577,-4.534],[105.493,-4.483],[105.382,-4.516],[105.296,-4.612],[105.239,-4.641],[105.212,-4.635],[105.216,-4.600],[105.159,-4.544],[105.184,-4.473],[105.205,-4.461],[105.203,-4.428],[105.253,-4.399],[105.208,-4.382],[105.201,-4.352],[105.238,-4.366],[105.232,-4.327],[105.194,-4.354],[105.201,-4.323],[105.178,-4.296],[105.160,-4.301],[105.156,-4.267],[105.189,-4.268],[105.221,-4.195],[105.312,-4.156],[105.363,-4.159],[105.366,-4.129],[105.400,-4.138],[105.400,-4.119],[105.424,-4.122],[105.434,-4.166],[105.467,-4.162],[105.467,-4.135],[105.500,-4.135],[105.506,-4.165],[105.604,-4.195],[105.616,-4.223],[105.682,-4.189],[105.754,-4.194],[105.770,-4.112],[105.809,-4.124],[105.825,-4.195],[105.819,-4.337],[105.857,-4.377],[105.852,-4.410],[105.912,-4.438],[105.905,-4.549],[105.882,-4.600],[105.914,-4.642],[105.897,-4.683]]]}},{"type":"Feature","id":"18.09","properties":{"kode":"18.09"},"geometry":{"type":"MultiPolygon","coordinates":[[[[105.292,-5.799],[105.308,-5.815],[105.284,-5.838],[105.229,-5.828],[105.292,-5.799]]],[[[105.258,-5.179],[105.164,-5.200],[105.153,-5.23],[105.171,-5.270],[105.145,-5.252],[105.116,-5.300],[105.116,-5.314],[105.165,-5.327],[105.167,-5.347],[105.201,-5.347],[105.211,-5.369],[105.178,-5.406],[105.183,-5.449],[105.221,-5.446],[105.224,-5.489],[105.250,-5.482],[105.264,-5.516],[105.245,-5.521],[105.261,-5.545],[105.238,-5.564],[105.247,-5.580],[105.203,-5.577],[105.167,-5.600],[105.190,-5.647],[105.209,-5.647],[105.178,-5.668],[105.219,-5.718],[105.181,-5.721],[105.156,-5.755],[105.175,-5.778],[105.205,-5.766],[105.22,-5.789],[105.164,-5.793],[105.109,-5.749],[105.096,-5.706],[105.081,-5.712],[105.074,-5.645],[104.962,-5.575],[104.934,-5.486],[104.95,-5.447],[104.995,-5.427],[104.999,-5.391],[105.076,-5.389],[105.080,-5.362],[105.036,-5.284],[105.069,-5.229],[105.097,-5.229],[105.040,-5.185],[105.076,-5.15],[105.077,-5.122],[105.083,-5.142],[105.102,-5.138],[105.100,-5.160],[105.137,-5.164],[105.148,-5.130],[105.190,-5.121],[105.223,-5.168],[105.258,-5.179]]]]}},{"type":"Feature","id":"18.10","properties":{"kode":"18.10"},"geometry":{"type":"Polygon","coordinates":[[[104.941,-5.261],[105.049,-5.206],[105.097,-5.229],[105.069,-5.229],[105.038,-5.261],[105.044,-5.321],[105.063,-5.320],[105.080,-5.362],[105.074,-5.393],[104.999,-5.391],[104.995,-5.427],[104.941,-5.460],[104.959,-5.576],[104.891,-5.55],[104.916,-5.447],[104.886,-5.435],[104.912,-5.429],[104.868,-5.378],[104.869,-5.338],[104.810,-5.300],[104.772,-5.178],[104.792,-5.156],[104.830,-5.202],[104.861,-5.201],[104.887,-5.245],[104.941,-5.261]]]}},{"type":"Feature","id":"18.11","properties":{"kode":"18.11"},"geometry":{"type":"Polygon","coordinates":[[[105.760,-4.137],[105.754,-4.194],[105.682,-4.189],[105.616,-4.223],[105.604,-4.195],[105.506,-4.165],[105.500,-4.135],[105.467,-4.135],[105.467,-4.162],[105.434,-4.166],[105.424,-4.122],[105.400,-4.119],[105.400,-4.138],[105.366,-4.129],[105.363,-4.159],[105.312,-4.156],[105.232,-4.190],[105.196,-4.178],[105.101,-4.226],[105.066,-4.213],[105.050,-4.141],[105.094,-4.045],[105.119,-4.048],[105.108,-4.008],[105.135,-3.987],[105.138,-3.936],[105.165,-3.937],[105.205,-3.890],[105.245,-3.906],[105.274,-3.880],[105.291,-3.849],[105.283,-3.801],[105.305,-3.790],[105.332,-3.723],[105.361,-3.798],[105.416,-3.777],[105.436,-3.788],[105.433,-3.826],[105.524,-3.840],[105.523,-3.893],[105.549,-3.881],[105.572,-3.899],[105.562,-3.928],[105.609,-3.936],[105.59,-3.954],[105.630,-4.006],[105.604,-4.052],[105.662,-4.046],[105.649,-4.081],[105.681,-4.075],[105.683,-4.096],[105.708,-4.101],[105.698,-4.133],[105.760,-4.137]]]}},{"type":"Feature","id":"18.12","properties":{"kode":"18.12"},"geometry":{"type":"Polygon","coordinates":[[[105.050,-4.141],[105.066,-4.213],[105.101,-4.226],[105.196,-4.178],[105.232,-4.190],[105.219,-4.224],[105.190,-4.238],[105.189,-4.268],[105.156,-4.267],[105.156,-4.295],[105.201,-4.323],[105.194,-4.354],[105.232,-4.327],[105.238,-4.366],[105.198,-4.357],[105.218,-4.392],[105.241,-4.384],[105.253,-4.399],[105.213,-4.415],[105.205,-4.461],[105.184,-4.473],[105.159,-4.544],[105.175,-4.546],[105.198,-4.602],[105.172,-4.610],[105.178,-4.642],[105.125,-4.726],[105.072,-4.705],[105.002,-4.645],[105.005,-4.629],[104.980,-4.629],[104.999,-4.606],[104.980,-4.535],[104.926,-4.515],[104.933,-4.488],[104.985,-4.446],[105.016,-4.465],[105.070,-4.436],[105.050,-4.403],[104.980,-4.385],[104.981,-4.351],[105.003,-4.352],[104.988,-4.330],[104.996,-4.288],[104.985,-4.257],[104.941,-4.232],[104.953,-4.178],[105.002,-4.177],[105.050,-4.141]]]}},{"type":"Feature","id":"18.13","properties":{"kode":"18.13"},"geometry":{"type":"Polygon","coordinates":[[[103.855,-4.891],[103.812,-4.891],[103.831,-4.943],[103.892,-4.971],[103.972,-4.969],[104.017,-5.039],[104.003,-5.098],[104.063,-5.099],[104.116,-5.171],[104.222,-5.218],[104.291,-5.331],[104.418,-5.452],[104.431,-5.506],[104.478,-5.539],[104.487,-5.601],[104.568,-5.620],[104.628,-5.693],[104.613,-5.745],[104.588,-5.754],[104.653,-5.822],[104.634,-5.843],[104.658,-5.936],[104.584,-5.943],[104.556,-5.926],[104.575,-5.904],[104.562,-5.863],[104.416,-5.707],[104.302,-5.641],[104.319,-5.608],[104.298,-5.576],[104.071,-5.408],[104.026,-5.357],[104.026,-5.332],[103.994,-5.316],[104.007,-5.286],[103.986,-5.258],[103.907,-5.232],[103.903,-5.212],[103.936,-5.171],[103.91,-5.126],[103.868,-5.110],[103.838,-5.066],[103.786,-5.033],[103.746,-5.041],[103.747,-4.995],[103.711,-4.963],[103.652,-4.987],[103.659,-4.962],[103.639,-4.932],[103.593,-4.912],[103.731,-4.799],[103.790,-4.779],[103.866,-4.848],[103.855,-4.891]]]}},{"type":"Feature","id":"18.71","properties":{"kode":"18.71"},"geometry":{"type":"Polygon","coordinates":[[[105.255,-5.326],[105.260,-5.350],[105.279,-5.341],[105.290,-5.368],[105.308,-5.361],[105.341,-5.42],[105.327,-5.477],[105.345,-5.518],[105.289,-5.445],[105.254,-5.461],[105.251,-5.490],[105.224,-5.489],[105.221,-5.446],[105.183,-5.449],[105.178,-5.406],[105.255,-5.326]]]}},{"type":"Feature","id":"18.72","properties":{"kode":"18.72"},"geometry":{"type":"Polygon","coordinates":[[[105.286,-5.170],[105.268,-5.152],[105.289,-5.107],[105.268,-5.095],[105.316,-5.054],[105.318,-5.076],[105.355,-5.065],[105.334,-5.091],[105.349,-5.108],[105.322,-5.132],[105.327,-5.168],[105.286,-5.170]]]}},{"type":"Feature","id":"19.01","properties":{"kode":"19.01"},"geometry":{"type":"Polygon","coordinates":[[[106.158,-2.088],[106.129,-2.096],[106.129,-2.057],[106.107,-2.077],[106.045,-2.074],[106.040,-2.113],[106.088,-2.144],[106.043,-2.164],[106.024,-2.231],[105.979,-2.228],[105.958,-2.245],[105.923,-2.211],[105.915,-2.270],[105.880,-2.324],[105.818,-2.346],[105.825,-2.307],[105.787,-2.248],[105.792,-2.182],[105.739,-2.132],[105.722,-2.047],[105.772,-2.048],[105.780,-1.998],[105.808,-1.991],[105.709,-1.976],[105.705,-1.900],[105.749,-1.873],[105.747,-1.777],[105.775,-1.767],[105.784,-1.805],[105.828,-1.806],[105.754,-1.727],[105.740,-1.687],[105.763,-1.650],[105.733,-1.630],[105.741,-1.610],[105.704,-1.528],[105.816,-1.531],[105.915,-1.501],[105.924,-1.547],[105.971,-1.549],[106.047,-1.601],[106.053,-1.616],[106.031,-1.615],[106.021,-1.639],[106.031,-1.685],[106.125,-1.801],[106.115,-1.848],[106.185,-1.896],[106.150,-1.980],[106.158,-2.088]]]}},{"type":"Feature","id":"19.02","properties":{"kode":"19.02"},"geometry":{"type":"MultiPolygon","coordinates":[[[[107.939,-2.572],[107.946,-2.598],[107.895,-2.632],[107.879,-2.692],[107.945,-2.709],[107.984,-2.777],[107.862,-2.806],[107.849,-2.821],[107.871,-2.877],[107.783,-2.861],[107.747,-2.888],[107.790,-2.973],[107.864,-3.017],[107.814,-3.088],[107.848,-3.122],[107.836,-3.156],[107.607,-3.239],[107.586,-3.199],[107.629,-3.142],[107.582,-3.086],[107.561,-2.998],[107.615,-2.913],[107.544,-2.934],[107.529,-2.920],[107.597,-2.858],[107.597,-2.811],[107.581,-2.795],[107.635,-2.748],[107.612,-2.702],[107.646,-2.628],[107.628,-2.595],[107.658,-2.559],[107.762,-2.557],[107.816,-2.526],[107.838,-2.556],[107.939,-2.572]]],[[[107.523,-3.190],[107.551,-3.202],[107.522,-3.254],[107.515,-3.250],[107.523,-3.190]]],[[[107.459,-2.821],[107.478,-2.842],[107.466,-2.848],[107.486,-2.852],[107.476,-2.891],[107.429,-2.930],[107.410,-2.920],[107.412,-2.946],[107.338,-2.882],[107.376,-2.883],[107.380,-2.849],[107.459,-2.821]]],[[[107.468,-2.925],[107.464,-2.967],[107.436,-2.985],[107.432,-2.939],[107.468,-2.925]]],[[[107.416,-2.791],[107.432,-2.820],[107.404,-2.833],[107.373,-2.819],[107.416,-2.791]]]]}},{"type":"Feature","id":"19.05","properties":{"kode":"19.05"},"geometry":{"type":"Polygon","coordinates":[[[105.745,-1.783],[105.760,-1.816],[105.740,-1.829],[105.749,-1.873],[105.705,-1.894],[105.709,-1.976],[105.808,-1.991],[105.780,-1.998],[105.772,-2.048],[105.722,-2.047],[105.739,-2.132],[105.592,-2.123],[105.559,-2.086],[105.566,-2.070],[105.489,-2.092],[105.439,-2.132],[105.357,-2.12],[105.301,-2.154],[105.242,-2.072],[105.125,-2.075],[105.108,-2.022],[105.125,-1.959],[105.316,-1.865],[105.387,-1.801],[105.399,-1.75],[105.329,-1.699],[105.365,-1.679],[105.343,-1.651],[105.384,-1.642],[105.393,-1.606],[105.423,-1.605],[105.457,-1.566],[105.535,-1.565],[105.567,-1.532],[105.605,-1.529],[105.640,-1.641],[105.716,-1.646],[105.653,-1.713],[105.655,-1.745],[105.695,-1.780],[105.745,-1.783]]]}},{"type":"Feature","id":"19.04","properties":{"kode":"19.04"},"geometry":{"type":"Polygon","coordinates":[[[106.178,-2.148],[106.226,-2.255],[106.237,-2.327],[106.346,-2.460],[106.445,-2.472],[106.499,-2.504],[106.840,-2.572],[106.841,-2.584],[106.810,-2.577],[106.758,-2.599],[106.656,-2.721],[106.633,-2.694],[106.582,-2.685],[106.564,-2.653],[106.487,-2.667],[106.488,-2.619],[106.460,-2.623],[106.454,-2.607],[106.456,-2.563],[106.310,-2.547],[106.237,-2.583],[106.103,-2.489],[106.031,-2.512],[106.029,-2.441],[105.995,-2.460],[105.992,-2.512],[105.937,-2.530],[105.925,-2.46],[105.833,-2.410],[105.803,-2.367],[105.811,-2.345],[105.880,-2.324],[105.915,-2.270],[105.923,-2.211],[105.958,-2.245],[105.979,-2.228],[106.020,-2.236],[106.046,-2.160],[106.088,-2.144],[106.156,-2.160],[106.178,-2.148]]]}},{"type":"Feature","id":"19.03","properties":{"kode":"19.03"},"geometry":{"type":"MultiPolygon","coordinates":[[[[107.055,-2.819],[107.092,-2.861],[107.084,-2.912],[107.020,-2.881],[107.055,-2.819]]],[[[106.798,-2.888],[106.910,-2.947],[106.882,-3.029],[106.822,-3.029],[106.709,-2.967],[106.732,-2.925],[106.798,-2.888]]],[[[106.662,-2.716],[106.600,-2.868],[106.592,-2.940],[106.607,-2.962],[106.674,-2.975],[106.691,-3.000],[106.741,-3.007],[106.736,-3.086],[106.657,-3.101],[106.651,-3.085],[106.584,-3.076],[106.550,-3.109],[106.513,-3.113],[106.490,-3.088],[106.486,-3.043],[106.441,-3.011],[106.421,-2.97],[106.336,-2.966],[106.288,-2.907],[106.141,-2.873],[106.093,-2.837],[105.949,-2.818],[105.953,-2.782],[105.919,-2.743],[105.887,-2.643],[105.891,-2.594],[105.926,-2.536],[105.992,-2.512],[105.995,-2.460],[106.029,-2.441],[106.031,-2.512],[106.103,-2.489],[106.237,-2.583],[106.310,-2.547],[106.456,-2.563],[106.454,-2.607],[106.460,-2.623],[106.488,-2.619],[106.487,-2.667],[106.564,-2.653],[106.582,-2.685],[106.662,-2.716]]]]}},{"type":"Feature","id":"19.06","properties":{"kode":"19.06"},"geometry":{"type":"Polygon","coordinates":[[[107.848,-3.059],[107.864,-3.017],[107.790,-2.973],[107.747,-2.888],[107.783,-2.861],[107.871,-2.877],[107.849,-2.821],[107.862,-2.806],[107.984,-2.777],[107.945,-2.709],[107.879,-2.692],[107.895,-2.632],[107.946,-2.598],[107.939,-2.572],[108.003,-2.580],[108.003,-2.619],[108.031,-2.650],[108.043,-2.598],[108.090,-2.599],[108.152,-2.651],[108.148,-2.672],[108.189,-2.678],[108.270,-2.750],[108.294,-2.878],[108.254,-2.911],[108.209,-3.01],[108.217,-3.053],[108.179,-3.119],[108.208,-3.141],[108.153,-3.170],[108.079,-3.170],[108.076,-3.246],[108.013,-3.244],[107.981,-3.268],[107.964,-3.168],[107.923,-3.124],[107.886,-3.118],[107.888,-3.081],[107.848,-3.059]]]}},{"type":"Feature","id":"19.71","properties":{"kode":"19.71"},"geometry":{"type":"Polygon","coordinates":[[[106.158,-2.088],[106.181,-2.130],[106.156,-2.160],[106.040,-2.113],[106.040,-2.079],[106.059,-2.067],[106.1,-2.078],[106.129,-2.057],[106.129,-2.096],[106.158,-2.088]]]}},{"type":"Feature","id":"21.02","properties":{"kode":"21.02"},"geometry":{"type":"MultiPolygon","coordinates":[[[[103.906,0.832],[103.940,0.787],[103.918,0.754],[103.886,0.794],[103.894,0.801],[103.906,0.819],[103.906,0.832]]],[[[103.817,0.894],[103.902,0.849],[103.894,0.802],[103.834,0.840],[103.817,0.894]]],[[[103.749,0.885],[103.833,0.812],[103.830,0.752],[103.719,0.852],[103.724,0.881],[103.749,0.885]]],[[[103.744,0.737],[103.742,0.687],[103.692,0.711],[103.694,0.728],[103.744,0.737]]],[[[103.668,0.828],[103.703,0.804],[103.727,0.758],[103.701,0.756],[103.668,0.828]]],[[[103.579,0.554],[103.622,0.508],[103.620,0.496],[103.597,0.492],[103.579,0.554]]],[[[103.412,0.885],[103.452,0.856],[103.494,0.844],[103.531,0.801],[103.525,0.766],[103.419,0.857],[103.412,0.885]]],[[[103.490,0.926],[103.510,0.910],[103.528,0.868],[103.502,0.861],[103.490,0.926]]],[[[103.519,0.692],[103.490,0.625],[103.461,0.621],[103.490,0.683],[103.519,0.692]]],[[[103.376,0.897],[103.512,0.757],[103.456,0.637],[103.399,0.649],[103.351,0.742],[103.343,0.801],[103.376,0.897]]],[[[103.406,0.909],[103.474,0.914],[103.487,0.855],[103.409,0.892],[103.406,0.909]]],[[[103.427,0.958],[103.473,0.950],[103.474,0.919],[103.437,0.941],[103.427,0.958]]],[[[103.350,1.135],[103.389,1.119],[103.382,1.080],[103.421,1.044],[103.437,0.988],[103.350,1.006],[103.315,1.041],[103.311,1.087],[103.350,1.135]]]]}},{"type":"Feature","id":"21.01","properties":{"kode":"21.01"},"geometry":{"type":"MultiPolygon","coordinates":[[[[107.537,1.026],[107.602,0.997],[107.554,0.948],[107.571,0.986],[107.542,0.981],[107.537,1.026]]],[[[107.427,0.978],[107.471,0.968],[107.466,0.924],[107.438,0.932],[107.427,0.978]]],[[[104.786,1.028],[104.850,1.011],[104.840,0.961],[104.813,0.963],[104.829,0.975],[104.790,1.004],[104.786,1.028]]],[[[104.721,0.757],[104.736,0.748],[104.757,0.747],[104.761,0.732],[104.734,0.717],[104.714,0.741],[104.721,0.757]]],[[[104.699,0.794],[104.746,0.786],[104.753,0.754],[104.691,0.769],[104.699,0.794]]],[[[104.683,0.895],[104.693,0.853],[104.677,0.846],[104.661,0.865],[104.683,0.895]]],[[[104.650,0.866],[104.664,0.825],[104.627,0.803],[104.632,0.846],[104.650,0.866]]],[[[104.626,0.896],[104.661,0.880],[104.628,0.854],[104.617,0.871],[104.626,0.896]]],[[[104.514,0.844],[104.540,0.877],[104.545,0.940],[104.498,0.991],[104.440,0.997],[104.458,1.019],[104.487,1.019],[104.486,1.035],[104.403,1.053],[104.373,1.010],[104.321,1.042],[104.320,1.024],[104.339,1.025],[104.318,0.993],[104.228,1.017],[104.218,1.089],[104.241,1.120],[104.330,1.141],[104.309,1.178],[104.370,1.178],[104.400,1.201],[104.499,1.168],[104.536,1.182],[104.551,1.223],[104.585,1.226],[104.577,1.155],[104.631,1.109],[104.657,1.045],[104.634,0.984],[104.659,0.919],[104.62,0.900],[104.593,0.81],[104.520,0.825],[104.514,0.844]]],[[[104.594,0.793],[104.633,0.791],[104.636,0.783],[104.582,0.752],[104.594,0.793]]],[[[104.546,0.797],[104.587,0.776],[104.539,0.771],[104.510,0.746],[104.508,0.772],[104.546,0.797]]]]}},{"type":"Feature","id":"21.03","properties":{"kode":"21.03"},"geometry":{"type":"MultiPolygon","coordinates":[[[[108.978,2.556],[109.063,2.523],[109.121,2.528],[109.118,2.508],[109.013,2.483],[109.020,2.523],[108.975,2.532],[108.978,2.556]]],[[[108.864,3.012],[108.890,2.997],[108.884,2.879],[108.819,2.843],[108.775,2.891],[108.828,2.936],[108.837,2.995],[108.864,3.012]]],[[[108.223,4.226],[108.241,4.219],[108.224,4.185],[108.233,4.128],[108.270,4.089],[108.299,4.086],[108.295,4.054],[108.346,3.998],[108.403,3.966],[108.382,3.931],[108.391,3.894],[108.360,3.898],[108.356,3.883],[108.356,3.872],[108.362,3.893],[108.379,3.861],[108.408,3.882],[108.386,3.793],[108.309,3.731],[108.296,3.658],[108.223,3.663],[108.156,3.630],[108.145,3.659],[108.089,3.681],[108.117,3.743],[108.148,3.744],[108.188,3.783],[108.277,3.711],[108.266,3.738],[108.206,3.802],[108.062,3.835],[108.018,3.878],[108.030,3.899],[107.989,3.942],[107.993,3.983],[107.962,4.000],[108.015,4.028],[108.026,4.053],[108.074,4.067],[108.089,4.103],[108.146,4.137],[108.223,4.226]]],[[[108.103,3.636],[108.120,3.607],[108.070,3.583],[108.070,3.602],[108.103,3.636]]],[[[108.007,4.775],[107.976,4.680],[107.928,4.680],[107.927,4.693],[108.007,4.775]]],[[[107.786,3.019],[107.813,2.980],[107.757,2.971],[107.748,3.006],[107.786,3.019]]]]}},{"type":"Feature","id":"21.04","properties":{"kode":"21.04"},"geometry":{"type":"MultiPolygon","coordinates":[[[[104.554,0.025],[104.651,-0.050],[104.668,-0.077],[104.628,-0.073],[104.632,-0.094],[104.668,-0.117],[104.660,-0.090],[104.683,-0.085],[104.734,-0.140],[104.752,-0.189],[104.822,-0.196],[104.812,-0.152],[104.825,-0.133],[104.891,-0.224],[104.955,-0.276],[104.998,-0.278],[104.999,-0.303],[104.921,-0.277],[104.899,-0.293],[104.925,-0.323],[104.913,-0.338],[104.865,-0.312],[104.849,-0.322],[104.703,-0.204],[104.599,-0.251],[104.562,-0.242],[104.518,-0.275],[104.498,-0.241],[104.429,-0.237],[104.427,-0.183],[104.475,-0.158],[104.470,-0.137],[104.505,-0.128],[104.496,-0.012],[104.556,0.000],[104.554,0.025]]],[[[104.518,0.244],[104.703,0.048],[104.697,0.016],[104.621,0.075],[104.626,0.089],[104.601,0.084],[104.553,0.126],[104.553,0.160],[104.537,0.15],[104.506,0.190],[104.528,0.189],[104.477,0.242],[104.520,0.216],[104.518,0.244]]],[[[104.478,-0.335],[104.538,-0.373],[104.573,-0.446],[104.596,-0.457],[104.591,-0.492],[104.535,-0.538],[104.504,-0.643],[104.474,-0.637],[104.431,-0.584],[104.398,-0.600],[104.386,-0.667],[104.357,-0.681],[104.321,-0.523],[104.309,-0.540],[104.247,-0.486],[104.276,-0.399],[104.312,-0.389],[104.326,-0.349],[104.337,-0.388],[104.313,-0.417],[104.343,-0.444],[104.340,-0.394],[104.397,-0.408],[104.430,-0.383],[104.439,-0.340],[104.478,-0.335]]],[[[104.403,0.162],[104.492,0.070],[104.484,0.044],[104.462,0.057],[104.495,0.015],[104.378,0.123],[104.427,0.101],[104.396,0.145],[104.403,0.162]]],[[[104.471,-0.277],[104.491,-0.307],[104.459,-0.328],[104.388,-0.297],[104.471,-0.277]]],[[[104.331,0.376],[104.416,0.331],[104.433,0.307],[104.405,0.315],[104.420,0.298],[104.393,0.289],[104.351,0.316],[104.331,0.376]]],[[[104.327,0.328],[104.365,0.306],[104.389,0.281],[104.354,0.279],[104.327,0.328]]],[[[104.292,0.176],[104.336,0.130],[104.337,0.107],[104.293,0.143],[104.292,0.176]]],[[[104.232,0.199],[104.240,0.167],[104.225,0.156],[104.201,0.17],[104.232,0.199]]],[[[104.172,-0.372],[104.228,-0.364],[104.234,-0.384],[104.185,-0.388],[104.172,-0.372]]]]}},{"type":"Feature","id":"21.05","properties":{"kode":"21.05"},"geometry":{"type":"MultiPolygon","coordinates":[[[[106.316,3.169],[106.311,3.134],[106.341,3.146],[106.340,3.120],[106.308,3.085],[106.31,3.112],[106.298,3.123],[106.296,3.104],[106.284,3.121],[106.316,3.169]]],[[[106.285,3.384],[106.308,3.366],[106.292,3.349],[106.289,3.251],[106.260,3.288],[106.284,3.232],[106.267,3.227],[106.227,3.259],[106.247,3.29],[106.241,3.338],[106.266,3.345],[106.267,3.374],[106.285,3.384]]],[[[106.232,3.229],[106.277,3.194],[106.273,3.172],[106.287,3.179],[106.275,3.076],[106.272,3.100],[106.258,3.095],[106.247,3.120],[106.236,3.096],[106.203,3.139],[106.196,3.231],[106.22,3.217],[106.232,3.229]]],[[[106.200,2.810],[106.245,2.776],[106.250,2.725],[106.204,2.762],[106.222,2.766],[106.200,2.810]]],[[[106.227,3.393],[106.219,3.359],[106.236,3.333],[106.219,3.3],[106.205,3.322],[106.188,3.299],[106.172,3.332],[106.201,3.345],[106.199,3.374],[106.227,3.393]]],[[[105.696,3.062],[105.714,3.031],[105.734,3.044],[105.724,2.996],[105.739,2.973],[105.850,2.986],[105.845,2.958],[105.818,2.966],[105.827,2.911],[105.794,2.908],[105.819,2.885],[105.787,2.902],[105.765,2.893],[105.769,2.873],[105.724,2.872],[105.769,2.841],[105.735,2.816],[105.692,2.854],[105.715,2.958],[105.709,2.987],[105.675,3.008],[105.705,3.035],[105.696,3.062]]]]}},{"type":"Feature","id":"21.71","properties":{"kode":"21.71"},"geometry":{"type":"MultiPolygon","coordinates":[[[[104.170,0.777],[104.277,0.796],[104.262,0.748],[104.309,0.709],[104.254,0.692],[104.219,0.722],[104.196,0.725],[104.170,0.777]]],[[[104.215,0.718],[104.281,0.668],[104.288,0.613],[104.264,0.621],[104.215,0.718]]],[[[104.119,0.962],[104.127,0.935],[104.154,0.927],[104.153,0.898],[104.169,0.898],[104.167,0.867],[104.213,0.880],[104.265,0.859],[104.245,0.819],[104.168,0.786],[104.147,0.852],[104.092,0.875],[104.094,0.928],[104.077,0.944],[104.119,0.962]]],[[[104.195,0.608],[104.227,0.573],[104.203,0.573],[104.195,0.545],[104.195,0.608]]],[[[104.098,1.199],[104.139,1.168],[104.155,1.124],[104.132,1.034],[104.106,1.043],[104.078,1.024],[104.096,0.983],[104.070,0.998],[104.067,0.983],[104.052,0.996],[104.024,0.982],[103.990,1.017],[103.942,1.007],[103.911,1.037],[103.889,1.093],[103.922,1.074],[103.937,1.084],[103.918,1.140],[103.988,1.130],[104.014,1.192],[104.058,1.158],[104.053,1.131],[104.078,1.125],[104.090,1.153],[104.068,1.173],[104.098,1.199]]],[[[104.046,0.965],[104.079,0.949],[104.073,0.942],[104.070,0.915],[104.045,0.936],[104.046,0.965]]],[[[103.869,1.036],[103.967,0.965],[103.943,0.909],[103.837,0.972],[103.834,1.017],[103.851,1.012],[103.869,1.036]]],[[[103.844,1.075],[103.882,1.052],[103.846,1.027],[103.832,1.062],[103.844,1.075]]],[[[103.775,1.050],[103.799,1.024],[103.795,0.969],[103.748,1.029],[103.775,1.050]]]]}},{"type":"Feature","id":"21.72","properties":{"kode":"21.72"},"geometry":{"type":"Polygon","coordinates":[[[104.514,0.844],[104.475,0.850],[104.490,0.875],[104.437,0.925],[104.480,0.932],[104.420,0.952],[104.413,0.977],[104.498,0.991],[104.545,0.940],[104.540,0.877],[104.514,0.844]]]}},{"type":"Feature","id":"31.01","properties":{"kode":"31.01"},"geometry":{"type":"Polygon","coordinates":[[[106.484,-5.795],[106.495,-5.795],[106.503,-5.800],[106.484,-5.795]]]}},{"type":"Feature","id":"31.74","properties":{"kode":"31.74"},"geometry":{"type":"Polygon","coordinates":[[[106.822,-6.202],[106.866,-6.234],[106.847,-6.285],[106.856,-6.313],[106.838,-6.320],[106.835,-6.355],[106.794,-6.364],[106.809,-6.314],[106.773,-6.31],[106.737,-6.223],[106.778,-6.226],[106.783,-6.206],[106.799,-6.229],[106.822,-6.202]]]}},{"type":"Feature","id":"31.75","properties":{"kode":"31.75"},"geometry":{"type":"Polygon","coordinates":[[[106.971,-6.154],[106.944,-6.252],[106.905,-6.260],[106.922,-6.314],[106.914,-6.365],[106.884,-6.372],[106.84,-6.335],[106.866,-6.234],[106.849,-6.207],[106.875,-6.192],[106.878,-6.166],[106.922,-6.183],[106.922,-6.161],[106.971,-6.154]]]}},{"type":"Feature","id":"31.71","properties":{"kode":"31.71"},"geometry":{"type":"Polygon","coordinates":[[[106.878,-6.166],[106.875,-6.192],[106.822,-6.202],[106.795,-6.229],[106.800,-6.166],[106.827,-6.159],[106.821,-6.136],[106.878,-6.166]]]}},{"type":"Feature","id":"31.73","properties":{"kode":"31.73"},"geometry":{"type":"Polygon","coordinates":[[[106.710,-6.096],[106.750,-6.134],[106.821,-6.136],[106.827,-6.159],[106.800,-6.166],[106.810,-6.188],[106.778,-6.226],[106.720,-6.224],[106.722,-6.185],[106.686,-6.172],[106.688,-6.097],[106.710,-6.096]]]}},{"type":"Feature","id":"31.72","properties":{"kode":"31.72"},"geometry":{"type":"Polygon","coordinates":[[[106.97,-6.090],[106.971,-6.154],[106.922,-6.161],[106.922,-6.183],[106.815,-6.130],[106.750,-6.134],[106.710,-6.096],[106.843,-6.121],[106.879,-6.095],[106.97,-6.090]]]}},{"type":"Feature","id":"32.01","properties":{"kode":"32.01"},"geometry":{"type":"Polygon","coordinates":[[[106.969,-6.349],[107.01,-6.402],[107.062,-6.399],[107.059,-6.431],[107.174,-6.485],[107.178,-6.551],[107.227,-6.602],[107.212,-6.640],[107.169,-6.643],[107.135,-6.670],[107.051,-6.656],[106.992,-6.668],[107.003,-6.687],[106.982,-6.746],[106.912,-6.788],[106.778,-6.755],[106.741,-6.715],[106.694,-6.744],[106.658,-6.731],[106.633,-6.754],[106.587,-6.742],[106.578,-6.717],[106.524,-6.762],[106.466,-6.751],[106.429,-6.680],[106.43,-6.58],[106.403,-6.516],[106.403,-6.453],[106.45,-6.434],[106.426,-6.347],[106.467,-6.303],[106.483,-6.322],[106.476,-6.350],[106.526,-6.349],[106.513,-6.325],[106.525,-6.325],[106.604,-6.361],[106.718,-6.358],[106.738,-6.438],[106.823,-6.444],[106.824,-6.461],[106.851,-6.436],[106.855,-6.455],[106.882,-6.456],[106.936,-6.382],[106.966,-6.303],[106.980,-6.315],[106.969,-6.349]]]}},{"type":"Feature","id":"32.02","properties":{"kode":"32.02"},"geometry":{"type":"Polygon","coordinates":[[[106.947,-6.760],[107.032,-6.872],[107.064,-6.961],[107.032,-6.981],[107.059,-7.023],[107.045,-7.042],[106.982,-7.013],[106.944,-7.073],[106.936,-7.117],[106.964,-7.142],[106.982,-7.222],[106.960,-7.261],[106.976,-7.285],[106.967,-7.312],[106.935,-7.332],[106.914,-7.323],[106.908,-7.349],[106.876,-7.362],[106.822,-7.363],[106.776,-7.406],[106.793,-7.436],[106.560,-7.417],[106.444,-7.360],[106.399,-7.370],[106.397,-7.330],[106.372,-7.307],[106.387,-7.215],[106.401,-7.186],[106.463,-7.179],[106.457,-7.129],[106.543,-7.054],[106.544,-6.987],[106.512,-6.965],[106.446,-6.953],[106.393,-6.973],[106.393,-6.900],[106.431,-6.861],[106.441,-6.815],[106.497,-6.791],[106.578,-6.717],[106.587,-6.742],[106.633,-6.754],[106.658,-6.731],[106.694,-6.744],[106.741,-6.715],[106.814,-6.768],[106.899,-6.788],[106.947,-6.760]]]}},{"type":"Feature","id":"32.03","properties":{"kode":"32.03"},"geometry":{"type":"Polygon","coordinates":[[[107.302,-6.728],[107.284,-6.774],[107.349,-6.866],[107.283,-6.923],[107.190,-6.968],[107.183,-7.057],[107.253,-7.049],[107.319,-7.106],[107.304,-7.164],[107.272,-7.169],[107.251,-7.201],[107.291,-7.213],[107.319,-7.191],[107.381,-7.249],[107.476,-7.254],[107.455,-7.292],[107.484,-7.354],[107.474,-7.399],[107.431,-7.425],[107.426,-7.502],[107.239,-7.488],[107.074,-7.451],[106.793,-7.436],[106.776,-7.406],[106.822,-7.363],[106.876,-7.362],[106.908,-7.349],[106.914,-7.323],[106.935,-7.332],[106.967,-7.312],[106.976,-7.285],[106.960,-7.261],[106.982,-7.222],[106.964,-7.142],[106.936,-7.117],[106.958,-7.033],[106.982,-7.013],[107.039,-7.045],[107.059,-7.023],[107.032,-6.981],[107.064,-6.961],[107.048,-6.910],[106.964,-6.766],[107.000,-6.697],[106.992,-6.668],[107.051,-6.656],[107.135,-6.670],[107.169,-6.643],[107.212,-6.640],[107.227,-6.602],[107.262,-6.634],[107.251,-6.693],[107.302,-6.728]]]}},{"type":"Feature","id":"32.04","properties":{"kode":"32.04"},"geometry":{"type":"Polygon","coordinates":[[[107.914,-6.952],[107.889,-6.982],[107.906,-6.990],[107.910,-7.035],[107.933,-7.043],[107.849,-7.059],[107.811,-7.097],[107.807,-7.142],[107.736,-7.174],[107.706,-7.237],[107.737,-7.264],[107.726,-7.297],[107.694,-7.282],[107.612,-7.309],[107.557,-7.251],[107.445,-7.243],[107.420,-7.257],[107.353,-7.235],[107.355,-7.217],[107.319,-7.191],[107.291,-7.213],[107.251,-7.201],[107.272,-7.169],[107.304,-7.164],[107.330,-7.098],[107.392,-7.099],[107.424,-7.051],[107.475,-7.051],[107.469,-6.999],[107.504,-6.981],[107.528,-6.916],[107.583,-6.961],[107.716,-6.961],[107.739,-6.902],[107.707,-6.889],[107.695,-6.906],[107.629,-6.880],[107.623,-6.861],[107.661,-6.832],[107.703,-6.840],[107.75,-6.812],[107.752,-6.954],[107.842,-6.969],[107.914,-6.952]]]}},{"type":"Feature","id":"32.05","properties":{"kode":"32.05"},"geometry":{"type":"Polygon","coordinates":[[[108.126,-7.037],[108.123,-7.113],[108.099,-7.102],[108.068,-7.130],[108.087,-7.163],[108.063,-7.220],[107.922,-7.290],[107.944,-7.328],[107.904,-7.363],[107.940,-7.393],[107.953,-7.460],[107.942,-7.573],[107.916,-7.603],[107.930,-7.688],[107.907,-7.736],[107.847,-7.737],[107.811,-7.689],[107.694,-7.669],[107.675,-7.628],[107.606,-7.574],[107.423,-7.505],[107.431,-7.425],[107.474,-7.399],[107.484,-7.354],[107.455,-7.292],[107.476,-7.254],[107.557,-7.251],[107.612,-7.309],[107.694,-7.282],[107.726,-7.297],[107.737,-7.264],[107.706,-7.237],[107.736,-7.174],[107.807,-7.142],[107.811,-7.097],[107.849,-7.059],[107.933,-7.043],[107.910,-7.035],[107.906,-6.990],[107.889,-6.982],[107.916,-6.968],[107.915,-6.946],[108.042,-6.996],[108.082,-6.987],[108.126,-7.037]]]}},{"type":"Feature","id":"32.06","properties":{"kode":"32.06"},"geometry":{"type":"Polygon","coordinates":[[[108.137,-7.038],[108.155,-7.066],[108.219,-7.087],[108.192,-7.173],[108.193,-7.269],[108.154,-7.292],[108.187,-7.446],[108.268,-7.425],[108.282,-7.384],[108.265,-7.375],[108.309,-7.337],[108.414,-7.377],[108.395,-7.408],[108.420,-7.423],[108.424,-7.484],[108.441,-7.489],[108.427,-7.500],[108.372,-7.479],[108.334,-7.507],[108.365,-7.660],[108.316,-7.693],[108.331,-7.715],[108.313,-7.724],[108.323,-7.795],[108.340,-7.816],[107.910,-7.731],[107.930,-7.688],[107.916,-7.603],[107.942,-7.573],[107.953,-7.460],[107.940,-7.393],[107.904,-7.363],[107.944,-7.328],[107.922,-7.290],[108.063,-7.220],[108.087,-7.163],[108.068,-7.130],[108.099,-7.102],[108.123,-7.113],[108.137,-7.038]]]}},{"type":"Feature","id":"32.07","properties":{"kode":"32.07"},"geometry":{"type":"Polygon","coordinates":[[[108.357,-7.051],[108.439,-7.117],[108.505,-7.131],[108.525,-7.181],[108.581,-7.206],[108.559,-7.332],[108.524,-7.359],[108.489,-7.35],[108.469,-7.380],[108.543,-7.412],[108.564,-7.439],[108.600,-7.394],[108.615,-7.405],[108.636,-7.381],[108.650,-7.388],[108.662,-7.352],[108.717,-7.426],[108.706,-7.477],[108.698,-7.461],[108.648,-7.467],[108.659,-7.513],[108.646,-7.540],[108.527,-7.573],[108.526,-7.526],[108.495,-7.531],[108.427,-7.500],[108.441,-7.489],[108.424,-7.484],[108.420,-7.423],[108.395,-7.408],[108.408,-7.365],[108.288,-7.335],[108.198,-7.282],[108.192,-7.173],[108.219,-7.087],[108.167,-7.063],[108.313,-7.056],[108.342,-7.069],[108.357,-7.051]]]}},{"type":"Feature","id":"32.08","properties":{"kode":"32.08"},"geometry":{"type":"Polygon","coordinates":[[[108.760,-6.988],[108.795,-7.017],[108.766,-7.113],[108.726,-7.115],[108.675,-7.156],[108.635,-7.138],[108.589,-7.154],[108.562,-7.171],[108.563,-7.194],[108.525,-7.181],[108.505,-7.131],[108.439,-7.117],[108.385,-7.073],[108.385,-6.952],[108.407,-6.892],[108.398,-6.795],[108.444,-6.781],[108.460,-6.798],[108.512,-6.791],[108.508,-6.852],[108.523,-6.870],[108.621,-6.910],[108.653,-6.903],[108.655,-6.936],[108.683,-6.923],[108.715,-6.945],[108.718,-6.995],[108.735,-7.006],[108.760,-6.988]]]}},{"type":"Feature","id":"32.09","properties":{"kode":"32.09"},"geometry":{"type":"Polygon","coordinates":[[[108.562,-6.691],[108.542,-6.696],[108.548,-6.725],[108.519,-6.740],[108.544,-6.796],[108.560,-6.755],[108.591,-6.743],[108.611,-6.768],[108.653,-6.750],[108.686,-6.800],[108.750,-6.815],[108.804,-6.782],[108.823,-6.739],[108.841,-6.741],[108.824,-6.832],[108.753,-6.918],[108.760,-6.988],[108.738,-7.005],[108.718,-6.995],[108.725,-6.962],[108.707,-6.937],[108.683,-6.923],[108.663,-6.940],[108.653,-6.903],[108.621,-6.910],[108.523,-6.870],[108.508,-6.852],[108.512,-6.791],[108.460,-6.798],[108.444,-6.781],[108.398,-6.795],[108.399,-6.773],[108.358,-6.750],[108.367,-6.698],[108.336,-6.670],[108.347,-6.638],[108.323,-6.620],[108.331,-6.594],[108.417,-6.524],[108.446,-6.532],[108.457,-6.572],[108.539,-6.516],[108.562,-6.691]]]}},{"type":"Feature","id":"32.10","properties":{"kode":"32.10"},"geometry":{"type":"Polygon","coordinates":[[[108.315,-6.607],[108.346,-6.626],[108.336,-6.670],[108.367,-6.698],[108.358,-6.750],[108.400,-6.779],[108.393,-7.057],[108.385,-7.073],[108.357,-7.051],[108.342,-7.069],[108.209,-7.053],[108.155,-7.066],[108.137,-7.038],[108.180,-6.956],[108.216,-6.932],[108.213,-6.888],[108.193,-6.885],[108.178,-6.832],[108.159,-6.826],[108.159,-6.720],[108.043,-6.639],[108.071,-6.610],[108.075,-6.575],[108.119,-6.541],[108.162,-6.614],[108.223,-6.573],[108.276,-6.591],[108.280,-6.620],[108.294,-6.609],[108.31,-6.623],[108.315,-6.607]]]}},{"type":"Feature","id":"32.11","properties":{"kode":"32.11"},"geometry":{"type":"Polygon","coordinates":[[[108.043,-6.639],[108.159,-6.720],[108.159,-6.826],[108.178,-6.832],[108.193,-6.885],[108.213,-6.888],[108.216,-6.932],[108.180,-6.956],[108.137,-7.038],[108.082,-6.987],[108.042,-6.996],[107.926,-6.948],[107.842,-6.969],[107.752,-6.954],[107.744,-6.828],[107.773,-6.802],[107.807,-6.807],[107.836,-6.776],[107.827,-6.688],[107.851,-6.651],[107.849,-6.580],[107.906,-6.593],[108.018,-6.663],[108.043,-6.639]]]}},{"type":"Feature","id":"32.12","properties":{"kode":"32.12"},"geometry":{"type":"Polygon","coordinates":[[[108.539,-6.516],[108.457,-6.572],[108.438,-6.522],[108.394,-6.534],[108.305,-6.623],[108.223,-6.573],[108.162,-6.614],[108.119,-6.541],[108.075,-6.575],[108.071,-6.610],[108.028,-6.664],[107.851,-6.571],[107.892,-6.557],[107.920,-6.512],[107.886,-6.456],[107.895,-6.396],[107.923,-6.360],[107.919,-6.249],[108.131,-6.334],[108.208,-6.271],[108.202,-6.242],[108.173,-6.230],[108.198,-6.221],[108.332,-6.271],[108.348,-6.247],[108.385,-6.357],[108.448,-6.431],[108.535,-6.480],[108.539,-6.516]]]}},{"type":"Feature","id":"32.13","properties":{"kode":"32.13"},"geometry":{"type":"Polygon","coordinates":[[[107.919,-6.249],[107.923,-6.360],[107.895,-6.396],[107.886,-6.456],[107.920,-6.512],[107.892,-6.557],[107.851,-6.571],[107.851,-6.651],[107.827,-6.688],[107.836,-6.776],[107.8,-6.810],[107.733,-6.814],[107.600,-6.761],[107.589,-6.604],[107.557,-6.562],[107.563,-6.490],[107.526,-6.432],[107.579,-6.322],[107.582,-6.256],[107.642,-6.215],[107.669,-6.238],[107.699,-6.225],[107.721,-6.237],[107.761,-6.214],[107.805,-6.220],[107.818,-6.187],[107.849,-6.189],[107.856,-6.212],[107.886,-6.182],[107.888,-6.224],[107.919,-6.249]]]}},{"type":"Feature","id":"32.14","properties":{"kode":"32.14"},"geometry":{"type":"Polygon","coordinates":[[[107.529,-6.418],[107.563,-6.490],[107.557,-6.562],[107.585,-6.591],[107.579,-6.635],[107.598,-6.653],[107.593,-6.728],[107.571,-6.736],[107.561,-6.773],[107.416,-6.690],[107.343,-6.694],[107.302,-6.728],[107.251,-6.693],[107.262,-6.634],[107.220,-6.590],[107.284,-6.530],[107.289,-6.501],[107.340,-6.479],[107.390,-6.510],[107.373,-6.468],[107.432,-6.459],[107.500,-6.408],[107.529,-6.418]]]}},{"type":"Feature","id":"32.15","properties":{"kode":"32.15"},"geometry":{"type":"Polygon","coordinates":[[[107.642,-6.215],[107.582,-6.256],[107.579,-6.322],[107.534,-6.414],[107.500,-6.408],[107.432,-6.459],[107.373,-6.468],[107.390,-6.510],[107.350,-6.481],[107.305,-6.491],[107.247,-6.574],[107.205,-6.587],[107.165,-6.503],[107.182,-6.467],[107.216,-6.461],[107.202,-6.413],[107.220,-6.408],[107.205,-6.370],[107.226,-6.349],[107.220,-6.313],[107.276,-6.267],[107.273,-6.215],[107.296,-6.202],[107.268,-6.114],[107.143,-6.070],[107.096,-6.027],[107.098,-5.939],[107.169,-5.989],[107.266,-5.960],[107.345,-5.971],[107.473,-6.148],[107.620,-6.187],[107.642,-6.215]]]}},{"type":"Feature","id":"32.16","properties":{"kode":"32.16"},"geometry":{"type":"Polygon","coordinates":[[[107.098,-5.939],[107.096,-6.027],[107.143,-6.070],[107.268,-6.114],[107.296,-6.202],[107.273,-6.215],[107.276,-6.267],[107.220,-6.313],[107.226,-6.349],[107.205,-6.370],[107.220,-6.408],[107.202,-6.413],[107.216,-6.461],[107.174,-6.485],[107.059,-6.431],[107.062,-6.399],[107.01,-6.402],[106.991,-6.363],[107.014,-6.358],[107.016,-6.330],[107.037,-6.321],[107.040,-6.287],[107.014,-6.279],[107.042,-6.233],[107.033,-6.198],[107.006,-6.193],[107.010,-6.172],[106.971,-6.167],[106.97,-6.090],[107.009,-6.077],[106.973,-6.049],[107.016,-6.034],[106.994,-6.028],[106.994,-6.007],[107.016,-5.959],[106.990,-5.937],[107.007,-5.920],[107.034,-5.926],[107.032,-5.956],[107.076,-5.968],[107.062,-5.930],[107.098,-5.939]]]}},{"type":"Feature","id":"32.17","properties":{"kode":"32.17"},"geometry":{"type":"Polygon","coordinates":[[[107.593,-6.728],[107.600,-6.761],[107.746,-6.813],[107.703,-6.840],[107.661,-6.832],[107.623,-6.861],[107.594,-6.841],[107.571,-6.882],[107.539,-6.832],[107.510,-6.901],[107.531,-6.939],[107.469,-6.999],[107.472,-7.053],[107.424,-7.051],[107.407,-7.091],[107.319,-7.106],[107.253,-7.049],[107.183,-7.057],[107.190,-6.968],[107.283,-6.923],[107.349,-6.866],[107.284,-6.774],[107.297,-6.73],[107.343,-6.694],[107.407,-6.689],[107.452,-6.700],[107.554,-6.774],[107.571,-6.736],[107.593,-6.728]]]}},{"type":"Feature","id":"32.18","properties":{"kode":"32.18"},"geometry":{"type":"Polygon","coordinates":[[[108.718,-7.469],[108.754,-7.559],[108.737,-7.610],[108.800,-7.667],[108.793,-7.691],[108.695,-7.675],[108.658,-7.700],[108.671,-7.729],[108.640,-7.687],[108.538,-7.691],[108.501,-7.713],[108.495,-7.793],[108.446,-7.819],[108.342,-7.819],[108.313,-7.724],[108.331,-7.715],[108.316,-7.693],[108.365,-7.660],[108.354,-7.567],[108.333,-7.550],[108.339,-7.494],[108.399,-7.479],[108.485,-7.528],[108.520,-7.523],[108.534,-7.535],[108.524,-7.568],[108.551,-7.574],[108.646,-7.540],[108.659,-7.513],[108.648,-7.467],[108.718,-7.469]]]}},{"type":"Feature","id":"32.71","properties":{"kode":"32.71"},"geometry":{"type":"Polygon","coordinates":[[[106.779,-6.515],[106.790,-6.544],[106.829,-6.550],[106.843,-6.678],[106.799,-6.644],[106.772,-6.653],[106.790,-6.627],[106.735,-6.565],[106.779,-6.515]]]}},{"type":"Feature","id":"32.72","properties":{"kode":"32.72"},"geometry":{"type":"Polygon","coordinates":[[[106.914,-6.892],[106.954,-6.904],[106.952,-6.964],[106.873,-6.974],[106.910,-6.954],[106.914,-6.892]]]}},{"type":"Feature","id":"32.73","properties":{"kode":"32.73"},"geometry":{"type":"Polygon","coordinates":[[[107.594,-6.841],[107.643,-6.893],[107.739,-6.902],[107.716,-6.961],[107.561,-6.949],[107.545,-6.926],[107.565,-6.929],[107.556,-6.889],[107.576,-6.891],[107.594,-6.841]]]}},{"type":"Feature","id":"32.74","properties":{"kode":"32.74"},"geometry":{"type":"Polygon","coordinates":[[[108.562,-6.691],[108.591,-6.743],[108.560,-6.755],[108.544,-6.796],[108.519,-6.740],[108.548,-6.725],[108.542,-6.696],[108.562,-6.691]]]}},{"type":"Feature","id":"32.75","properties":{"kode":"32.75"},"geometry":{"type":"Polygon","coordinates":[[[107.014,-6.358],[106.969,-6.349],[106.980,-6.315],[106.966,-6.303],[106.936,-6.382],[106.897,-6.396],[106.922,-6.314],[106.905,-6.260],[106.944,-6.252],[106.973,-6.175],[107.010,-6.172],[107.006,-6.193],[107.033,-6.198],[107.042,-6.233],[107.014,-6.286],[107.029,-6.278],[107.041,-6.295],[107.014,-6.358]]]}},{"type":"Feature","id":"32.76","properties":{"kode":"32.76"},"geometry":{"type":"Polygon","coordinates":[[[106.84,-6.335],[106.884,-6.372],[106.914,-6.365],[106.897,-6.396],[106.917,-6.408],[106.882,-6.456],[106.855,-6.455],[106.851,-6.436],[106.824,-6.461],[106.823,-6.444],[106.738,-6.438],[106.721,-6.360],[106.769,-6.361],[106.779,-6.316],[106.809,-6.314],[106.794,-6.364],[106.835,-6.355],[106.84,-6.335]]]}},{"type":"Feature","id":"32.77","properties":{"kode":"32.77"},"geometry":{"type":"Polygon","coordinates":[[[107.571,-6.882],[107.556,-6.889],[107.564,-6.932],[107.515,-6.912],[107.539,-6.832],[107.571,-6.882]]]}},{"type":"Feature","id":"32.78","properties":{"kode":"32.78"},"geometry":{"type":"Polygon","coordinates":[[[108.309,-7.337],[108.265,-7.375],[108.282,-7.384],[108.268,-7.425],[108.187,-7.446],[108.154,-7.292],[108.193,-7.269],[108.240,-7.311],[108.309,-7.337]]]}},{"type":"Feature","id":"32.79","properties":{"kode":"32.79"},"geometry":{"type":"Polygon","coordinates":[[[108.656,-7.339],[108.650,-7.388],[108.636,-7.381],[108.615,-7.405],[108.600,-7.394],[108.564,-7.439],[108.543,-7.412],[108.469,-7.380],[108.489,-7.35],[108.524,-7.359],[108.559,-7.332],[108.6,-7.350],[108.656,-7.339]]]}},{"type":"Feature","id":"33.01","properties":{"kode":"33.01"},"geometry":{"type":"MultiPolygon","coordinates":[[[[108.695,-7.151],[108.724,-7.195],[108.815,-7.203],[108.818,-7.231],[108.857,-7.239],[108.864,-7.270],[108.975,-7.334],[108.949,-7.362],[108.938,-7.417],[108.890,-7.452],[108.899,-7.472],[108.956,-7.47],[108.972,-7.518],[109.066,-7.573],[109.154,-7.578],[109.180,-7.549],[109.211,-7.562],[109.267,-7.592],[109.261,-7.619],[109.358,-7.639],[109.390,-7.67],[109.391,-7.726],[109.107,-7.682],[109.035,-7.712],[109.020,-7.752],[108.967,-7.712],[108.938,-7.719],[108.925,-7.706],[108.921,-7.708],[108.907,-7.707],[108.897,-7.709],[108.860,-7.659],[108.801,-7.672],[108.764,-7.650],[108.737,-7.610],[108.754,-7.559],[108.717,-7.480],[108.721,-7.434],[108.676,-7.357],[108.656,-7.339],[108.6,-7.350],[108.559,-7.332],[108.556,-7.287],[108.585,-7.240],[108.562,-7.171],[108.635,-7.138],[108.657,-7.156],[108.695,-7.151]]],[[[108.801,-7.679],[108.875,-7.709],[108.938,-7.721],[108.963,-7.718],[109.05,-7.775],[108.799,-7.742],[108.786,-7.736],[108.801,-7.679]]]]}},{"type":"Feature","id":"33.02","properties":{"kode":"33.02"},"geometry":{"type":"Polygon","coordinates":[[[109.361,-7.485],[109.364,-7.517],[109.403,-7.540],[109.433,-7.536],[109.416,-7.571],[109.446,-7.620],[109.415,-7.648],[109.390,-7.643],[109.381,-7.665],[109.358,-7.639],[109.261,-7.619],[109.267,-7.592],[109.180,-7.549],[109.154,-7.578],[109.066,-7.573],[108.972,-7.518],[108.956,-7.47],[108.899,-7.472],[108.890,-7.452],[108.938,-7.417],[108.949,-7.362],[108.975,-7.334],[109.025,-7.326],[109.034,-7.351],[109.063,-7.339],[109.087,-7.295],[109.223,-7.246],[109.333,-7.429],[109.341,-7.457],[109.321,-7.483],[109.361,-7.485]]]}},{"type":"Feature","id":"33.03","properties":{"kode":"33.03"},"geometry":{"type":"Polygon","coordinates":[[[109.532,-7.231],[109.584,-7.293],[109.562,-7.332],[109.527,-7.323],[109.518,-7.343],[109.548,-7.402],[109.501,-7.412],[109.507,-7.448],[109.450,-7.446],[109.418,-7.479],[109.321,-7.483],[109.341,-7.449],[109.226,-7.238],[109.382,-7.190],[109.410,-7.201],[109.443,-7.163],[109.478,-7.223],[109.532,-7.231]]]}},{"type":"Feature","id":"33.04","properties":{"kode":"33.04"},"geometry":{"type":"Polygon","coordinates":[[[109.916,-7.189],[109.907,-7.220],[109.861,-7.232],[109.760,-7.386],[109.829,-7.419],[109.832,-7.446],[109.765,-7.436],[109.687,-7.502],[109.639,-7.48],[109.593,-7.513],[109.545,-7.522],[109.495,-7.506],[109.403,-7.540],[109.364,-7.517],[109.361,-7.485],[109.400,-7.468],[109.418,-7.479],[109.450,-7.446],[109.507,-7.448],[109.501,-7.412],[109.548,-7.402],[109.518,-7.343],[109.527,-7.323],[109.562,-7.332],[109.584,-7.293],[109.538,-7.244],[109.589,-7.207],[109.611,-7.210],[109.634,-7.177],[109.679,-7.172],[109.689,-7.195],[109.727,-7.201],[109.799,-7.171],[109.833,-7.189],[109.916,-7.189]]]}},{"type":"Feature","id":"33.05","properties":{"kode":"33.05"},"geometry":{"type":"Polygon","coordinates":[[[109.752,-7.446],[109.773,-7.519],[109.738,-7.535],[109.731,-7.558],[109.760,-7.601],[109.814,-7.601],[109.798,-7.696],[109.832,-7.723],[109.823,-7.831],[109.554,-7.770],[109.467,-7.758],[109.416,-7.771],[109.387,-7.755],[109.383,-7.653],[109.446,-7.620],[109.416,-7.571],[109.436,-7.527],[109.495,-7.506],[109.545,-7.522],[109.593,-7.513],[109.639,-7.48],[109.687,-7.502],[109.752,-7.446]]]}},{"type":"Feature","id":"33.06","properties":{"kode":"33.06"},"geometry":{"type":"Polygon","coordinates":[[[109.973,-7.535],[109.968,-7.562],[109.997,-7.589],[110.017,-7.586],[110.034,-7.532],[110.058,-7.574],[110.101,-7.569],[110.141,-7.644],[110.115,-7.673],[110.138,-7.694],[110.129,-7.749],[110.063,-7.812],[110.033,-7.892],[109.823,-7.831],[109.832,-7.723],[109.798,-7.696],[109.816,-7.594],[109.871,-7.548],[109.867,-7.531],[109.901,-7.517],[109.973,-7.535]]]}},{"type":"Feature","id":"33.07","properties":{"kode":"33.07"},"geometry":{"type":"Polygon","coordinates":[[[109.927,-7.190],[110.074,-7.385],[110.045,-7.534],[110.017,-7.586],[109.997,-7.589],[109.968,-7.562],[109.973,-7.535],[109.901,-7.517],[109.867,-7.531],[109.871,-7.548],[109.800,-7.611],[109.769,-7.605],[109.731,-7.558],[109.738,-7.535],[109.773,-7.519],[109.752,-7.446],[109.832,-7.446],[109.829,-7.419],[109.760,-7.386],[109.861,-7.232],[109.907,-7.220],[109.927,-7.190]]]}},{"type":"Feature","id":"33.08","properties":{"kode":"33.08"},"geometry":{"type":"Polygon","coordinates":[[[110.439,-7.453],[110.416,-7.495],[110.384,-7.508],[110.445,-7.541],[110.303,-7.655],[110.269,-7.706],[110.263,-7.646],[110.147,-7.65],[110.101,-7.569],[110.058,-7.574],[110.044,-7.534],[110.078,-7.382],[110.194,-7.380],[110.212,-7.398],[110.236,-7.372],[110.268,-7.381],[110.314,-7.354],[110.326,-7.323],[110.379,-7.334],[110.439,-7.453]]]}},{"type":"Feature","id":"33.09","properties":{"kode":"33.09"},"geometry":{"type":"Polygon","coordinates":[[[110.838,-7.262],[110.793,-7.278],[110.803,-7.327],[110.786,-7.363],[110.801,-7.369],[110.769,-7.415],[110.782,-7.432],[110.770,-7.440],[110.804,-7.459],[110.815,-7.522],[110.709,-7.532],[110.726,-7.553],[110.702,-7.593],[110.600,-7.569],[110.597,-7.588],[110.574,-7.581],[110.531,-7.626],[110.465,-7.545],[110.386,-7.513],[110.480,-7.402],[110.507,-7.406],[110.517,-7.439],[110.555,-7.449],[110.575,-7.425],[110.596,-7.451],[110.582,-7.439],[110.565,-7.443],[110.601,-7.490],[110.659,-7.497],[110.655,-7.472],[110.628,-7.464],[110.645,-7.446],[110.621,-7.454],[110.641,-7.324],[110.606,-7.332],[110.599,-7.291],[110.637,-7.263],[110.623,-7.222],[110.692,-7.239],[110.705,-7.215],[110.689,-7.192],[110.742,-7.139],[110.761,-7.187],[110.785,-7.195],[110.766,-7.244],[110.788,-7.243],[110.830,-7.197],[110.858,-7.211],[110.828,-7.239],[110.838,-7.262]]]}},{"type":"Feature","id":"33.10","properties":{"kode":"33.10"},"geometry":{"type":"Polygon","coordinates":[[[110.600,-7.569],[110.740,-7.598],[110.763,-7.635],[110.795,-7.643],[110.769,-7.716],[110.708,-7.805],[110.681,-7.806],[110.672,-7.786],[110.656,-7.804],[110.649,-7.792],[110.579,-7.805],[110.582,-7.789],[110.531,-7.797],[110.491,-7.766],[110.445,-7.541],[110.540,-7.628],[110.544,-7.604],[110.574,-7.581],[110.597,-7.588],[110.600,-7.569]]]}},{"type":"Feature","id":"33.11","properties":{"kode":"33.11"},"geometry":{"type":"Polygon","coordinates":[[[110.770,-7.545],[110.782,-7.575],[110.802,-7.571],[110.821,-7.595],[110.861,-7.567],[110.912,-7.584],[110.906,-7.613],[110.945,-7.618],[110.954,-7.683],[110.937,-7.778],[110.871,-7.749],[110.849,-7.816],[110.804,-7.791],[110.758,-7.825],[110.714,-7.791],[110.769,-7.716],[110.795,-7.643],[110.763,-7.635],[110.740,-7.598],[110.702,-7.593],[110.726,-7.553],[110.711,-7.548],[110.770,-7.545]]]}},{"type":"Feature","id":"33.12","properties":{"kode":"33.12"},"geometry":{"type":"Polygon","coordinates":[[[111.181,-7.710],[111.236,-7.750],[111.288,-7.743],[111.281,-7.784],[111.314,-7.851],[111.296,-7.858],[111.28,-7.918],[111.230,-7.948],[111.182,-7.915],[111.154,-7.922],[111.125,-7.970],[111.135,-8.021],[111.111,-8.063],[111.079,-8.042],[111.034,-8.079],[110.953,-8.061],[110.906,-8.120],[110.900,-8.211],[110.834,-8.203],[110.837,-8.176],[110.814,-8.180],[110.813,-8.161],[110.829,-8.135],[110.804,-8.161],[110.785,-8.150],[110.755,-8.024],[110.782,-7.804],[110.832,-7.795],[110.849,-7.816],[110.871,-7.749],[110.937,-7.778],[110.941,-7.739],[110.959,-7.733],[110.971,-7.763],[111.020,-7.76],[111.047,-7.782],[111.050,-7.759],[111.112,-7.746],[111.146,-7.709],[111.181,-7.710]]]}},{"type":"Feature","id":"33.13","properties":{"kode":"33.13"},"geometry":{"type":"MultiPolygon","coordinates":[[[[111.127,-7.511],[111.168,-7.590],[111.196,-7.609],[111.181,-7.710],[111.146,-7.709],[111.112,-7.746],[111.050,-7.759],[111.047,-7.782],[111.020,-7.76],[110.971,-7.763],[110.959,-7.733],[110.941,-7.739],[110.945,-7.618],[110.906,-7.613],[110.912,-7.584],[110.861,-7.567],[110.854,-7.535],[110.817,-7.528],[110.804,-7.459],[111.042,-7.536],[111.040,-7.511],[111.063,-7.496],[111.079,-7.499],[111.081,-7.527],[111.111,-7.530],[111.127,-7.511]]],[[[110.800,-7.533],[110.796,-7.548],[110.708,-7.540],[110.749,-7.523],[110.800,-7.533]]]]}},{"type":"Feature","id":"33.14","properties":{"kode":"33.14"},"geometry":{"type":"Polygon","coordinates":[[[111.148,-7.264],[111.135,-7.299],[111.155,-7.313],[111.119,-7.425],[111.148,-7.525],[111.127,-7.511],[111.111,-7.530],[111.081,-7.527],[111.079,-7.499],[111.063,-7.496],[111.040,-7.511],[111.042,-7.536],[110.770,-7.440],[110.772,-7.392],[110.801,-7.369],[110.786,-7.363],[110.804,-7.262],[110.901,-7.282],[110.972,-7.281],[111.029,-7.256],[111.057,-7.270],[111.107,-7.247],[111.148,-7.264]]]}},{"type":"Feature","id":"33.15","properties":{"kode":"33.15"},"geometry":{"type":"Polygon","coordinates":[[[111.243,-7.238],[111.148,-7.264],[111.107,-7.247],[110.972,-7.281],[110.873,-7.275],[110.827,-7.248],[110.858,-7.211],[110.849,-7.201],[110.830,-7.197],[110.788,-7.243],[110.766,-7.244],[110.785,-7.195],[110.761,-7.187],[110.742,-7.139],[110.689,-7.192],[110.705,-7.215],[110.683,-7.241],[110.644,-7.219],[110.610,-7.226],[110.607,-7.195],[110.539,-7.182],[110.574,-7.152],[110.581,-7.119],[110.561,-7.090],[110.605,-7.049],[110.624,-6.975],[110.671,-6.976],[110.673,-7.008],[110.690,-7.017],[110.670,-7.042],[110.674,-7.052],[110.693,-7.018],[110.730,-7.032],[110.762,-7.021],[110.778,-6.948],[110.828,-7.001],[110.880,-6.970],[110.892,-6.984],[110.914,-6.965],[111.060,-6.969],[111.085,-6.961],[111.098,-6.930],[111.110,-6.977],[111.171,-6.985],[111.218,-7.030],[111.217,-7.098],[111.249,-7.177],[111.243,-7.238]]]}},{"type":"Feature","id":"33.16","properties":{"kode":"33.16"},"geometry":{"type":"Polygon","coordinates":[[[111.225,-6.849],[111.377,-6.891],[111.425,-6.894],[111.453,-6.875],[111.533,-6.889],[111.543,-6.909],[111.585,-6.906],[111.567,-6.952],[111.623,-6.981],[111.613,-7.035],[111.629,-7.063],[111.587,-7.185],[111.566,-7.186],[111.539,-7.227],[111.487,-7.242],[111.490,-7.257],[111.451,-7.248],[111.451,-7.274],[111.438,-7.271],[111.423,-7.308],[111.455,-7.318],[111.459,-7.346],[111.441,-7.35],[111.459,-7.353],[111.462,-7.378],[111.420,-7.345],[111.344,-7.335],[111.344,-7.319],[111.284,-7.288],[111.243,-7.285],[111.222,-7.254],[111.243,-7.238],[111.249,-7.177],[111.217,-7.098],[111.218,-7.030],[111.171,-6.985],[111.110,-6.977],[111.103,-6.917],[111.203,-6.895],[111.225,-6.849]]]}},{"type":"Feature","id":"33.17","properties":{"kode":"33.17"},"geometry":{"type":"Polygon","coordinates":[[[111.691,-6.754],[111.660,-6.776],[111.655,-6.827],[111.619,-6.821],[111.602,-6.911],[111.453,-6.875],[111.425,-6.894],[111.377,-6.891],[111.263,-6.855],[111.234,-6.687],[111.382,-6.701],[111.461,-6.664],[111.492,-6.620],[111.562,-6.639],[111.691,-6.754]]]}},{"type":"Feature","id":"33.18","properties":{"kode":"33.18"},"geometry":{"type":"Polygon","coordinates":[[[111.234,-6.687],[111.263,-6.855],[111.225,-6.849],[111.203,-6.895],[111.143,-6.899],[111.131,-6.919],[111.117,-6.909],[111.089,-6.931],[111.085,-6.961],[111.060,-6.969],[110.914,-6.965],[110.905,-6.982],[110.867,-6.976],[110.851,-6.999],[110.804,-6.990],[110.814,-6.938],[110.844,-6.935],[110.857,-6.901],[110.882,-6.905],[110.882,-6.867],[110.949,-6.858],[110.977,-6.833],[110.961,-6.759],[110.923,-6.730],[110.937,-6.709],[110.898,-6.639],[110.912,-6.501],[110.968,-6.460],[110.969,-6.410],[111.045,-6.426],[111.063,-6.520],[111.126,-6.637],[111.234,-6.687]]]}},{"type":"Feature","id":"33.19","properties":{"kode":"33.19"},"geometry":{"type":"Polygon","coordinates":[[[110.902,-6.626],[110.937,-6.709],[110.923,-6.730],[110.961,-6.759],[110.977,-6.833],[110.949,-6.858],[110.882,-6.867],[110.882,-6.905],[110.857,-6.901],[110.844,-6.935],[110.814,-6.938],[110.804,-6.979],[110.778,-6.932],[110.831,-6.853],[110.758,-6.794],[110.793,-6.754],[110.829,-6.756],[110.820,-6.707],[110.838,-6.703],[110.859,-6.627],[110.902,-6.626]]]}},{"type":"Feature","id":"33.20","properties":{"kode":"33.20"},"geometry":{"type":"MultiPolygon","coordinates":[[[[110.969,-6.410],[110.968,-6.460],[110.912,-6.501],[110.902,-6.626],[110.866,-6.619],[110.838,-6.703],[110.820,-6.707],[110.829,-6.756],[110.793,-6.754],[110.758,-6.794],[110.705,-6.794],[110.667,-6.765],[110.664,-6.716],[110.624,-6.709],[110.596,-6.725],[110.647,-6.651],[110.643,-6.587],[110.661,-6.573],[110.644,-6.556],[110.683,-6.520],[110.664,-6.502],[110.691,-6.498],[110.724,-6.447],[110.836,-6.407],[110.969,-6.410]]],[[[110.484,-5.770],[110.475,-5.795],[110.494,-5.817],[110.481,-5.834],[110.450,-5.814],[110.484,-5.770]]],[[[110.463,-5.825],[110.477,-5.852],[110.446,-5.886],[110.416,-5.838],[110.463,-5.825]]]]}},{"type":"Feature","id":"33.21","properties":{"kode":"33.21"},"geometry":{"type":"Polygon","coordinates":[[[110.758,-6.794],[110.831,-6.853],[110.786,-6.910],[110.762,-7.021],[110.730,-7.032],[110.693,-7.018],[110.674,-7.052],[110.690,-7.017],[110.673,-7.008],[110.671,-6.976],[110.624,-6.975],[110.605,-7.049],[110.565,-7.075],[110.581,-7.119],[110.569,-7.148],[110.499,-7.118],[110.499,-7.096],[110.477,-7.087],[110.5,-7.066],[110.481,-7.044],[110.503,-6.981],[110.487,-6.946],[110.526,-6.933],[110.487,-6.914],[110.528,-6.928],[110.498,-6.904],[110.576,-6.772],[110.539,-6.756],[110.561,-6.750],[110.550,-6.728],[110.664,-6.716],[110.667,-6.765],[110.705,-6.794],[110.758,-6.794]]]}},{"type":"Feature","id":"33.22","properties":{"kode":"33.22"},"geometry":{"type":"Polygon","coordinates":[[[110.456,-7.080],[110.506,-7.123],[110.574,-7.152],[110.546,-7.192],[110.612,-7.2],[110.637,-7.263],[110.599,-7.291],[110.599,-7.315],[110.612,-7.335],[110.641,-7.324],[110.621,-7.454],[110.645,-7.446],[110.628,-7.464],[110.655,-7.472],[110.659,-7.497],[110.601,-7.490],[110.565,-7.443],[110.596,-7.451],[110.591,-7.438],[110.575,-7.425],[110.558,-7.449],[110.517,-7.439],[110.506,-7.406],[110.465,-7.408],[110.436,-7.452],[110.402,-7.363],[110.379,-7.334],[110.326,-7.323],[110.314,-7.309],[110.332,-7.296],[110.248,-7.207],[110.366,-7.175],[110.344,-7.156],[110.349,-7.105],[110.373,-7.096],[110.386,-7.115],[110.456,-7.080]]]}},{"type":"Feature","id":"33.23","properties":{"kode":"33.23"},"geometry":{"type":"Polygon","coordinates":[[[110.256,-7.194],[110.248,-7.207],[110.274,-7.251],[110.332,-7.296],[110.314,-7.309],[110.323,-7.341],[110.212,-7.398],[110.194,-7.380],[110.069,-7.384],[109.996,-7.300],[109.987,-7.251],[109.935,-7.201],[110.050,-7.124],[110.121,-7.093],[110.174,-7.098],[110.183,-7.078],[110.190,-7.107],[110.144,-7.136],[110.256,-7.194]]]}},{"type":"Feature","id":"33.24","properties":{"kode":"33.24"},"geometry":{"type":"Polygon","coordinates":[[[110.307,-6.929],[110.271,-7.041],[110.314,-7.107],[110.346,-7.088],[110.344,-7.156],[110.366,-7.175],[110.272,-7.199],[110.214,-7.185],[110.144,-7.136],[110.190,-7.107],[110.183,-7.078],[110.174,-7.098],[110.121,-7.093],[110.050,-7.124],[109.956,-7.194],[109.922,-7.186],[109.977,-7.081],[109.973,-7.034],[110.049,-6.980],[110.050,-6.943],[110.030,-6.929],[110.045,-6.921],[110.026,-6.911],[110.140,-6.875],[110.172,-6.84],[110.219,-6.861],[110.250,-6.906],[110.307,-6.929]]]}},{"type":"Feature","id":"33.25","properties":{"kode":"33.25"},"geometry":{"type":"Polygon","coordinates":[[[109.869,-6.915],[110.045,-6.921],[110.030,-6.929],[110.050,-6.943],[110.049,-6.980],[109.973,-7.034],[109.977,-7.081],[109.930,-7.180],[109.900,-7.194],[109.79,-7.167],[109.771,-7.113],[109.738,-7.100],[109.759,-7.067],[109.747,-6.998],[109.707,-6.986],[109.675,-6.933],[109.697,-6.926],[109.710,-6.867],[109.869,-6.915]]]}},{"type":"Feature","id":"33.26","properties":{"kode":"33.26"},"geometry":{"type":"Polygon","coordinates":[[[109.663,-6.850],[109.643,-6.920],[109.675,-6.926],[109.707,-6.986],[109.747,-6.998],[109.759,-7.067],[109.738,-7.100],[109.771,-7.113],[109.799,-7.171],[109.727,-7.201],[109.648,-7.172],[109.538,-7.244],[109.491,-7.120],[109.504,-7.1],[109.485,-7.045],[109.497,-6.965],[109.561,-6.924],[109.595,-6.841],[109.663,-6.850]]]}},{"type":"Feature","id":"33.27","properties":{"kode":"33.27"},"geometry":{"type":"Polygon","coordinates":[[[109.595,-6.841],[109.561,-6.924],[109.497,-6.965],[109.485,-7.030],[109.504,-7.1],[109.493,-7.134],[109.532,-7.231],[109.478,-7.223],[109.443,-7.163],[109.410,-7.201],[109.382,-7.190],[109.202,-7.246],[109.187,-7.136],[109.215,-7.129],[109.233,-7.080],[109.272,-7.056],[109.288,-6.999],[109.335,-6.957],[109.351,-6.861],[109.439,-6.840],[109.523,-6.774],[109.551,-6.818],[109.595,-6.841]]]}},{"type":"Feature","id":"33.28","properties":{"kode":"33.28"},"geometry":{"type":"Polygon","coordinates":[[[109.351,-6.861],[109.335,-6.957],[109.288,-6.999],[109.272,-7.056],[109.233,-7.080],[109.215,-7.129],[109.187,-7.136],[109.202,-7.246],[109.152,-7.242],[109.057,-7.191],[109.084,-7.147],[109.060,-7.123],[109.056,-7.15],[109.009,-7.135],[108.962,-7.147],[108.952,-7.123],[108.979,-7.120],[108.985,-7.095],[108.969,-7.060],[109.025,-7.043],[109.03,-6.987],[109.066,-6.975],[109.074,-6.993],[109.076,-6.889],[109.125,-6.898],[109.161,-6.844],[109.272,-6.873],[109.351,-6.861]]]}},{"type":"Feature","id":"33.29","properties":{"kode":"33.29"},"geometry":{"type":"Polygon","coordinates":[[[109.102,-6.840],[109.075,-6.875],[109.074,-6.993],[109.066,-6.975],[109.03,-6.987],[109.025,-7.043],[108.969,-7.060],[108.984,-7.111],[108.953,-7.128],[108.968,-7.150],[108.992,-7.135],[109.056,-7.15],[109.060,-7.123],[109.075,-7.13],[109.084,-7.147],[109.057,-7.191],[109.196,-7.249],[109.087,-7.295],[109.063,-7.339],[109.034,-7.351],[109.025,-7.326],[108.957,-7.336],[108.944,-7.308],[108.921,-7.313],[108.911,-7.288],[108.864,-7.270],[108.857,-7.239],[108.818,-7.231],[108.815,-7.203],[108.724,-7.195],[108.696,-7.166],[108.726,-7.115],[108.766,-7.113],[108.777,-7.095],[108.776,-7.042],[108.795,-7.017],[108.758,-6.984],[108.753,-6.918],[108.824,-6.832],[108.830,-6.784],[108.848,-6.818],[108.946,-6.824],[109.021,-6.792],[109.043,-6.802],[109.066,-6.758],[109.067,-6.783],[109.081,-6.779],[109.068,-6.809],[109.102,-6.840]]]}},{"type":"Feature","id":"33.71","properties":{"kode":"33.71"},"geometry":{"type":"Polygon","coordinates":[[[110.223,-7.434],[110.236,-7.496],[110.212,-7.506],[110.201,-7.490],[110.223,-7.434]]]}},{"type":"Feature","id":"33.72","properties":{"kode":"33.72"},"geometry":{"type":"Polygon","coordinates":[[[110.815,-7.522],[110.868,-7.548],[110.832,-7.594],[110.782,-7.575],[110.769,-7.551],[110.815,-7.522]]]}},{"type":"Feature","id":"33.73","properties":{"kode":"33.73"},"geometry":{"type":"Polygon","coordinates":[[[110.478,-7.290],[110.517,-7.292],[110.535,-7.353],[110.502,-7.389],[110.470,-7.350],[110.478,-7.290]]]}},{"type":"Feature","id":"33.74","properties":{"kode":"33.74"},"geometry":{"type":"Polygon","coordinates":[[[110.460,-6.933],[110.503,-6.981],[110.481,-7.044],[110.5,-7.066],[110.484,-7.081],[110.386,-7.115],[110.346,-7.088],[110.336,-7.104],[110.303,-7.097],[110.300,-7.064],[110.271,-7.041],[110.294,-6.946],[110.326,-6.968],[110.363,-6.966],[110.368,-6.947],[110.455,-6.954],[110.460,-6.933]]]}},{"type":"Feature","id":"33.75","properties":{"kode":"33.75"},"geometry":{"type":"Polygon","coordinates":[[[109.710,-6.867],[109.693,-6.931],[109.643,-6.920],[109.663,-6.850],[109.710,-6.867]]]}},{"type":"Feature","id":"33.76","properties":{"kode":"33.76"},"geometry":{"type":"Polygon","coordinates":[[[109.161,-6.844],[109.125,-6.898],[109.076,-6.889],[109.102,-6.840],[109.161,-6.844]]]}},{"type":"Feature","id":"34.01","properties":{"kode":"34.01"},"geometry":{"type":"Polygon","coordinates":[[[110.269,-7.706],[110.232,-7.713],[110.215,-7.741],[110.236,-7.798],[110.221,-7.837],[110.273,-7.893],[110.271,-7.924],[110.248,-7.927],[110.211,-7.985],[110.003,-7.888],[110.033,-7.892],[110.063,-7.812],[110.129,-7.749],[110.138,-7.694],[110.115,-7.673],[110.141,-7.644],[110.263,-7.646],[110.269,-7.706]]]}},{"type":"Feature","id":"34.02","properties":{"kode":"34.02"},"geometry":{"type":"Polygon","coordinates":[[[110.397,-7.788],[110.421,-7.786],[110.434,-7.836],[110.481,-7.817],[110.519,-7.830],[110.488,-7.837],[110.467,-7.869],[110.497,-7.905],[110.475,-7.964],[110.448,-7.947],[110.440,-7.967],[110.364,-7.973],[110.333,-7.995],[110.339,-8.028],[110.211,-7.985],[110.248,-7.927],[110.271,-7.924],[110.273,-7.893],[110.221,-7.837],[110.239,-7.808],[110.288,-7.785],[110.292,-7.835],[110.351,-7.768],[110.351,-7.825],[110.387,-7.839],[110.404,-7.831],[110.397,-7.788]]]}},{"type":"Feature","id":"34.03","properties":{"kode":"34.03"},"geometry":{"type":"Polygon","coordinates":[[[110.714,-7.791],[110.750,-7.824],[110.785,-7.816],[110.755,-8.024],[110.785,-8.150],[110.804,-8.161],[110.829,-8.135],[110.813,-8.161],[110.814,-8.180],[110.837,-8.176],[110.834,-8.203],[110.706,-8.196],[110.603,-8.145],[110.436,-8.099],[110.375,-8.071],[110.339,-8.028],[110.333,-7.995],[110.364,-7.973],[110.440,-7.967],[110.448,-7.947],[110.475,-7.964],[110.497,-7.905],[110.469,-7.862],[110.488,-7.837],[110.541,-7.823],[110.555,-7.784],[110.588,-7.807],[110.649,-7.792],[110.656,-7.804],[110.672,-7.786],[110.698,-7.807],[110.714,-7.791]]]}},{"type":"Feature","id":"34.04","properties":{"kode":"34.04"},"geometry":{"type":"Polygon","coordinates":[[[110.543,-7.792],[110.541,-7.823],[110.481,-7.817],[110.434,-7.836],[110.421,-7.786],[110.351,-7.768],[110.292,-7.835],[110.288,-7.785],[110.233,-7.815],[110.215,-7.741],[110.445,-7.541],[110.491,-7.766],[110.543,-7.792]]]}},{"type":"Feature","id":"34.71","properties":{"kode":"34.71"},"geometry":{"type":"Polygon","coordinates":[[[110.397,-7.788],[110.404,-7.831],[110.351,-7.825],[110.351,-7.768],[110.397,-7.788]]]}},{"type":"Feature","id":"35.01","properties":{"kode":"35.01"},"geometry":{"type":"Polygon","coordinates":[[[111.28,-7.918],[111.349,-7.979],[111.344,-8.006],[111.366,-8.030],[111.346,-8.066],[111.362,-8.099],[111.348,-8.115],[111.380,-8.137],[111.377,-8.16],[111.426,-8.175],[111.393,-8.229],[111.398,-8.277],[111.310,-8.257],[111.284,-8.271],[111.261,-8.247],[111.145,-8.278],[111.104,-8.252],[111.093,-8.221],[111.076,-8.222],[111.076,-8.244],[111.028,-8.256],[110.900,-8.211],[110.906,-8.120],[110.953,-8.061],[111.034,-8.079],[111.079,-8.042],[111.111,-8.063],[111.135,-8.021],[111.125,-7.970],[111.154,-7.922],[111.182,-7.915],[111.230,-7.948],[111.28,-7.918]]]}},{"type":"Feature","id":"35.02","properties":{"kode":"35.02"},"geometry":{"type":"Polygon","coordinates":[[[111.750,-7.799],[111.785,-7.833],[111.769,-7.886],[111.755,-7.908],[111.748,-7.88],[111.701,-7.896],[111.688,-7.933],[111.655,-7.940],[111.653,-8.020],[111.636,-8.002],[111.535,-8.059],[111.527,-8.107],[111.483,-8.108],[111.477,-8.173],[111.377,-8.16],[111.380,-8.137],[111.348,-8.115],[111.362,-8.099],[111.346,-8.066],[111.366,-8.030],[111.344,-8.006],[111.349,-7.979],[111.28,-7.918],[111.296,-7.858],[111.314,-7.851],[111.288,-7.793],[111.466,-7.777],[111.57,-7.802],[111.658,-7.766],[111.694,-7.804],[111.750,-7.799]]]}},{"type":"Feature","id":"35.03","properties":{"kode":"35.03"},"geometry":{"type":"Polygon","coordinates":[[[111.748,-7.88],[111.738,-7.958],[111.759,-7.983],[111.754,-8.030],[111.846,-8.106],[111.822,-8.134],[111.733,-8.142],[111.718,-8.168],[111.716,-8.191],[111.740,-8.203],[111.727,-8.242],[111.751,-8.288],[111.769,-8.288],[111.776,-8.325],[111.753,-8.339],[111.745,-8.304],[111.712,-8.291],[111.714,-8.32],[111.688,-8.335],[111.722,-8.367],[111.697,-8.379],[111.625,-8.350],[111.617,-8.32],[111.605,-8.339],[111.550,-8.306],[111.527,-8.331],[111.478,-8.305],[111.463,-8.322],[111.445,-8.301],[111.448,-8.269],[111.403,-8.270],[111.403,-8.197],[111.438,-8.164],[111.477,-8.173],[111.483,-8.108],[111.527,-8.107],[111.535,-8.059],[111.573,-8.047],[111.590,-8.019],[111.636,-8.002],[111.653,-8.020],[111.663,-7.968],[111.647,-7.954],[111.688,-7.933],[111.701,-7.896],[111.748,-7.88]]]}},{"type":"Feature","id":"35.04","properties":{"kode":"35.04"},"geometry":{"type":"Polygon","coordinates":[[[111.799,-7.836],[111.802,-7.865],[111.863,-7.907],[111.882,-7.947],[111.944,-7.953],[111.996,-8.092],[112.120,-8.124],[112.115,-8.158],[112.078,-8.187],[112.028,-8.169],[112.033,-8.309],[111.950,-8.277],[111.938,-8.305],[111.905,-8.303],[111.848,-8.263],[111.832,-8.281],[111.795,-8.255],[111.758,-8.290],[111.727,-8.242],[111.740,-8.203],[111.715,-8.183],[111.733,-8.142],[111.822,-8.134],[111.846,-8.106],[111.754,-8.030],[111.759,-7.983],[111.738,-7.958],[111.771,-7.856],[111.799,-7.836]]]}},{"type":"Feature","id":"35.05","properties":{"kode":"35.05"},"geometry":{"type":"Polygon","coordinates":[[[112.433,-7.930],[112.478,-7.970],[112.453,-8.144],[112.366,-8.174],[112.389,-8.215],[112.388,-8.285],[112.359,-8.348],[112.296,-8.331],[112.241,-8.347],[112.219,-8.327],[112.139,-8.314],[112.029,-8.317],[112.028,-8.169],[112.078,-8.187],[112.115,-8.158],[112.120,-8.124],[111.996,-8.092],[111.955,-7.998],[111.974,-8.010],[111.977,-7.997],[112.090,-7.991],[112.096,-7.97],[112.178,-7.974],[112.311,-7.928],[112.370,-7.957],[112.433,-7.930]]]}},{"type":"Feature","id":"35.06","properties":{"kode":"35.06"},"geometry":{"type":"Polygon","coordinates":[[[112.417,-7.764],[112.411,-7.776],[112.396,-7.785],[112.349,-7.761],[112.328,-7.777],[112.287,-7.770],[112.325,-7.871],[112.306,-7.936],[112.178,-7.974],[112.096,-7.97],[112.090,-7.991],[111.977,-7.997],[111.974,-8.010],[111.944,-7.953],[111.882,-7.947],[111.797,-7.847],[111.954,-7.679],[111.985,-7.686],[111.988,-7.723],[112.021,-7.762],[112.028,-7.725],[112.075,-7.703],[112.110,-7.593],[112.165,-7.613],[112.257,-7.728],[112.310,-7.730],[112.396,-7.775],[112.417,-7.764]]]}},{"type":"Feature","id":"35.07","properties":{"kode":"35.07"},"geometry":{"type":"Polygon","coordinates":[[[112.417,-7.764],[112.455,-7.779],[112.489,-7.765],[112.499,-7.815],[112.478,-7.933],[112.595,-7.903],[112.564,-7.879],[112.592,-7.764],[112.632,-7.797],[112.731,-7.818],[112.805,-7.925],[112.935,-7.956],[112.926,-7.966],[112.945,-7.979],[112.900,-8.061],[112.925,-8.110],[112.904,-8.192],[112.922,-8.238],[112.913,-8.281],[112.947,-8.343],[112.937,-8.381],[112.914,-8.394],[112.899,-8.380],[112.897,-8.401],[112.871,-8.408],[112.843,-8.400],[112.833,-8.368],[112.814,-8.399],[112.77,-8.387],[112.743,-8.418],[112.651,-8.447],[112.552,-8.401],[112.443,-8.397],[112.372,-8.374],[112.359,-8.348],[112.388,-8.285],[112.389,-8.215],[112.366,-8.174],[112.453,-8.144],[112.477,-7.964],[112.453,-7.927],[112.370,-7.957],[112.306,-7.929],[112.325,-7.871],[112.287,-7.770],[112.328,-7.777],[112.349,-7.761],[112.396,-7.785],[112.417,-7.764]]]}},{"type":"Feature","id":"35.08","properties":{"kode":"35.08"},"geometry":{"type":"Polygon","coordinates":[[[113.361,-8.027],[113.348,-8.054],[113.379,-8.157],[113.353,-8.203],[113.313,-8.228],[113.303,-8.307],[113.217,-8.283],[113.079,-8.287],[112.984,-8.320],[112.946,-8.353],[112.913,-8.281],[112.922,-8.238],[112.904,-8.192],[112.925,-8.110],[112.900,-8.061],[112.940,-7.981],[113.009,-7.963],[113.059,-8.010],[113.078,-7.984],[113.112,-7.995],[113.149,-7.979],[113.205,-7.926],[113.209,-7.9],[113.261,-7.899],[113.274,-7.925],[113.341,-7.943],[113.361,-8.027]]]}},{"type":"Feature","id":"35.09","properties":{"kode":"35.09"},"geometry":{"type":"MultiPolygon","coordinates":[[[[114.046,-8.125],[113.957,-8.207],[113.966,-8.232],[113.910,-8.346],[113.945,-8.403],[113.911,-8.441],[113.890,-8.410],[113.854,-8.431],[113.842,-8.494],[113.855,-8.516],[113.837,-8.553],[113.833,-8.527],[113.807,-8.556],[113.811,-8.499],[113.796,-8.489],[113.734,-8.525],[113.714,-8.52],[113.718,-8.484],[113.689,-8.505],[113.685,-8.491],[113.646,-8.494],[113.639,-8.454],[113.485,-8.415],[113.466,-8.381],[113.387,-8.399],[113.303,-8.307],[113.313,-8.228],[113.353,-8.203],[113.379,-8.157],[113.348,-8.054],[113.391,-7.997],[113.465,-8.027],[113.480,-7.997],[113.532,-8.009],[113.562,-7.982],[113.613,-7.990],[113.670,-7.968],[113.687,-8.011],[113.726,-8.023],[113.747,-8.061],[113.772,-8.038],[113.802,-8.057],[113.853,-8.044],[113.845,-8.021],[113.868,-8.032],[113.895,-8.016],[114.002,-8.074],[114.046,-8.125]]],[[[113.296,-8.444],[113.389,-8.453],[113.420,-8.470],[113.399,-8.496],[113.307,-8.509],[113.265,-8.489],[113.296,-8.444]]]]}},{"type":"Feature","id":"35.10","properties":{"kode":"35.10"},"geometry":{"type":"Polygon","coordinates":[[[114.424,-7.935],[114.430,-8.064],[114.398,-8.123],[114.380,-8.204],[114.390,-8.234],[114.340,-8.417],[114.370,-8.479],[114.352,-8.529],[114.378,-8.527],[114.389,-8.447],[114.422,-8.604],[114.450,-8.639],[114.481,-8.618],[114.514,-8.650],[114.570,-8.660],[114.605,-8.717],[114.586,-8.764],[114.532,-8.780],[114.345,-8.742],[114.376,-8.704],[114.370,-8.672],[114.331,-8.631],[114.265,-8.603],[114.228,-8.601],[114.220,-8.644],[114.096,-8.614],[114.048,-8.645],[114.014,-8.589],[113.956,-8.613],[113.947,-8.599],[113.967,-8.579],[113.943,-8.557],[113.909,-8.579],[113.837,-8.553],[113.855,-8.516],[113.842,-8.494],[113.854,-8.431],[113.890,-8.410],[113.911,-8.441],[113.945,-8.403],[113.910,-8.346],[113.970,-8.189],[114.046,-8.125],[114.146,-8.101],[114.183,-8.121],[114.213,-8.1],[114.248,-8.043],[114.225,-7.983],[114.299,-7.885],[114.424,-7.935]]]}},{"type":"Feature","id":"35.11","properties":{"kode":"35.11"},"geometry":{"type":"Polygon","coordinates":[[[114.224,-7.986],[114.248,-8.043],[114.213,-8.1],[114.183,-8.121],[114.146,-8.101],[114.053,-8.128],[114.002,-8.074],[113.895,-8.016],[113.868,-8.032],[113.845,-8.021],[113.853,-8.044],[113.802,-8.057],[113.772,-8.038],[113.747,-8.061],[113.726,-8.023],[113.687,-8.011],[113.670,-7.968],[113.623,-7.961],[113.722,-7.879],[113.739,-7.789],[113.801,-7.816],[113.836,-7.812],[113.849,-7.795],[113.936,-7.791],[113.950,-7.765],[113.992,-7.777],[114.009,-7.755],[114.079,-7.770],[114.125,-7.983],[114.176,-7.969],[114.224,-7.986]]]}},{"type":"Feature","id":"35.12","properties":{"kode":"35.12"},"geometry":{"type":"Polygon","coordinates":[[[114.424,-7.935],[114.299,-7.885],[114.224,-7.986],[114.176,-7.969],[114.132,-7.988],[114.079,-7.770],[114.009,-7.755],[113.992,-7.777],[113.950,-7.765],[113.936,-7.791],[113.849,-7.795],[113.836,-7.812],[113.801,-7.816],[113.739,-7.789],[113.722,-7.879],[113.623,-7.961],[113.602,-7.783],[113.572,-7.742],[113.590,-7.716],[113.667,-7.736],[113.712,-7.708],[113.764,-7.737],[113.839,-7.684],[113.930,-7.700],[113.973,-7.650],[114.046,-7.609],[114.108,-7.707],[114.208,-7.717],[114.238,-7.697],[114.295,-7.748],[114.379,-7.756],[114.438,-7.789],[114.464,-7.825],[114.464,-7.886],[114.423,-7.917],[114.424,-7.935]]]}},{"type":"Feature","id":"35.13","properties":{"kode":"35.13"},"geometry":{"type":"Polygon","coordinates":[[[113.597,-7.715],[113.572,-7.742],[113.611,-7.824],[113.626,-7.916],[113.611,-7.948],[113.643,-7.973],[113.613,-7.990],[113.595,-7.976],[113.532,-8.009],[113.480,-7.997],[113.465,-8.027],[113.391,-7.997],[113.361,-8.027],[113.341,-7.943],[113.274,-7.925],[113.261,-7.899],[113.209,-7.9],[113.205,-7.926],[113.149,-7.979],[113.112,-7.995],[113.078,-7.984],[113.059,-8.010],[113.009,-7.963],[112.950,-7.987],[112.926,-7.966],[112.953,-7.942],[112.948,-7.908],[113.047,-7.819],[113.054,-7.748],[113.100,-7.702],[113.150,-7.739],[113.176,-7.725],[113.164,-7.779],[113.183,-7.790],[113.178,-7.810],[113.205,-7.804],[113.216,-7.820],[113.240,-7.797],[113.236,-7.739],[113.287,-7.783],[113.345,-7.770],[113.381,-7.736],[113.438,-7.734],[113.485,-7.698],[113.597,-7.715]]]}},{"type":"Feature","id":"35.14","properties":{"kode":"35.14"},"geometry":{"type":"Polygon","coordinates":[[[112.705,-7.545],[112.739,-7.573],[112.831,-7.552],[112.844,-7.577],[112.865,-7.573],[112.902,-7.625],[112.872,-7.633],[112.896,-7.684],[112.931,-7.668],[112.953,-7.621],[112.984,-7.656],[113.028,-7.644],[113.100,-7.702],[113.054,-7.748],[113.047,-7.819],[112.948,-7.908],[112.953,-7.942],[112.935,-7.956],[112.805,-7.925],[112.731,-7.818],[112.632,-7.797],[112.587,-7.762],[112.574,-7.732],[112.623,-7.666],[112.620,-7.615],[112.652,-7.597],[112.674,-7.550],[112.705,-7.545]]]}},{"type":"Feature","id":"35.15","properties":{"kode":"35.15"},"geometry":{"type":"Polygon","coordinates":[[[112.865,-7.573],[112.844,-7.577],[112.831,-7.552],[112.770,-7.574],[112.726,-7.570],[112.705,-7.545],[112.666,-7.561],[112.570,-7.479],[112.459,-7.437],[112.485,-7.409],[112.565,-7.398],[112.588,-7.371],[112.704,-7.336],[112.812,-7.346],[112.838,-7.330],[112.840,-7.481],[112.813,-7.478],[112.873,-7.537],[112.865,-7.573]]]}},{"type":"Feature","id":"35.16","properties":{"kode":"35.16"},"geometry":{"type":"Polygon","coordinates":[[[112.494,-7.408],[112.456,-7.447],[112.570,-7.479],[112.663,-7.558],[112.652,-7.597],[112.620,-7.615],[112.623,-7.666],[112.584,-7.722],[112.455,-7.779],[112.409,-7.644],[112.380,-7.635],[112.363,-7.552],[112.374,-7.487],[112.404,-7.461],[112.333,-7.454],[112.352,-7.411],[112.335,-7.363],[112.357,-7.328],[112.478,-7.304],[112.476,-7.384],[112.494,-7.408]]]}},{"type":"Feature","id":"35.17","properties":{"kode":"35.17"},"geometry":{"type":"Polygon","coordinates":[[[112.345,-7.345],[112.331,-7.379],[112.351,-7.416],[112.333,-7.454],[112.404,-7.461],[112.374,-7.487],[112.363,-7.552],[112.380,-7.635],[112.409,-7.644],[112.455,-7.779],[112.257,-7.728],[112.165,-7.613],[112.118,-7.604],[112.111,-7.566],[112.168,-7.491],[112.140,-7.459],[112.079,-7.473],[112.062,-7.417],[112.075,-7.384],[112.172,-7.357],[112.312,-7.364],[112.307,-7.351],[112.345,-7.345]]]}},{"type":"Feature","id":"35.18","properties":{"kode":"35.18"},"geometry":{"type":"Polygon","coordinates":[[[112.069,-7.397],[112.079,-7.473],[112.140,-7.459],[112.168,-7.491],[112.111,-7.566],[112.075,-7.703],[112.028,-7.725],[112.021,-7.762],[111.988,-7.723],[111.985,-7.686],[111.954,-7.679],[111.799,-7.836],[111.767,-7.823],[111.726,-7.778],[111.732,-7.726],[111.778,-7.655],[111.804,-7.545],[111.831,-7.548],[111.849,-7.509],[111.802,-7.457],[111.821,-7.439],[111.940,-7.440],[111.958,-7.429],[111.946,-7.405],[112.069,-7.397]]]}},{"type":"Feature","id":"35.19","properties":{"kode":"35.19"},"geometry":{"type":"Polygon","coordinates":[[[111.673,-7.410],[111.770,-7.469],[111.813,-7.463],[111.849,-7.509],[111.831,-7.548],[111.804,-7.545],[111.778,-7.655],[111.732,-7.726],[111.726,-7.778],[111.750,-7.799],[111.694,-7.804],[111.658,-7.766],[111.57,-7.802],[111.455,-7.783],[111.458,-7.725],[111.497,-7.699],[111.510,-7.659],[111.541,-7.658],[111.558,-7.599],[111.500,-7.607],[111.501,-7.658],[111.481,-7.660],[111.485,-7.633],[111.468,-7.641],[111.451,-7.620],[111.511,-7.538],[111.561,-7.546],[111.552,-7.528],[111.583,-7.521],[111.612,-7.466],[111.651,-7.451],[111.673,-7.410]]]}},{"type":"Feature","id":"35.20","properties":{"kode":"35.20"},"geometry":{"type":"Polygon","coordinates":[[[111.511,-7.538],[111.451,-7.620],[111.468,-7.641],[111.485,-7.633],[111.481,-7.660],[111.511,-7.648],[111.498,-7.697],[111.458,-7.725],[111.449,-7.778],[111.288,-7.793],[111.288,-7.743],[111.236,-7.750],[111.181,-7.710],[111.194,-7.618],[111.370,-7.573],[111.383,-7.537],[111.461,-7.509],[111.497,-7.513],[111.511,-7.538]]]}},{"type":"Feature","id":"35.21","properties":{"kode":"35.21"},"geometry":{"type":"Polygon","coordinates":[[[111.222,-7.254],[111.243,-7.285],[111.284,-7.288],[111.344,-7.319],[111.344,-7.335],[111.420,-7.345],[111.462,-7.378],[111.472,-7.357],[111.528,-7.372],[111.575,-7.348],[111.673,-7.411],[111.651,-7.451],[111.612,-7.466],[111.583,-7.521],[111.552,-7.528],[111.561,-7.546],[111.461,-7.509],[111.383,-7.537],[111.370,-7.573],[111.194,-7.618],[111.152,-7.561],[111.151,-7.497],[111.119,-7.409],[111.155,-7.313],[111.135,-7.299],[111.150,-7.260],[111.222,-7.254]]]}},{"type":"Feature","id":"35.22","properties":{"kode":"35.22"},"geometry":{"type":"Polygon","coordinates":[[[111.861,-7.129],[111.929,-7.132],[111.936,-7.159],[111.953,-7.131],[111.984,-7.163],[111.995,-7.114],[112.010,-7.130],[112.020,-7.067],[112.080,-7.065],[112.086,-7.086],[112.122,-7.088],[112.124,-7.108],[112.165,-7.112],[112.118,-7.211],[112.089,-7.227],[112.072,-7.333],[112.089,-7.368],[112.069,-7.397],[111.946,-7.405],[111.958,-7.429],[111.940,-7.440],[111.821,-7.439],[111.770,-7.469],[111.575,-7.348],[111.528,-7.372],[111.443,-7.360],[111.455,-7.318],[111.423,-7.308],[111.451,-7.248],[111.485,-7.259],[111.487,-7.242],[111.539,-7.227],[111.612,-7.138],[111.629,-7.063],[111.613,-7.035],[111.622,-6.986],[111.651,-6.999],[111.659,-7.039],[111.711,-7.080],[111.818,-7.088],[111.861,-7.129]]]}},{"type":"Feature","id":"35.23","properties":{"kode":"35.23"},"geometry":{"type":"Polygon","coordinates":[[[112.170,-6.897],[112.203,-6.918],[112.216,-7.074],[112.179,-7.075],[112.156,-7.110],[112.086,-7.086],[112.080,-7.065],[112.020,-7.067],[112.010,-7.130],[111.995,-7.114],[111.984,-7.163],[111.953,-7.131],[111.936,-7.159],[111.929,-7.132],[111.861,-7.129],[111.818,-7.088],[111.711,-7.080],[111.659,-7.039],[111.651,-6.999],[111.567,-6.952],[111.577,-6.917],[111.607,-6.903],[111.619,-6.821],[111.655,-6.827],[111.660,-6.776],[111.691,-6.754],[111.837,-6.801],[111.960,-6.760],[112.053,-6.887],[112.170,-6.897]]]}},{"type":"Feature","id":"35.24","properties":{"kode":"35.24"},"geometry":{"type":"Polygon","coordinates":[[[112.44,-6.874],[112.423,-6.946],[112.376,-6.952],[112.367,-6.987],[112.452,-7.001],[112.454,-7.015],[112.511,-7.012],[112.502,-7.033],[112.551,-7.051],[112.535,-7.095],[112.476,-7.125],[112.47,-7.158],[112.505,-7.163],[112.501,-7.191],[112.415,-7.235],[112.398,-7.265],[112.410,-7.305],[112.307,-7.351],[112.312,-7.364],[112.211,-7.348],[112.081,-7.382],[112.089,-7.227],[112.150,-7.158],[112.165,-7.117],[112.152,-7.109],[112.178,-7.097],[112.178,-7.075],[112.218,-7.068],[112.203,-6.918],[112.170,-6.897],[112.223,-6.872],[112.331,-6.861],[112.44,-6.874]]]}},{"type":"Feature","id":"35.25","properties":{"kode":"35.25"},"geometry":{"type":"MultiPolygon","coordinates":[[[[112.686,-5.715],[112.726,-5.737],[112.733,-5.831],[112.691,-5.854],[112.591,-5.855],[112.570,-5.808],[112.580,-5.79],[112.615,-5.749],[112.670,-5.737],[112.686,-5.715]]],[[[112.676,-7.182],[112.590,-7.215],[112.63,-7.259],[112.629,-7.312],[112.665,-7.341],[112.654,-7.358],[112.494,-7.408],[112.476,-7.384],[112.478,-7.304],[112.411,-7.311],[112.394,-7.331],[112.370,-7.324],[112.410,-7.305],[112.398,-7.265],[112.415,-7.235],[112.501,-7.191],[112.505,-7.163],[112.47,-7.158],[112.476,-7.125],[112.535,-7.095],[112.551,-7.051],[112.502,-7.033],[112.511,-7.012],[112.454,-7.015],[112.452,-7.001],[112.367,-6.987],[112.376,-6.952],[112.423,-6.946],[112.44,-6.874],[112.520,-6.905],[112.540,-6.884],[112.524,-6.864],[112.573,-6.848],[112.580,-6.887],[112.611,-6.885],[112.617,-6.916],[112.592,-6.929],[112.653,-7.042],[112.622,-7.110],[112.646,-7.112],[112.622,-7.111],[112.625,-7.129],[112.647,-7.128],[112.676,-7.182]]]]}},{"type":"Feature","id":"35.26","properties":{"kode":"35.26"},"geometry":{"type":"Polygon","coordinates":[[[113.124,-6.893],[113.118,-6.931],[113.097,-6.942],[113.107,-6.981],[113.134,-6.978],[113.146,-6.997],[113.132,-7.032],[113.110,-7.031],[113.122,-7.074],[113.097,-7.153],[113.057,-7.163],[113.059,-7.198],[113.040,-7.212],[112.865,-7.162],[112.722,-7.175],[112.691,-7.153],[112.706,-7.098],[112.674,-7.074],[112.682,-7.032],[112.723,-7.038],[112.771,-7.000],[112.818,-6.946],[112.827,-6.907],[113.033,-6.879],[113.124,-6.893]]]}},{"type":"Feature","id":"35.27","properties":{"kode":"35.27"},"geometry":{"type":"Polygon","coordinates":[[[113.483,-6.896],[113.392,-7.034],[113.395,-7.070],[113.363,-7.100],[113.371,-7.194],[113.377,-7.208],[113.380,-7.190],[113.396,-7.199],[113.393,-7.217],[113.177,-7.227],[113.152,-7.205],[113.15,-7.224],[113.100,-7.228],[113.040,-7.212],[113.059,-7.198],[113.057,-7.163],[113.097,-7.153],[113.122,-7.074],[113.110,-7.031],[113.132,-7.032],[113.146,-6.997],[113.134,-6.978],[113.107,-6.981],[113.097,-6.942],[113.118,-6.931],[113.124,-6.893],[113.483,-6.896]]]}},{"type":"Feature","id":"35.28","properties":{"kode":"35.28"},"geometry":{"type":"Polygon","coordinates":[[[113.621,-7.086],[113.549,-7.232],[113.512,-7.253],[113.502,-7.229],[113.393,-7.217],[113.385,-7.189],[113.377,-7.208],[113.363,-7.100],[113.395,-7.070],[113.392,-7.034],[113.483,-6.896],[113.642,-6.887],[113.647,-6.924],[113.608,-6.974],[113.618,-7.010],[113.592,-7.009],[113.576,-7.034],[113.603,-7.041],[113.591,-7.061],[113.621,-7.086]]]}},{"type":"Feature","id":"35.29","properties":{"kode":"35.29"},"geometry":{"type":"MultiPolygon","coordinates":[[[[115.905,-7.105],[115.883,-7.200],[115.827,-7.205],[115.741,-7.153],[115.783,-7.109],[115.809,-7.154],[115.885,-7.164],[115.892,-7.149],[115.878,-7.158],[115.870,-7.131],[115.887,-7.120],[115.892,-7.138],[115.905,-7.105]]],[[[115.588,-6.940],[115.675,-6.990],[115.685,-7.012],[115.594,-6.994],[115.565,-6.960],[115.588,-6.940]]],[[[115.235,-6.834],[115.436,-6.846],[115.555,-6.903],[115.575,-6.930],[115.548,-6.966],[115.478,-6.924],[115.461,-6.932],[115.449,-6.911],[115.408,-6.939],[115.378,-6.900],[115.365,-6.924],[115.330,-6.931],[115.381,-6.954],[115.404,-6.988],[115.331,-6.994],[115.325,-6.961],[115.301,-6.949],[115.291,-7.010],[115.265,-6.993],[115.269,-6.935],[115.211,-6.942],[115.199,-6.924],[115.206,-6.889],[115.237,-6.885],[115.253,-6.862],[115.235,-6.834]]],[[[114.576,-7.128],[114.616,-7.152],[114.573,-7.164],[114.551,-7.141],[114.486,-7.159],[114.475,-7.147],[114.576,-7.128]]],[[[114.413,-5.532],[114.418,-5.551],[114.451,-5.547],[114.434,-5.588],[114.393,-5.564],[114.413,-5.532]]],[[[114.331,-7.055],[114.373,-7.092],[114.407,-7.165],[114.391,-7.179],[114.313,-7.16],[114.276,-7.111],[114.275,-7.082],[114.331,-7.055]]],[[[113.602,-7.128],[113.621,-7.086],[113.591,-7.061],[113.603,-7.041],[113.576,-7.034],[113.592,-7.009],[113.618,-7.010],[113.608,-6.974],[113.647,-6.924],[113.642,-6.887],[113.944,-6.868],[114.094,-6.930],[114.123,-6.978],[113.991,-7.007],[113.961,-7.040],[113.924,-7.021],[113.947,-7.052],[113.906,-7.047],[113.868,-7.095],[113.892,-7.132],[113.684,-7.108],[113.602,-7.128]]],[[[113.951,-7.055],[114.049,-7.074],[114.064,-7.110],[113.943,-7.088],[113.951,-7.055]]],[[[113.922,-7.174],[113.939,-7.214],[113.956,-7.231],[113.927,-7.202],[113.886,-7.211],[113.883,-7.193],[113.922,-7.174]]]]}},{"type":"Feature","id":"35.71","properties":{"kode":"35.71"},"geometry":{"type":"Polygon","coordinates":[[[112.026,-7.864],[111.954,-7.814],[111.998,-7.771],[112.043,-7.826],[112.077,-7.833],[112.066,-7.868],[112.026,-7.864]]]}},{"type":"Feature","id":"35.72","properties":{"kode":"35.72"},"geometry":{"type":"Polygon","coordinates":[[[112.188,-8.057],[112.197,-8.093],[112.156,-8.134],[112.134,-8.083],[112.162,-8.083],[112.188,-8.057]]]}},{"type":"Feature","id":"35.73","properties":{"kode":"35.73"},"geometry":{"type":"Polygon","coordinates":[[[112.631,-8.045],[112.618,-8.011],[112.576,-7.983],[112.602,-7.971],[112.569,-7.939],[112.630,-7.910],[112.661,-7.925],[112.658,-7.965],[112.693,-7.985],[112.665,-8.040],[112.631,-8.045]]]}},{"type":"Feature","id":"35.74","properties":{"kode":"35.74"},"geometry":{"type":"Polygon","coordinates":[[[113.236,-7.739],[113.240,-7.797],[113.216,-7.820],[113.205,-7.804],[113.178,-7.810],[113.169,-7.754],[113.212,-7.727],[113.236,-7.739]]]}},{"type":"Feature","id":"35.75","properties":{"kode":"35.75"},"geometry":{"type":"Polygon","coordinates":[[[112.953,-7.621],[112.922,-7.675],[112.896,-7.684],[112.873,-7.661],[112.885,-7.623],[112.953,-7.621]]]}},{"type":"Feature","id":"35.76","properties":{"kode":"35.76"},"geometry":{"type":"Polygon","coordinates":[[[112.455,-7.447],[112.468,-7.460],[112.449,-7.493],[112.408,-7.491],[112.415,-7.457],[112.455,-7.447]]]}},{"type":"Feature","id":"35.77","properties":{"kode":"35.77"},"geometry":{"type":"Polygon","coordinates":[[[111.532,-7.663],[111.499,-7.640],[111.500,-7.607],[111.556,-7.596],[111.532,-7.663]]]}},{"type":"Feature","id":"35.78","properties":{"kode":"35.78"},"geometry":{"type":"Polygon","coordinates":[[[112.833,-7.332],[112.664,-7.351],[112.649,-7.314],[112.629,-7.312],[112.63,-7.259],[112.590,-7.215],[112.663,-7.193],[112.685,-7.225],[112.720,-7.198],[112.764,-7.196],[112.839,-7.270],[112.833,-7.332]]]}},{"type":"Feature","id":"35.79","properties":{"kode":"35.79"},"geometry":{"type":"Polygon","coordinates":[[[112.589,-7.765],[112.564,-7.879],[112.595,-7.903],[112.478,-7.933],[112.499,-7.815],[112.489,-7.765],[112.527,-7.735],[112.574,-7.732],[112.589,-7.765]]]}},{"type":"Feature","id":"36.01","properties":{"kode":"36.01"},"geometry":{"type":"MultiPolygon","coordinates":[[[[106.171,-6.291],[106.130,-6.326],[106.118,-6.420],[106.042,-6.411],[105.974,-6.517],[105.982,-6.542],[105.934,-6.600],[105.946,-6.660],[105.868,-6.775],[105.883,-6.836],[105.775,-6.850],[105.670,-6.837],[105.538,-6.874],[105.475,-6.863],[105.441,-6.836],[105.414,-6.853],[105.408,-6.831],[105.327,-6.802],[105.295,-6.804],[105.267,-6.844],[105.241,-6.836],[105.212,-6.745],[105.265,-6.759],[105.330,-6.695],[105.327,-6.668],[105.368,-6.646],[105.401,-6.717],[105.388,-6.739],[105.435,-6.775],[105.447,-6.825],[105.478,-6.82],[105.512,-6.757],[105.506,-6.730],[105.618,-6.616],[105.616,-6.558],[105.650,-6.481],[105.679,-6.477],[105.675,-6.510],[105.714,-6.532],[105.797,-6.489],[105.825,-6.425],[105.82,-6.360],[105.839,-6.313],[105.826,-6.247],[105.888,-6.224],[105.930,-6.281],[105.947,-6.237],[106.027,-6.275],[106.065,-6.263],[106.091,-6.228],[106.108,-6.252],[106.178,-6.253],[106.171,-6.291]]],[[[105.261,-6.521],[105.259,-6.604],[105.182,-6.679],[105.170,-6.662],[105.195,-6.620],[105.175,-6.577],[105.156,-6.578],[105.128,-6.623],[105.101,-6.62],[105.164,-6.552],[105.261,-6.521]]]]}},{"type":"Feature","id":"36.02","properties":{"kode":"36.02"},"geometry":{"type":"Polygon","coordinates":[[[106.400,-6.330],[106.429,-6.350],[106.451,-6.413],[106.439,-6.449],[106.403,-6.453],[106.403,-6.516],[106.43,-6.58],[106.429,-6.680],[106.466,-6.751],[106.526,-6.767],[106.435,-6.824],[106.431,-6.861],[106.393,-6.900],[106.394,-6.982],[106.306,-6.994],[106.239,-6.954],[106.237,-6.931],[106.106,-6.882],[106.034,-6.823],[105.920,-6.815],[105.881,-6.845],[105.868,-6.775],[105.946,-6.660],[105.934,-6.600],[105.982,-6.542],[105.974,-6.517],[106.042,-6.411],[106.118,-6.420],[106.130,-6.326],[106.152,-6.323],[106.157,-6.296],[106.214,-6.292],[106.222,-6.311],[106.273,-6.300],[106.319,-6.335],[106.400,-6.330]]]}},{"type":"Feature","id":"36.03","properties":{"kode":"36.03"},"geometry":{"type":"Polygon","coordinates":[[[106.725,-6.089],[106.675,-6.098],[106.672,-6.119],[106.641,-6.122],[106.635,-6.106],[106.613,-6.147],[106.553,-6.184],[106.564,-6.211],[106.589,-6.222],[106.604,-6.208],[106.638,-6.229],[106.656,-6.36],[106.604,-6.361],[106.525,-6.325],[106.513,-6.325],[106.526,-6.349],[106.476,-6.350],[106.483,-6.322],[106.467,-6.303],[106.426,-6.347],[106.405,-6.340],[106.386,-6.227],[106.367,-6.218],[106.392,-6.152],[106.350,-6.109],[106.339,-6.063],[106.351,-6.049],[106.411,-6.024],[106.485,-6.047],[106.535,-6.010],[106.587,-6.032],[106.648,-6.005],[106.708,-6.036],[106.725,-6.089]]]}},{"type":"Feature","id":"36.04","properties":{"kode":"36.04"},"geometry":{"type":"Polygon","coordinates":[[[106.148,-6.020],[106.147,-6.066],[106.074,-6.121],[106.066,-6.175],[106.149,-6.169],[106.138,-6.209],[106.192,-6.218],[106.255,-6.146],[106.224,-6.129],[106.219,-6.083],[106.216,-6.016],[106.244,-5.967],[106.330,-5.984],[106.356,-5.962],[106.390,-5.979],[106.411,-6.024],[106.365,-6.039],[106.339,-6.073],[106.392,-6.152],[106.367,-6.218],[106.386,-6.227],[106.400,-6.330],[106.319,-6.335],[106.245,-6.297],[106.222,-6.311],[106.214,-6.292],[106.171,-6.291],[106.174,-6.250],[106.108,-6.252],[106.091,-6.228],[106.065,-6.263],[106.027,-6.275],[105.947,-6.237],[105.930,-6.281],[105.888,-6.224],[105.826,-6.247],[105.887,-6.068],[105.943,-6.045],[105.986,-6.062],[105.984,-6.037],[106.029,-6.04],[106.031,-6.080],[106.085,-6.035],[106.088,-6.002],[106.031,-5.933],[106.041,-5.876],[106.074,-5.884],[106.113,-5.930],[106.101,-5.988],[106.148,-6.020]]]}},{"type":"Feature","id":"36.71","properties":{"kode":"36.71"},"geometry":{"type":"Polygon","coordinates":[[[106.717,-6.220],[106.748,-6.250],[106.703,-6.255],[106.690,-6.231],[106.619,-6.227],[106.604,-6.208],[106.582,-6.220],[106.553,-6.184],[106.613,-6.147],[106.635,-6.106],[106.641,-6.122],[106.672,-6.119],[106.688,-6.097],[106.686,-6.172],[106.722,-6.185],[106.717,-6.220]]]}},{"type":"Feature","id":"36.72","properties":{"kode":"36.72"},"geometry":{"type":"Polygon","coordinates":[[[105.924,-6.048],[105.990,-5.984],[105.991,-5.923],[106.041,-5.876],[106.031,-5.933],[106.088,-6.002],[106.085,-6.035],[106.031,-6.080],[106.029,-6.04],[105.984,-6.037],[105.986,-6.062],[105.924,-6.048]]]}},{"type":"Feature","id":"36.73","properties":{"kode":"36.73"},"geometry":{"type":"Polygon","coordinates":[[[106.216,-6.016],[106.224,-6.129],[106.255,-6.146],[106.219,-6.186],[106.229,-6.193],[106.176,-6.218],[106.138,-6.209],[106.149,-6.169],[106.067,-6.176],[106.074,-6.121],[106.147,-6.066],[106.148,-6.020],[106.216,-6.016]]]}},{"type":"Feature","id":"36.74","properties":{"kode":"36.74"},"geometry":{"type":"Polygon","coordinates":[[[106.748,-6.250],[106.779,-6.316],[106.769,-6.361],[106.651,-6.362],[106.657,-6.291],[106.638,-6.229],[106.690,-6.231],[106.703,-6.255],[106.748,-6.250]]]}},{"type":"Feature","id":"51.01","properties":{"kode":"51.01"},"geometry":{"type":"Polygon","coordinates":[[[114.458,-8.172],[114.458,-8.194],[114.491,-8.191],[114.504,-8.209],[114.604,-8.177],[114.653,-8.226],[114.684,-8.231],[114.701,-8.201],[114.752,-8.224],[114.773,-8.258],[114.811,-8.251],[114.823,-8.331],[114.871,-8.338],[114.933,-8.380],[114.915,-8.467],[114.756,-8.400],[114.587,-8.401],[114.448,-8.219],[114.431,-8.170],[114.458,-8.172]]]}},{"type":"Feature","id":"51.02","properties":{"kode":"51.02"},"geometry":{"type":"Polygon","coordinates":[[[115.099,-8.637],[115.055,-8.578],[114.915,-8.467],[114.928,-8.376],[114.981,-8.289],[115.012,-8.312],[115.125,-8.308],[115.138,-8.271],[115.179,-8.243],[115.209,-8.312],[115.198,-8.357],[115.217,-8.438],[115.202,-8.489],[115.198,-8.445],[115.174,-8.464],[115.184,-8.489],[115.155,-8.601],[115.099,-8.637]]]}},{"type":"Feature","id":"51.03","properties":{"kode":"51.03"},"geometry":{"type":"Polygon","coordinates":[[[115.231,-8.24],[115.251,-8.263],[115.249,-8.338],[115.225,-8.391],[115.249,-8.582],[115.244,-8.601],[115.226,-8.592],[115.180,-8.616],[115.173,-8.661],[115.182,-8.764],[115.214,-8.787],[115.222,-8.754],[115.237,-8.802],[115.187,-8.845],[115.112,-8.845],[115.087,-8.836],[115.088,-8.814],[115.164,-8.779],[115.152,-8.744],[115.169,-8.722],[115.099,-8.637],[115.155,-8.601],[115.189,-8.443],[115.202,-8.489],[115.217,-8.438],[115.198,-8.357],[115.212,-8.331],[115.183,-8.245],[115.231,-8.24]]]}},{"type":"Feature","id":"51.04","properties":{"kode":"51.04"},"geometry":{"type":"Polygon","coordinates":[[[115.357,-8.520],[115.371,-8.574],[115.274,-8.650],[115.246,-8.616],[115.23,-8.525],[115.244,-8.477],[115.225,-8.391],[115.251,-8.314],[115.265,-8.330],[115.290,-8.317],[115.296,-8.337],[115.328,-8.330],[115.324,-8.490],[115.334,-8.521],[115.357,-8.520]]]}},{"type":"Feature","id":"51.05","properties":{"kode":"51.05"},"geometry":{"type":"MultiPolygon","coordinates":[[[[115.563,-8.672],[115.628,-8.77],[115.587,-8.819],[115.451,-8.748],[115.447,-8.721],[115.489,-8.674],[115.563,-8.672]]],[[[115.400,-8.462],[115.390,-8.482],[115.414,-8.474],[115.409,-8.530],[115.463,-8.504],[115.479,-8.550],[115.429,-8.575],[115.371,-8.574],[115.358,-8.492],[115.375,-8.460],[115.400,-8.462]]]]}},{"type":"Feature","id":"51.06","properties":{"kode":"51.06"},"geometry":{"type":"Polygon","coordinates":[[[115.434,-8.180],[115.458,-8.248],[115.429,-8.267],[115.398,-8.344],[115.414,-8.434],[115.400,-8.462],[115.375,-8.460],[115.346,-8.525],[115.328,-8.511],[115.317,-8.433],[115.336,-8.382],[115.328,-8.330],[115.296,-8.337],[115.290,-8.317],[115.265,-8.330],[115.251,-8.314],[115.249,-8.255],[115.232,-8.239],[115.242,-8.184],[115.280,-8.160],[115.300,-8.172],[115.32,-8.141],[115.331,-8.161],[115.337,-8.148],[115.434,-8.180]]]}},{"type":"Feature","id":"51.07","properties":{"kode":"51.07"},"geometry":{"type":"Polygon","coordinates":[[[115.479,-8.550],[115.463,-8.504],[115.409,-8.530],[115.414,-8.474],[115.390,-8.482],[115.414,-8.434],[115.398,-8.344],[115.429,-8.267],[115.458,-8.248],[115.434,-8.180],[115.457,-8.166],[115.557,-8.231],[115.630,-8.324],[115.697,-8.358],[115.711,-8.389],[115.61,-8.502],[115.581,-8.517],[115.521,-8.503],[115.509,-8.540],[115.479,-8.550]]]}},{"type":"Feature","id":"51.08","properties":{"kode":"51.08"},"geometry":{"type":"Polygon","coordinates":[[[115.457,-8.166],[115.415,-8.185],[115.356,-8.152],[115.331,-8.161],[115.32,-8.141],[115.300,-8.172],[115.280,-8.160],[115.246,-8.175],[115.232,-8.239],[115.174,-8.245],[115.138,-8.271],[115.125,-8.308],[115.012,-8.312],[114.981,-8.289],[114.926,-8.382],[114.871,-8.338],[114.823,-8.331],[114.811,-8.251],[114.773,-8.258],[114.752,-8.224],[114.701,-8.201],[114.683,-8.231],[114.632,-8.214],[114.604,-8.177],[114.504,-8.209],[114.491,-8.191],[114.459,-8.194],[114.467,-8.165],[114.444,-8.156],[114.434,-8.103],[114.494,-8.096],[114.522,-8.154],[114.580,-8.121],[114.603,-8.138],[114.616,-8.123],[114.862,-8.196],[115.004,-8.174],[115.115,-8.083],[115.183,-8.061],[115.457,-8.166]]]}},{"type":"Feature","id":"51.71","properties":{"kode":"51.71"},"geometry":{"type":"Polygon","coordinates":[[[115.226,-8.592],[115.274,-8.650],[115.263,-8.706],[115.188,-8.739],[115.180,-8.616],[115.226,-8.592]]]}},{"type":"Feature","id":"52.01","properties":{"kode":"52.01"},"geometry":{"type":"Polygon","coordinates":[[[116.109,-8.872],[116.049,-8.885],[116.044,-8.87],[116.071,-8.856],[116.018,-8.859],[116.009,-8.873],[116.027,-8.887],[116.004,-8.903],[115.933,-8.833],[115.915,-8.844],[115.848,-8.825],[115.825,-8.750],[115.865,-8.722],[115.866,-8.746],[115.887,-8.764],[115.900,-8.750],[115.914,-8.775],[115.968,-8.733],[116.014,-8.751],[116.045,-8.723],[116.041,-8.765],[116.062,-8.766],[116.078,-8.729],[116.056,-8.724],[116.074,-8.623],[116.131,-8.619],[116.169,-8.591],[116.139,-8.565],[116.069,-8.552],[116.036,-8.470],[116.129,-8.470],[116.142,-8.454],[116.213,-8.480],[116.222,-8.457],[116.337,-8.410],[116.305,-8.457],[116.320,-8.504],[116.288,-8.530],[116.295,-8.549],[116.249,-8.592],[116.174,-8.622],[116.196,-8.673],[116.168,-8.673],[116.171,-8.723],[116.130,-8.743],[116.141,-8.766],[116.092,-8.838],[116.109,-8.872]]]}},{"type":"Feature","id":"52.02","properties":{"kode":"52.02"},"geometry":{"type":"Polygon","coordinates":[[[116.352,-8.410],[116.382,-8.410],[116.406,-8.434],[116.384,-8.490],[116.378,-8.663],[116.428,-8.690],[116.446,-8.744],[116.396,-8.817],[116.404,-8.858],[116.385,-8.866],[116.404,-8.899],[116.392,-8.951],[116.375,-8.955],[116.375,-8.903],[116.338,-8.903],[116.346,-8.930],[116.279,-8.893],[116.238,-8.916],[116.227,-8.900],[116.172,-8.912],[116.155,-8.864],[116.109,-8.872],[116.092,-8.851],[116.141,-8.766],[116.134,-8.736],[116.166,-8.732],[116.176,-8.711],[116.168,-8.673],[116.196,-8.673],[116.174,-8.622],[116.249,-8.592],[116.295,-8.549],[116.288,-8.530],[116.320,-8.504],[116.305,-8.457],[116.352,-8.410]]]}},{"type":"Feature","id":"52.03","properties":{"kode":"52.03"},"geometry":{"type":"Polygon","coordinates":[[[116.402,-8.864],[116.396,-8.817],[116.445,-8.721],[116.378,-8.663],[116.379,-8.531],[116.419,-8.389],[116.467,-8.330],[116.469,-8.273],[116.493,-8.245],[116.650,-8.288],[116.718,-8.348],[116.710,-8.443],[116.662,-8.486],[116.678,-8.497],[116.658,-8.529],[116.666,-8.559],[116.623,-8.604],[116.542,-8.756],[116.480,-8.810],[116.498,-8.811],[116.504,-8.859],[116.524,-8.825],[116.539,-8.832],[116.535,-8.859],[116.594,-8.861],[116.525,-8.909],[116.510,-8.883],[116.472,-8.921],[116.432,-8.913],[116.470,-8.824],[116.441,-8.840],[116.420,-8.828],[116.402,-8.864]]]}},{"type":"Feature","id":"52.04","properties":{"kode":"52.04"},"geometry":{"type":"MultiPolygon","coordinates":[[[[118.175,-8.654],[118.188,-8.705],[118.313,-8.693],[118.333,-8.712],[118.185,-8.853],[118.127,-8.877],[118.080,-8.840],[118.012,-8.852],[117.982,-8.893],[117.935,-8.899],[117.885,-8.943],[117.839,-8.932],[117.817,-8.899],[117.765,-8.934],[117.690,-8.918],[117.547,-9.003],[117.390,-9.052],[117.348,-9.042],[117.323,-9.055],[117.185,-9.020],[117.135,-9.084],[117.057,-9.104],[117.040,-9.100],[117.067,-9.035],[117.062,-8.953],[117.088,-8.930],[117.084,-8.903],[117.054,-8.888],[117.085,-8.834],[117.034,-8.800],[117.090,-8.760],[117.090,-8.702],[116.995,-8.615],[116.935,-8.606],[116.872,-8.528],[116.944,-8.517],[116.986,-8.479],[117.003,-8.505],[117.017,-8.463],[117.091,-8.414],[117.105,-8.372],[117.155,-8.364],[117.201,-8.406],[117.238,-8.400],[117.393,-8.472],[117.430,-8.395],[117.473,-8.415],[117.559,-8.404],[117.570,-8.500],[117.591,-8.505],[117.583,-8.426],[117.625,-8.444],[117.629,-8.552],[117.69,-8.577],[117.737,-8.563],[117.727,-8.587],[117.756,-8.591],[117.751,-8.631],[117.776,-8.635],[117.749,-8.644],[117.769,-8.656],[117.772,-8.711],[117.803,-8.726],[117.871,-8.696],[117.900,-8.703],[117.888,-8.723],[117.902,-8.736],[117.918,-8.719],[117.959,-8.743],[118.059,-8.661],[118.175,-8.654]]],[[[117.966,-8.611],[118.004,-8.633],[117.993,-8.691],[117.978,-8.686],[117.990,-8.648],[117.954,-8.665],[117.978,-8.637],[117.959,-8.630],[117.966,-8.611]]],[[[117.727,-8.478],[117.749,-8.539],[117.799,-8.554],[117.770,-8.552],[117.760,-8.569],[117.736,-8.559],[117.701,-8.495],[117.727,-8.478]]],[[[117.56,-8.144],[117.656,-8.148],[117.689,-8.178],[117.609,-8.238],[117.528,-8.389],[117.470,-8.356],[117.507,-8.277],[117.478,-8.257],[117.480,-8.192],[117.56,-8.144]]],[[[117.652,-8.447],[117.674,-8.466],[117.678,-8.520],[117.650,-8.531],[117.636,-8.509],[117.652,-8.447]]],[[[117.047,-8.378],[117.023,-8.418],[116.976,-8.430],[116.989,-8.404],[117.022,-8.406],[117.047,-8.378]]],[[[116.951,-8.42],[116.954,-8.435],[116.912,-8.446],[116.839,-8.445],[116.951,-8.42]]]]}},{"type":"Feature","id":"52.05","properties":{"kode":"52.05"},"geometry":{"type":"Polygon","coordinates":[[[117.765,-8.143],[117.850,-8.212],[117.928,-8.22],[118.058,-8.346],[118.205,-8.436],[118.295,-8.429],[118.337,-8.345],[118.356,-8.352],[118.388,-8.328],[118.387,-8.304],[118.451,-8.275],[118.542,-8.394],[118.482,-8.462],[118.513,-8.506],[118.500,-8.547],[118.536,-8.682],[118.494,-8.777],[118.479,-8.884],[118.418,-8.871],[118.380,-8.83],[118.375,-8.772],[118.428,-8.721],[118.420,-8.623],[118.387,-8.609],[118.385,-8.651],[118.406,-8.672],[118.376,-8.694],[118.353,-8.684],[118.333,-8.712],[118.313,-8.693],[118.188,-8.705],[118.175,-8.654],[118.204,-8.672],[118.244,-8.651],[118.269,-8.658],[118.288,-8.623],[118.279,-8.594],[118.250,-8.586],[118.227,-8.551],[118.195,-8.571],[118.180,-8.532],[118.126,-8.485],[118.105,-8.495],[118.082,-8.450],[117.980,-8.464],[117.816,-8.362],[117.762,-8.289],[117.691,-8.238],[117.724,-8.150],[117.765,-8.143]]]}},{"type":"Feature","id":"52.06","properties":{"kode":"52.06"},"geometry":{"type":"MultiPolygon","coordinates":[[[[119.274,-8.396],[119.282,-8.419],[119.317,-8.399],[119.328,-8.414],[119.319,-8.445],[119.299,-8.430],[119.289,-8.462],[119.267,-8.444],[119.274,-8.396]]],[[[118.713,-8.495],[118.739,-8.516],[118.790,-8.513],[118.801,-8.532],[118.843,-8.493],[118.891,-8.484],[118.874,-8.435],[118.740,-8.402],[118.736,-8.340],[118.800,-8.287],[118.889,-8.284],[119.001,-8.310],[118.991,-8.372],[119.049,-8.451],[119.036,-8.464],[119.052,-8.513],[119.013,-8.538],[119.014,-8.574],[119.037,-8.596],[119.032,-8.634],[119.054,-8.652],[119.129,-8.63],[119.108,-8.597],[119.150,-8.592],[119.146,-8.569],[119.165,-8.556],[119.185,-8.607],[119.155,-8.638],[119.170,-8.703],[119.148,-8.712],[119.169,-8.719],[119.133,-8.752],[119.105,-8.726],[119.100,-8.750],[119.036,-8.733],[118.972,-8.748],[118.907,-8.680],[118.85,-8.728],[118.757,-8.694],[118.692,-8.747],[118.726,-8.758],[118.726,-8.777],[118.899,-8.762],[118.949,-8.789],[118.957,-8.817],[118.917,-8.840],[118.834,-8.843],[118.719,-8.793],[118.477,-8.883],[118.497,-8.769],[118.536,-8.682],[118.500,-8.547],[118.513,-8.506],[118.482,-8.462],[118.542,-8.394],[118.447,-8.263],[118.493,-8.243],[118.645,-8.289],[118.695,-8.378],[118.662,-8.538],[118.713,-8.495]]],[[[119.068,-8.131],[119.112,-8.156],[119.123,-8.199],[119.088,-8.250],[119.035,-8.259],[119.000,-8.229],[119.000,-8.177],[119.034,-8.138],[119.068,-8.131]]],[[[118.317,-8.370],[118.320,-8.405],[118.295,-8.429],[118.205,-8.436],[118.058,-8.346],[117.928,-8.22],[117.850,-8.212],[117.765,-8.143],[117.923,-8.080],[117.962,-8.107],[118.080,-8.100],[118.145,-8.136],[118.162,-8.241],[118.218,-8.285],[118.233,-8.332],[118.256,-8.35],[118.275,-8.335],[118.271,-8.358],[118.317,-8.370]]]]}},{"type":"Feature","id":"52.07","properties":{"kode":"52.07"},"geometry":{"type":"Polygon","coordinates":[[[116.872,-8.528],[116.935,-8.606],[116.995,-8.615],[117.090,-8.702],[117.090,-8.760],[117.034,-8.800],[117.084,-8.825],[117.054,-8.888],[117.084,-8.903],[117.088,-8.930],[117.062,-8.953],[117.067,-9.035],[117.038,-9.104],[117.008,-9.106],[116.941,-9.053],[116.898,-9.064],[116.788,-9.035],[116.730,-9.002],[116.736,-8.978],[116.716,-8.972],[116.751,-8.921],[116.725,-8.910],[116.751,-8.889],[116.735,-8.866],[116.813,-8.809],[116.765,-8.740],[116.785,-8.721],[116.773,-8.673],[116.749,-8.663],[116.788,-8.589],[116.833,-8.557],[116.819,-8.517],[116.842,-8.538],[116.872,-8.528]]]}},{"type":"Feature","id":"52.08","properties":{"kode":"52.08"},"geometry":{"type":"Polygon","coordinates":[[[116.493,-8.245],[116.406,-8.434],[116.382,-8.410],[116.344,-8.409],[116.222,-8.457],[116.213,-8.480],[116.142,-8.454],[116.129,-8.470],[116.036,-8.470],[116.042,-8.422],[116.104,-8.389],[116.098,-8.362],[116.119,-8.37],[116.178,-8.339],[116.191,-8.308],[116.269,-8.244],[116.370,-8.210],[116.493,-8.245]]]}},{"type":"Feature","id":"52.71","properties":{"kode":"52.71"},"geometry":{"type":"Polygon","coordinates":[[[116.074,-8.623],[116.069,-8.552],[116.139,-8.565],[116.169,-8.591],[116.131,-8.619],[116.074,-8.623]]]}},{"type":"Feature","id":"52.72","properties":{"kode":"52.72"},"geometry":{"type":"Polygon","coordinates":[[[118.736,-8.340],[118.740,-8.402],[118.874,-8.435],[118.889,-8.487],[118.843,-8.493],[118.801,-8.532],[118.790,-8.513],[118.732,-8.514],[118.709,-8.480],[118.724,-8.436],[118.698,-8.411],[118.736,-8.340]]]}},{"type":"Feature","id":"53.12","properties":{"kode":"53.12"},"geometry":{"type":"Polygon","coordinates":[[[119.539,-9.759],[119.457,-9.741],[119.418,-9.760],[119.395,-9.797],[119.301,-9.744],[119.221,-9.737],[119.185,-9.758],[119.142,-9.729],[119.140,-9.691],[119.167,-9.658],[119.196,-9.648],[119.215,-9.683],[119.277,-9.684],[119.308,-9.634],[119.365,-9.615],[119.396,-9.573],[119.405,-9.547],[119.367,-9.466],[119.379,-9.412],[119.366,-9.378],[119.414,-9.388],[119.465,-9.514],[119.520,-9.526],[119.482,-9.607],[119.496,-9.622],[119.488,-9.665],[119.540,-9.696],[119.539,-9.759]]]}},{"type":"Feature","id":"53.11","properties":{"kode":"53.11"},"geometry":{"type":"Polygon","coordinates":[[[119.674,-9.828],[119.756,-9.704],[119.844,-9.659],[119.842,-9.576],[119.925,-9.485],[119.898,-9.434],[119.908,-9.382],[119.876,-9.371],[119.864,-9.343],[119.935,-9.276],[120.084,-9.469],[120.123,-9.485],[120.181,-9.467],[120.210,-9.490],[120.252,-9.644],[120.298,-9.641],[120.322,-9.670],[120.468,-9.616],[120.506,-9.687],[120.557,-9.695],[120.596,-9.731],[120.679,-9.900],[120.747,-9.924],[120.815,-9.977],[120.845,-10.028],[120.841,-10.087],[120.685,-10.224],[120.605,-10.253],[120.531,-10.24],[120.486,-10.262],[120.454,-10.313],[120.346,-10.248],[120.297,-10.257],[120.167,-10.237],[120.045,-10.125],[120.009,-10.120],[120.018,-10.079],[119.947,-9.998],[119.948,-9.973],[119.908,-9.975],[119.905,-9.951],[119.882,-9.958],[119.862,-9.922],[119.786,-9.921],[119.674,-9.828]]]}},{"type":"Feature","id":"53.01","properties":{"kode":"53.01"},"geometry":{"type":"MultiPolygon","coordinates":[[[[123.618,-10.235],[123.664,-10.224],[123.635,-10.193],[123.691,-10.170],[123.667,-10.164],[123.682,-10.143],[123.673,-10.123],[123.741,-10.098],[123.771,-10.043],[123.654,-10.009],[123.596,-10.044],[123.580,-10.017],[123.583,-9.916],[123.640,-9.895],[123.668,-9.850],[123.666,-9.805],[123.642,-9.775],[123.682,-9.740],[123.674,-9.628],[123.736,-9.565],[123.788,-9.541],[123.795,-9.490],[123.828,-9.495],[123.886,-9.463],[123.899,-9.429],[123.932,-9.422],[123.980,-9.351],[124.078,-9.327],[124.070,-9.369],[124.095,-9.417],[124.166,-9.456],[124.194,-9.502],[124.121,-9.472],[124.157,-9.557],[124.121,-9.552],[124.078,-9.586],[124.089,-9.619],[124.054,-9.653],[124.083,-9.673],[124.097,-9.657],[124.110,-9.686],[124.067,-9.759],[124.094,-9.809],[124.086,-9.965],[124.125,-9.976],[124.164,-10.017],[124.142,-10.023],[124.206,-10.087],[124.198,-10.102],[124.227,-10.155],[124.139,-10.161],[124.016,-10.274],[123.964,-10.276],[123.800,-10.354],[123.703,-10.366],[123.652,-10.35],[123.611,-10.370],[123.546,-10.327],[123.457,-10.356],[123.500,-10.273],[123.488,-10.224],[123.538,-10.215],[123.544,-10.246],[123.569,-10.215],[123.585,-10.287],[123.611,-10.292],[123.632,-10.286],[123.618,-10.235]]],[[[123.452,-10.114],[123.468,-10.161],[123.500,-10.157],[123.502,-10.182],[123.422,-10.230],[123.421,-10.209],[123.397,-10.203],[123.393,-10.231],[123.418,-10.260],[123.418,-10.296],[123.396,-10.290],[123.410,-10.332],[123.381,-10.334],[123.376,-10.308],[123.349,-10.305],[123.323,-10.339],[123.300,-10.271],[123.359,-10.214],[123.395,-10.135],[123.452,-10.114]]]]}},{"type":"Feature","id":"53.02","properties":{"kode":"53.02"},"geometry":{"type":"Polygon","coordinates":[[[124.189,-9.483],[124.238,-9.526],[124.214,-9.538],[124.224,-9.558],[124.236,-9.543],[124.266,-9.552],[124.318,-9.595],[124.427,-9.594],[124.461,-9.613],[124.457,-9.634],[124.517,-9.663],[124.645,-9.584],[124.653,-9.618],[124.736,-9.650],[124.792,-9.637],[124.757,-9.61],[124.785,-9.598],[124.795,-9.642],[124.819,-9.656],[124.797,-9.761],[124.809,-9.791],[124.750,-9.881],[124.669,-9.919],[124.589,-9.999],[124.553,-10.007],[124.497,-10.102],[124.395,-10.169],[124.223,-10.163],[124.206,-10.087],[124.142,-10.023],[124.164,-10.017],[124.125,-9.976],[124.086,-9.965],[124.094,-9.809],[124.067,-9.759],[124.110,-9.686],[124.097,-9.657],[124.083,-9.673],[124.054,-9.653],[124.089,-9.619],[124.078,-9.586],[124.121,-9.552],[124.157,-9.557],[124.121,-9.472],[124.185,-9.511],[124.189,-9.483]]]}},{"type":"Feature","id":"53.03","properties":{"kode":"53.03"},"geometry":{"type":"Polygon","coordinates":[[[124.792,-9.018],[124.820,-9.077],[124.827,-9.145],[124.809,-9.168],[124.836,-9.217],[124.826,-9.242],[124.857,-9.262],[124.834,-9.291],[124.840,-9.331],[124.801,-9.35],[124.800,-9.387],[124.779,-9.400],[124.797,-9.425],[124.781,-9.470],[124.721,-9.503],[124.753,-9.536],[124.753,-9.563],[124.732,-9.553],[124.693,-9.585],[124.631,-9.587],[124.616,-9.612],[124.574,-9.620],[124.517,-9.663],[124.457,-9.634],[124.461,-9.613],[124.427,-9.594],[124.318,-9.595],[124.266,-9.552],[124.236,-9.543],[124.224,-9.558],[124.214,-9.538],[124.238,-9.526],[124.223,-9.506],[124.092,-9.413],[124.154,-9.422],[124.216,-9.365],[124.271,-9.412],[124.279,-9.501],[124.354,-9.485],[124.364,-9.46],[124.349,-9.425],[124.372,-9.417],[124.378,-9.361],[124.462,-9.299],[124.454,-9.265],[124.481,-9.172],[124.531,-9.184],[124.615,-9.153],[124.668,-9.120],[124.697,-9.053],[124.729,-9.058],[124.792,-9.018]]]}},{"type":"Feature","id":"53.04","properties":{"kode":"53.04"},"geometry":{"type":"Polygon","coordinates":[[[124.838,-9.333],[124.834,-9.291],[124.857,-9.261],[124.826,-9.242],[124.836,-9.217],[124.809,-9.168],[124.827,-9.145],[124.820,-9.077],[124.796,-9.011],[124.851,-9.006],[124.945,-8.957],[124.931,-9.028],[124.983,-9.066],[125.076,-9.021],[125.108,-8.968],[125.180,-9.021],[125.171,-9.121],[125.192,-9.153],[125.174,-9.173],[125.133,-9.175],[125.097,-9.201],[125.052,-9.168],[124.982,-9.191],[124.994,-9.289],[125.010,-9.300],[124.979,-9.379],[124.959,-9.393],[124.899,-9.362],[124.85,-9.388],[124.817,-9.342],[124.838,-9.333]]]}},{"type":"Feature","id":"53.05","properties":{"kode":"53.05"},"geometry":{"type":"MultiPolygon","coordinates":[[[[124.478,-8.129],[124.603,-8.126],[124.590,-8.184],[124.608,-8.197],[124.666,-8.161],[124.751,-8.146],[124.873,-8.168],[124.958,-8.140],[125.007,-8.157],[125.095,-8.147],[125.141,-8.237],[125.136,-8.324],[125.059,-8.356],[124.890,-8.363],[124.787,-8.401],[124.656,-8.390],[124.547,-8.442],[124.505,-8.417],[124.418,-8.459],[124.418,-8.438],[124.352,-8.437],[124.341,-8.398],[124.407,-8.296],[124.561,-8.221],[124.504,-8.220],[124.405,-8.275],[124.402,-8.215],[124.446,-8.155],[124.478,-8.129]]],[[[124.356,-8.276],[124.373,-8.305],[124.358,-8.326],[124.329,-8.323],[124.314,-8.298],[124.356,-8.276]]],[[[124.251,-8.191],[124.316,-8.178],[124.328,-8.202],[124.298,-8.268],[124.309,-8.310],[124.249,-8.358],[124.209,-8.416],[124.211,-8.461],[124.146,-8.534],[124.055,-8.544],[124.065,-8.492],[124.033,-8.420],[123.988,-8.418],[123.936,-8.460],[123.915,-8.441],[123.963,-8.349],[124.058,-8.293],[124.084,-8.312],[124.091,-8.374],[124.119,-8.381],[124.104,-8.36],[124.204,-8.271],[124.251,-8.191]]],[[[123.954,-8.349],[123.93,-8.382],[123.899,-8.370],[123.913,-8.356],[123.954,-8.349]]],[[[123.830,-8.368],[123.836,-8.409],[123.825,-8.413],[123.807,-8.373],[123.830,-8.368]]]]}},{"type":"Feature","id":"53.13","properties":{"kode":"53.13"},"geometry":{"type":"Polygon","coordinates":[[[123.782,-8.170],[123.855,-8.228],[123.862,-8.212],[123.901,-8.215],[123.924,-8.249],[123.833,-8.284],[123.796,-8.272],[123.766,-8.288],[123.670,-8.429],[123.651,-8.425],[123.652,-8.405],[123.618,-8.407],[123.553,-8.471],[123.587,-8.531],[123.545,-8.571],[123.518,-8.564],[123.490,-8.515],[123.405,-8.583],[123.313,-8.527],[123.291,-8.548],[123.242,-8.538],[123.221,-8.554],[123.207,-8.534],[123.212,-8.510],[123.289,-8.464],[123.34,-8.397],[123.471,-8.337],[123.414,-8.292],[123.344,-8.304],[123.376,-8.266],[123.409,-8.252],[123.457,-8.271],[123.489,-8.243],[123.557,-8.241],[123.498,-8.338],[123.551,-8.369],[123.596,-8.333],[123.572,-8.310],[123.574,-8.288],[123.603,-8.289],[123.599,-8.318],[123.635,-8.290],[123.606,-8.221],[123.649,-8.217],[123.655,-8.249],[123.686,-8.258],[123.710,-8.241],[123.701,-8.217],[123.782,-8.170]]]}},{"type":"Feature","id":"53.06","properties":{"kode":"53.06"},"geometry":{"type":"MultiPolygon","coordinates":[[[[123.211,-8.225],[123.214,-8.242],[123.245,-8.227],[123.333,-8.264],[123.305,-8.296],[123.294,-8.388],[123.001,-8.410],[122.998,-8.368],[123.028,-8.311],[123.141,-8.233],[123.211,-8.225]]],[[[123.146,-8.424],[123.167,-8.441],[123.148,-8.461],[123.066,-8.491],[123.021,-8.476],[122.976,-8.515],[122.935,-8.596],[122.886,-8.609],[122.870,-8.584],[122.884,-8.524],[122.945,-8.493],[122.976,-8.436],[123.022,-8.448],[123.146,-8.424]]],[[[122.654,-8.637],[122.655,-8.562],[122.686,-8.484],[122.673,-8.459],[122.682,-8.384],[122.735,-8.357],[122.765,-8.363],[122.811,-8.297],[122.883,-8.287],[122.912,-8.217],[122.939,-8.199],[122.866,-8.176],[122.808,-8.198],[122.787,-8.235],[122.730,-8.224],[122.785,-8.149],[122.782,-8.107],[122.831,-8.096],[122.865,-8.063],[122.969,-8.129],[122.962,-8.195],[122.983,-8.251],[123.017,-8.280],[123.020,-8.315],[122.963,-8.351],[122.914,-8.328],[122.878,-8.384],[122.893,-8.419],[122.872,-8.454],[122.788,-8.422],[122.790,-8.484],[122.843,-8.547],[122.831,-8.589],[122.737,-8.608],[122.727,-8.632],[122.677,-8.622],[122.654,-8.637]]]]}},{"type":"Feature","id":"53.07","properties":{"kode":"53.07"},"geometry":{"type":"MultiPolygon","coordinates":[[[[122.682,-8.384],[122.673,-8.459],[122.686,-8.484],[122.655,-8.562],[122.654,-8.637],[122.555,-8.667],[122.527,-8.709],[122.377,-8.752],[122.334,-8.738],[122.206,-8.750],[122.175,-8.729],[122.115,-8.729],[122.000,-8.807],[121.993,-8.753],[121.958,-8.757],[121.928,-8.717],[121.973,-8.654],[121.965,-8.613],[121.991,-8.603],[121.999,-8.516],[122.018,-8.530],[122.064,-8.522],[122.080,-8.541],[122.105,-8.530],[122.158,-8.554],[122.221,-8.620],[122.289,-8.642],[122.364,-8.611],[122.471,-8.609],[122.517,-8.548],[122.517,-8.525],[122.479,-8.493],[122.491,-8.473],[122.546,-8.465],[122.591,-8.424],[122.597,-8.392],[122.682,-8.384]]],[[[122.333,-8.436],[122.421,-8.447],[122.389,-8.497],[122.334,-8.463],[122.333,-8.436]]],[[[121.707,-8.293],[121.744,-8.326],[121.725,-8.354],[121.675,-8.337],[121.707,-8.293]]]]}},{"type":"Feature","id":"53.08","properties":{"kode":"53.08"},"geometry":{"type":"Polygon","coordinates":[[[122.014,-8.440],[121.985,-8.543],[122.005,-8.554],[121.991,-8.603],[121.965,-8.613],[121.973,-8.654],[121.927,-8.711],[121.952,-8.753],[121.993,-8.753],[121.994,-8.806],[121.870,-8.832],[121.774,-8.882],[121.670,-8.848],[121.663,-8.887],[121.639,-8.905],[121.625,-8.893],[121.642,-8.844],[121.591,-8.804],[121.413,-8.792],[121.416,-8.744],[121.395,-8.719],[121.413,-8.687],[121.520,-8.635],[121.526,-8.595],[121.581,-8.570],[121.571,-8.530],[121.612,-8.556],[121.602,-8.506],[121.618,-8.472],[121.677,-8.511],[121.733,-8.495],[121.800,-8.510],[121.843,-8.482],[121.913,-8.495],[121.956,-8.447],[121.955,-8.472],[122.014,-8.440]]]}},{"type":"Feature","id":"53.09","properties":{"kode":"53.09"},"geometry":{"type":"Polygon","coordinates":[[[121.173,-8.441],[121.18,-8.459],[121.161,-8.479],[121.192,-8.525],[121.142,-8.550],[121.140,-8.629],[121.101,-8.661],[121.125,-8.685],[121.103,-8.749],[121.140,-8.843],[121.115,-8.875],[121.139,-8.898],[121.030,-8.956],[120.932,-8.933],[120.873,-8.886],[120.849,-8.834],[120.810,-8.83],[120.856,-8.748],[120.845,-8.706],[120.875,-8.697],[120.891,-8.650],[120.847,-8.509],[120.923,-8.471],[120.914,-8.394],[120.935,-8.372],[120.930,-8.351],[120.956,-8.369],[120.943,-8.346],[120.985,-8.352],[120.962,-8.369],[121.022,-8.415],[121.173,-8.441]]]}},{"type":"Feature","id":"53.10","properties":{"kode":"53.10"},"geometry":{"type":"MultiPolygon","coordinates":[[[[120.493,-8.293],[120.478,-8.381],[120.511,-8.408],[120.546,-8.494],[120.510,-8.565],[120.523,-8.638],[120.484,-8.654],[120.468,-8.686],[120.498,-8.714],[120.518,-8.818],[120.369,-8.817],[120.314,-8.855],[120.232,-8.843],[120.233,-8.812],[120.281,-8.789],[120.273,-8.759],[120.327,-8.716],[120.324,-8.688],[120.279,-8.647],[120.285,-8.596],[120.332,-8.558],[120.360,-8.569],[120.357,-8.526],[120.398,-8.450],[120.389,-8.425],[120.352,-8.425],[120.300,-8.455],[120.282,-8.415],[120.287,-8.282],[120.388,-8.288],[120.428,-8.241],[120.451,-8.285],[120.493,-8.293]]],[[[120.282,-8.869],[120.306,-8.9],[120.287,-8.912],[120.256,-8.902],[120.282,-8.869]]]]}},{"type":"Feature","id":"53.14","properties":{"kode":"53.14"},"geometry":{"type":"MultiPolygon","coordinates":[[[[123.403,-10.499],[123.442,-10.501],[123.380,-10.558],[123.403,-10.499]]],[[[123.378,-10.431],[123.409,-10.47],[123.358,-10.551],[123.383,-10.568],[123.342,-10.586],[123.420,-10.613],[123.425,-10.656],[123.401,-10.686],[123.330,-10.678],[123.294,-10.723],[123.252,-10.734],[123.223,-10.826],[123.189,-10.836],[123.126,-10.817],[123.089,-10.856],[122.968,-10.870],[122.949,-10.892],[122.969,-10.914],[122.874,-10.914],[122.846,-10.941],[122.824,-10.923],[122.81,-10.782],[122.837,-10.787],[122.862,-10.756],[122.931,-10.738],[123.042,-10.729],[123.129,-10.643],[123.178,-10.636],[123.194,-10.593],[123.229,-10.605],[123.260,-10.605],[123.310,-10.593],[123.312,-10.575],[123.275,-10.579],[123.244,-10.602],[123.213,-10.579],[123.263,-10.521],[123.369,-10.478],[123.378,-10.431]]],[[[122.871,-10.968],[122.886,-10.998],[122.872,-11.007],[122.845,-10.969],[122.871,-10.968]]]]}},{"type":"Feature","id":"53.15","properties":{"kode":"53.15"},"geometry":{"type":"MultiPolygon","coordinates":[[[[120.287,-8.282],[120.282,-8.415],[120.300,-8.455],[120.345,-8.426],[120.389,-8.425],[120.399,-8.444],[120.357,-8.526],[120.360,-8.569],[120.332,-8.558],[120.285,-8.596],[120.279,-8.647],[120.329,-8.703],[120.273,-8.759],[120.281,-8.789],[120.24,-8.803],[120.232,-8.843],[120.152,-8.785],[119.945,-8.820],[119.909,-8.839],[119.919,-8.865],[119.889,-8.858],[119.882,-8.809],[119.836,-8.801],[119.801,-8.763],[119.796,-8.701],[119.811,-8.667],[119.804,-8.573],[119.878,-8.498],[119.860,-8.432],[119.879,-8.427],[119.876,-8.458],[119.908,-8.475],[119.971,-8.429],[120.000,-8.460],[120.015,-8.435],[119.997,-8.417],[120.022,-8.382],[120.040,-8.397],[120.074,-8.377],[120.050,-8.405],[120.084,-8.386],[120.084,-8.434],[120.11,-8.441],[120.125,-8.417],[120.120,-8.359],[120.162,-8.377],[120.201,-8.305],[120.287,-8.282]]],[[[119.614,-8.609],[119.662,-8.612],[119.672,-8.686],[119.708,-8.669],[119.687,-8.639],[119.714,-8.650],[119.718,-8.621],[119.805,-8.625],[119.796,-8.658],[119.755,-8.667],[119.743,-8.697],[119.710,-8.681],[119.690,-8.723],[119.727,-8.750],[119.695,-8.809],[119.660,-8.773],[119.622,-8.795],[119.604,-8.754],[119.608,-8.737],[119.627,-8.741],[119.617,-8.707],[119.659,-8.704],[119.655,-8.683],[119.627,-8.680],[119.642,-8.661],[119.614,-8.609]]],[[[119.601,-8.631],[119.602,-8.659],[119.565,-8.658],[119.563,-8.686],[119.535,-8.667],[119.601,-8.631]]],[[[119.457,-8.428],[119.470,-8.479],[119.532,-8.496],[119.563,-8.484],[119.571,-8.505],[119.549,-8.536],[119.566,-8.598],[119.519,-8.599],[119.523,-8.577],[119.505,-8.568],[119.484,-8.599],[119.453,-8.606],[119.462,-8.627],[119.493,-8.620],[119.433,-8.675],[119.456,-8.702],[119.452,-8.745],[119.47,-8.738],[119.443,-8.751],[119.405,-8.721],[119.377,-8.735],[119.409,-8.646],[119.398,-8.622],[119.374,-8.626],[119.388,-8.560],[119.436,-8.526],[119.418,-8.500],[119.449,-8.490],[119.420,-8.451],[119.450,-8.452],[119.457,-8.428]]]]}},{"type":"Feature","id":"53.17","properties":{"kode":"53.17"},"geometry":{"type":"Polygon","coordinates":[[[119.674,-9.828],[119.689,-9.817],[119.671,-9.780],[119.620,-9.800],[119.626,-9.766],[119.594,-9.779],[119.583,-9.761],[119.537,-9.758],[119.540,-9.696],[119.488,-9.665],[119.496,-9.622],[119.482,-9.607],[119.520,-9.526],[119.465,-9.514],[119.403,-9.376],[119.476,-9.358],[119.530,-9.378],[119.631,-9.345],[119.686,-9.382],[119.796,-9.399],[119.864,-9.343],[119.876,-9.371],[119.908,-9.382],[119.898,-9.434],[119.925,-9.485],[119.842,-9.576],[119.844,-9.659],[119.756,-9.704],[119.748,-9.734],[119.691,-9.820],[119.674,-9.828]]]}},{"type":"Feature","id":"53.18","properties":{"kode":"53.18"},"geometry":{"type":"Polygon","coordinates":[[[119.366,-9.378],[119.379,-9.412],[119.367,-9.466],[119.403,-9.560],[119.365,-9.615],[119.308,-9.634],[119.277,-9.684],[119.215,-9.683],[119.187,-9.648],[119.140,-9.691],[119.142,-9.729],[119.117,-9.726],[119.026,-9.674],[118.927,-9.557],[118.965,-9.481],[119.043,-9.426],[119.101,-9.421],[119.178,-9.374],[119.219,-9.391],[119.293,-9.357],[119.366,-9.378]]]}},{"type":"Feature","id":"53.16","properties":{"kode":"53.16"},"geometry":{"type":"Polygon","coordinates":[[[121.476,-8.564],[121.520,-8.635],[121.413,-8.687],[121.395,-8.719],[121.416,-8.744],[121.416,-8.786],[121.374,-8.802],[121.368,-8.878],[121.342,-8.905],[121.298,-8.907],[121.269,-8.886],[121.139,-8.898],[121.115,-8.875],[121.140,-8.843],[121.103,-8.749],[121.125,-8.685],[121.101,-8.661],[121.140,-8.629],[121.142,-8.550],[121.192,-8.525],[121.161,-8.479],[121.173,-8.441],[121.307,-8.479],[121.343,-8.547],[121.418,-8.591],[121.476,-8.564]]]}},{"type":"Feature","id":"53.19","properties":{"kode":"53.19"},"geometry":{"type":"Polygon","coordinates":[[[120.925,-8.354],[120.935,-8.372],[120.912,-8.409],[120.929,-8.427],[120.911,-8.453],[120.923,-8.471],[120.845,-8.515],[120.891,-8.650],[120.875,-8.697],[120.845,-8.706],[120.856,-8.748],[120.816,-8.841],[120.790,-8.839],[120.772,-8.886],[120.743,-8.892],[120.646,-8.867],[120.598,-8.816],[120.518,-8.818],[120.498,-8.714],[120.468,-8.686],[120.484,-8.654],[120.523,-8.638],[120.510,-8.565],[120.546,-8.494],[120.511,-8.408],[120.478,-8.381],[120.493,-8.293],[120.530,-8.272],[120.561,-8.301],[120.592,-8.296],[120.601,-8.255],[120.736,-8.349],[120.762,-8.336],[120.925,-8.354]]]}},{"type":"Feature","id":"53.20","properties":{"kode":"53.20"},"geometry":{"type":"MultiPolygon","coordinates":[[[[121.910,-10.418],[122.005,-10.453],[121.986,-10.550],[121.957,-10.551],[121.874,-10.618],[121.749,-10.615],[121.686,-10.58],[121.833,-10.499],[121.860,-10.435],[121.910,-10.418]]],[[[121.634,-10.602],[121.574,-10.642],[121.519,-10.633],[121.566,-10.598],[121.634,-10.602]]]]}},{"type":"Feature","id":"53.21","properties":{"kode":"53.21"},"geometry":{"type":"Polygon","coordinates":[[[124.807,-9.788],[124.799,-9.744],[124.821,-9.668],[124.785,-9.598],[124.757,-9.61],[124.792,-9.637],[124.736,-9.650],[124.653,-9.618],[124.645,-9.584],[124.693,-9.585],[124.725,-9.554],[124.756,-9.560],[124.721,-9.503],[124.781,-9.470],[124.797,-9.425],[124.779,-9.400],[124.800,-9.387],[124.801,-9.35],[124.843,-9.360],[124.85,-9.388],[124.899,-9.362],[124.959,-9.393],[124.986,-9.372],[125.010,-9.300],[125.052,-9.331],[125.089,-9.457],[124.988,-9.559],[124.983,-9.634],[124.947,-9.681],[124.89,-9.699],[124.807,-9.788]]]}},{"type":"Feature","id":"53.71","properties":{"kode":"53.71"},"geometry":{"type":"Polygon","coordinates":[[[123.664,-10.224],[123.618,-10.235],[123.632,-10.286],[123.585,-10.287],[123.573,-10.218],[123.539,-10.246],[123.530,-10.178],[123.673,-10.123],[123.682,-10.143],[123.667,-10.164],[123.691,-10.170],[123.635,-10.193],[123.664,-10.224]]]}},{"type":"Feature","id":"61.01","properties":{"kode":"61.01"},"geometry":{"type":"Polygon","coordinates":[[[109.752,1.536],[109.719,1.476],[109.652,1.434],[109.611,1.431],[109.607,1.392],[109.576,1.380],[109.615,1.363],[109.620,1.241],[109.561,1.188],[109.553,1.131],[109.497,1.018],[109.424,1.044],[109.378,0.998],[109.313,1.026],[109.241,1.018],[109.193,0.959],[109.149,0.98],[109.129,1.017],[109.093,0.990],[109.047,1.008],[108.978,0.997],[108.903,1.168],[108.956,1.166],[108.979,1.184],[108.965,1.218],[109.039,1.341],[109.053,1.517],[109.258,1.67],[109.300,1.767],[109.287,1.773],[109.335,1.828],[109.343,1.876],[109.322,1.927],[109.337,1.943],[109.427,1.950],[109.473,1.981],[109.584,1.990],[109.644,2.080],[109.620,1.983],[109.560,1.971],[109.551,1.956],[109.567,1.945],[109.538,1.911],[109.586,1.791],[109.635,1.805],[109.685,1.782],[109.662,1.617],[109.752,1.536]]]}},{"type":"Feature","id":"61.07","properties":{"kode":"61.07"},"geometry":{"type":"Polygon","coordinates":[[[110.127,1.194],[110.101,1.160],[110.131,1.081],[110.112,1.062],[110.143,1.025],[110.112,1.007],[110.070,1.039],[109.942,1.031],[109.931,0.949],[109.871,0.894],[109.867,0.867],[109.772,0.849],[109.766,0.834],[109.692,0.847],[109.660,0.753],[109.520,0.704],[109.475,0.770],[109.427,0.761],[109.412,0.735],[109.353,0.774],[109.314,0.726],[109.273,0.720],[109.262,0.753],[109.211,0.702],[109.172,0.701],[109.081,0.590],[108.962,0.529],[108.929,0.553],[108.923,0.645],[108.872,0.712],[108.882,0.766],[108.840,0.814],[108.880,0.839],[108.967,0.771],[108.954,0.758],[109.051,0.745],[109.076,0.782],[109.051,0.788],[109.050,0.835],[109.094,0.843],[109.160,0.892],[109.174,0.906],[109.162,0.949],[109.205,0.966],[109.241,1.018],[109.313,1.026],[109.378,0.998],[109.424,1.044],[109.478,1.014],[109.502,1.022],[109.561,1.188],[109.620,1.241],[109.615,1.363],[109.576,1.380],[109.607,1.392],[109.611,1.431],[109.652,1.434],[109.719,1.476],[109.752,1.536],[109.798,1.504],[109.801,1.469],[109.837,1.483],[109.837,1.421],[109.930,1.425],[109.963,1.402],[109.979,1.299],[110.058,1.270],[110.065,1.209],[110.086,1.217],[110.127,1.194]]]}},{"type":"Feature","id":"61.08","properties":{"kode":"61.08"},"geometry":{"type":"Polygon","coordinates":[[[110.135,1.020],[110.135,1.005],[110.221,0.982],[110.217,0.918],[110.259,0.871],[110.240,0.848],[110.184,0.836],[110.178,0.806],[110.201,0.752],[110.239,0.727],[110.245,0.676],[110.220,0.601],[110.254,0.549],[110.199,0.525],[110.198,0.485],[110.163,0.457],[110.207,0.409],[110.196,0.415],[110.189,0.381],[110.162,0.377],[110.135,0.322],[110.150,0.274],[110.118,0.245],[110.117,0.207],[110.071,0.222],[110.049,0.211],[110.023,0.141],[109.992,0.141],[109.958,0.107],[109.936,0.114],[109.908,0.084],[109.772,0.076],[109.748,0.092],[109.734,0.079],[109.699,0.098],[109.691,0.070],[109.655,0.056],[109.664,0.043],[109.648,0.048],[109.654,0.035],[109.631,0.048],[109.611,0.019],[109.572,0.037],[109.588,0.022],[109.580,-0.005],[109.545,-0.000],[109.507,-0.031],[109.521,0.037],[109.500,0.068],[109.511,0.116],[109.488,0.214],[109.436,0.229],[109.367,0.196],[109.318,0.246],[109.256,0.229],[109.243,0.245],[109.179,0.246],[109.171,0.273],[109.208,0.323],[109.267,0.332],[109.322,0.377],[109.271,0.455],[109.247,0.453],[109.238,0.473],[109.208,0.465],[109.205,0.498],[109.233,0.524],[109.259,0.610],[109.284,0.627],[109.250,0.667],[109.165,0.668],[109.151,0.681],[109.172,0.701],[109.211,0.702],[109.262,0.753],[109.273,0.720],[109.314,0.726],[109.353,0.774],[109.412,0.735],[109.427,0.761],[109.475,0.770],[109.520,0.704],[109.559,0.710],[109.660,0.753],[109.692,0.847],[109.766,0.834],[109.772,0.849],[109.867,0.867],[109.871,0.894],[109.931,0.949],[109.942,1.031],[110.070,1.039],[110.112,1.007],[110.135,1.020]]]}},{"type":"Feature","id":"61.02","properties":{"kode":"61.02"},"geometry":{"type":"Polygon","coordinates":[[[109.367,0.196],[109.370,0.021],[109.308,0.038],[109.287,0.005],[109.178,0.034],[109.194,0.060],[109.139,0.125],[109.100,0.236],[109.006,0.301],[108.917,0.329],[108.946,0.409],[108.908,0.483],[108.926,0.562],[108.951,0.531],[108.990,0.554],[108.995,0.542],[109.031,0.576],[109.081,0.590],[109.143,0.647],[109.151,0.681],[109.174,0.664],[109.250,0.667],[109.284,0.627],[109.259,0.610],[109.233,0.524],[109.205,0.498],[109.208,0.465],[109.238,0.473],[109.247,0.453],[109.271,0.455],[109.322,0.374],[109.267,0.332],[109.208,0.323],[109.172,0.264],[109.179,0.246],[109.243,0.245],[109.246,0.229],[109.318,0.246],[109.367,0.196]]]}},{"type":"Feature","id":"61.03","properties":{"kode":"61.03"},"geometry":{"type":"Polygon","coordinates":[[[110.803,0.900],[110.759,0.850],[110.791,0.793],[110.869,0.754],[110.851,0.743],[110.857,0.727],[110.903,0.712],[111.011,0.739],[110.989,0.709],[111.013,0.659],[110.988,0.598],[110.999,0.558],[110.942,0.461],[110.959,0.372],[110.923,0.339],[110.908,0.251],[110.888,0.235],[110.910,0.222],[110.900,0.166],[110.843,0.096],[110.764,0.085],[110.725,-0.003],[110.714,-0.082],[110.748,-0.159],[110.700,-0.168],[110.637,-0.142],[110.597,-0.157],[110.629,-0.203],[110.560,-0.259],[110.555,-0.342],[110.570,-0.346],[110.543,-0.350],[110.504,-0.324],[110.441,-0.335],[110.427,-0.385],[110.384,-0.381],[110.378,-0.401],[110.321,-0.410],[110.301,-0.451],[110.214,-0.419],[110.155,-0.438],[110.107,-0.428],[110.098,-0.397],[110.050,-0.387],[110.036,-0.436],[109.965,-0.497],[109.969,-0.456],[109.946,-0.442],[109.971,-0.434],[109.929,-0.413],[109.924,-0.392],[109.926,-0.360],[109.952,-0.351],[109.936,-0.318],[109.970,-0.282],[109.944,-0.228],[109.947,-0.141],[109.905,-0.136],[109.903,-0.107],[109.851,-0.049],[109.842,0.004],[109.884,0.041],[109.876,0.077],[109.936,0.114],[109.958,0.107],[110.005,0.147],[110.023,0.141],[110.049,0.211],[110.071,0.222],[110.117,0.207],[110.118,0.245],[110.150,0.274],[110.135,0.322],[110.162,0.377],[110.189,0.381],[110.196,0.415],[110.207,0.409],[110.163,0.457],[110.198,0.485],[110.199,0.525],[110.254,0.549],[110.220,0.601],[110.245,0.676],[110.239,0.727],[110.201,0.752],[110.178,0.806],[110.184,0.836],[110.240,0.848],[110.259,0.871],[110.217,0.918],[110.221,0.982],[110.135,1.005],[110.105,1.169],[110.132,1.199],[110.193,1.182],[110.210,1.118],[110.241,1.117],[110.260,1.057],[110.286,1.044],[110.276,0.996],[110.325,0.992],[110.339,1.012],[110.353,0.986],[110.396,0.997],[110.405,0.953],[110.439,0.943],[110.444,0.909],[110.490,0.876],[110.575,0.853],[110.621,0.866],[110.648,0.902],[110.651,0.877],[110.690,0.863],[110.716,0.906],[110.755,0.899],[110.771,0.932],[110.803,0.900]]]}},{"type":"Feature","id":"61.04","properties":{"kode":"61.04"},"geometry":{"type":"MultiPolygon","coordinates":[[[[110.570,-0.346],[110.562,-0.371],[110.597,-0.395],[110.616,-0.440],[110.614,-0.508],[110.633,-0.550],[110.616,-0.564],[110.634,-0.587],[110.713,-0.622],[110.823,-0.599],[110.863,-0.635],[110.871,-0.673],[110.895,-0.680],[110.910,-0.665],[110.934,-0.676],[110.935,-0.649],[110.97,-0.626],[110.928,-0.558],[110.965,-0.520],[110.963,-0.485],[111.007,-0.506],[111.191,-0.513],[111.213,-0.531],[111.240,-0.622],[111.215,-0.656],[111.242,-0.714],[111.207,-0.782],[111.218,-0.849],[111.185,-0.822],[111.161,-0.845],[111.167,-0.911],[111.114,-0.951],[111.150,-0.965],[111.144,-1.007],[111.201,-1.021],[111.216,-1.053],[111.239,-1.056],[111.262,-1.098],[111.233,-1.185],[111.262,-1.215],[111.255,-1.249],[111.316,-1.258],[111.315,-1.301],[111.341,-1.320],[111.326,-1.367],[111.305,-1.389],[111.284,-1.383],[111.254,-1.438],[111.203,-1.442],[111.2,-1.474],[111.180,-1.476],[111.160,-1.433],[111.144,-1.439],[111.080,-1.524],[111.038,-1.529],[111.006,-1.503],[110.969,-1.552],[110.935,-1.557],[110.863,-1.624],[110.872,-1.656],[110.919,-1.693],[110.94,-1.657],[110.994,-1.650],[110.984,-1.689],[111.025,-1.719],[111.014,-1.781],[110.953,-1.844],[110.950,-1.887],[111.010,-1.969],[111.055,-1.957],[111.101,-1.988],[111.078,-2.009],[111.087,-2.046],[111.058,-2.059],[111.069,-2.114],[111.025,-2.226],[111.115,-2.327],[111.117,-2.432],[111.099,-2.466],[111.118,-2.530],[111.147,-2.541],[111.127,-2.562],[111.131,-2.598],[111.170,-2.707],[111.100,-2.768],[111.009,-2.797],[110.961,-2.859],[110.794,-2.912],[110.755,-2.941],[110.733,-2.996],[110.649,-3.039],[110.610,-2.990],[110.643,-2.990],[110.623,-2.889],[110.563,-2.838],[110.412,-2.900],[110.303,-2.994],[110.257,-2.955],[110.224,-2.887],[110.255,-2.840],[110.260,-2.767],[110.221,-2.739],[110.232,-2.692],[110.212,-2.646],[110.148,-2.622],[110.189,-2.571],[110.182,-2.461],[110.148,-2.429],[110.133,-2.294],[110.092,-2.243],[110.063,-2.248],[110.087,-2.234],[110.085,-2.178],[110.108,-2.155],[110.116,-2.028],[110.067,-1.931],[109.901,-1.830],[109.928,-1.830],[109.908,-1.805],[109.914,-1.773],[109.945,-1.774],[110.025,-1.684],[110.068,-1.362],[110.214,-1.344],[110.219,-1.284],[110.284,-1.283],[110.322,-1.256],[110.416,-1.262],[110.393,-1.202],[110.326,-1.129],[110.335,-1.105],[110.357,-1.111],[110.358,-1.074],[110.269,-1.000],[110.281,-0.975],[110.243,-0.965],[110.241,-0.933],[110.165,-0.934],[110.152,-0.913],[110.166,-0.857],[110.143,-0.856],[110.009,-0.723],[109.962,-0.740],[109.939,-0.740],[109.932,-0.719],[109.899,-0.732],[109.860,-0.659],[109.818,-0.684],[109.808,-0.671],[109.819,-0.636],[109.879,-0.588],[109.889,-0.550],[109.947,-0.500],[109.974,-0.499],[110.036,-0.436],[110.050,-0.387],[110.098,-0.397],[110.107,-0.428],[110.155,-0.438],[110.214,-0.419],[110.301,-0.451],[110.321,-0.410],[110.378,-0.401],[110.384,-0.381],[110.427,-0.385],[110.441,-0.335],[110.504,-0.324],[110.543,-0.350],[110.570,-0.346]]],[[[110.169,-2.852],[110.201,-2.883],[110.192,-2.911],[110.133,-2.898],[110.169,-2.852]]],[[[110.113,-2.675],[110.127,-2.694],[110.121,-2.748],[110.082,-2.761],[110.045,-2.748],[110.113,-2.675]]]]}},{"type":"Feature","id":"61.05","properties":{"kode":"61.05"},"geometry":{"type":"Polygon","coordinates":[[[111.488,1.035],[111.561,0.921],[111.625,0.923],[111.643,0.860],[111.745,0.757],[111.687,0.627],[111.720,0.570],[111.724,0.459],[111.686,0.377],[111.644,0.359],[111.650,0.334],[111.663,0.342],[111.681,0.321],[111.673,0.278],[111.770,0.233],[111.840,0.228],[111.867,0.183],[111.968,0.162],[112.002,0.194],[112.058,0.179],[112.048,0.134],[112.092,0.119],[112.139,0.066],[112.145,0.088],[112.191,0.090],[112.217,0.114],[112.264,0.110],[112.290,0.082],[112.336,0.105],[112.393,0.094],[112.398,0.146],[112.505,0.104],[112.511,0.183],[112.549,0.181],[112.569,0.204],[112.647,0.167],[112.628,0.204],[112.670,0.241],[112.753,0.233],[112.824,0.162],[112.948,0.146],[112.975,0.175],[112.965,0.214],[113.054,0.291],[113.100,0.262],[113.102,0.228],[113.122,0.211],[113.179,0.243],[113.261,0.23],[113.309,0.173],[113.400,0.134],[113.414,0.116],[113.393,0.082],[113.395,0.034],[113.432,0.009],[113.415,-0.047],[113.443,-0.064],[113.422,-0.110],[113.330,-0.151],[113.290,-0.208],[113.305,-0.254],[113.220,-0.333],[113.271,-0.424],[113.218,-0.506],[113.131,-0.452],[113.054,-0.513],[113.036,-0.495],[112.986,-0.497],[112.832,-0.577],[112.743,-0.572],[112.733,-0.630],[112.703,-0.620],[112.688,-0.659],[112.638,-0.657],[112.593,-0.690],[112.502,-0.700],[112.412,-0.621],[112.44,-0.547],[112.414,-0.483],[112.437,-0.430],[112.363,-0.345],[112.386,-0.295],[112.372,-0.255],[112.408,-0.180],[112.232,-0.241],[112.147,-0.308],[112.107,-0.262],[112.046,-0.235],[112.037,-0.204],[112.027,-0.220],[111.980,-0.216],[111.931,-0.186],[111.891,-0.210],[111.858,-0.192],[111.855,-0.208],[111.815,-0.215],[111.780,-0.178],[111.751,-0.190],[111.702,-0.127],[111.661,-0.164],[111.551,-0.212],[111.539,-0.234],[111.498,-0.233],[111.479,-0.272],[111.495,-0.322],[111.469,-0.344],[111.430,-0.366],[111.391,-0.349],[111.367,-0.359],[111.185,-0.515],[111.095,-0.504],[110.998,-0.373],[111.022,-0.368],[111.052,-0.313],[111.032,-0.279],[111.089,-0.245],[111.088,-0.144],[111.133,-0.110],[111.144,0.009],[111.122,0.085],[111.162,0.100],[111.217,0.062],[111.236,0.120],[111.296,0.134],[111.267,0.167],[111.257,0.296],[111.231,0.306],[111.208,0.367],[111.225,0.375],[111.215,0.399],[111.235,0.439],[111.294,0.5],[111.289,0.545],[111.271,0.577],[111.212,0.598],[111.187,0.693],[110.997,0.745],[110.903,0.712],[110.857,0.727],[110.851,0.743],[110.869,0.754],[110.791,0.793],[110.759,0.850],[110.816,0.906],[110.809,0.95],[110.858,0.950],[110.906,1.029],[111.153,1.052],[111.231,1.086],[111.252,1.063],[111.413,1.007],[111.488,1.035]]]}},{"type":"Feature","id":"61.06","properties":{"kode":"61.06"},"geometry":{"type":"Polygon","coordinates":[[[114.205,1.410],[114.155,1.374],[114.163,1.309],[114.148,1.291],[114.170,1.264],[114.135,1.219],[114.149,1.199],[114.121,1.147],[114.086,1.157],[114.051,1.127],[114.038,1.145],[113.996,1.142],[113.964,1.113],[113.947,1.060],[113.889,1.047],[113.913,0.972],[113.871,0.889],[113.926,0.841],[113.873,0.775],[113.899,0.752],[113.894,0.726],[113.839,0.695],[113.841,0.657],[113.821,0.641],[113.847,0.608],[113.820,0.575],[113.798,0.595],[113.762,0.574],[113.737,0.538],[113.662,0.492],[113.651,0.435],[113.581,0.397],[113.586,0.361],[113.450,0.263],[113.317,0.268],[113.261,0.23],[113.179,0.243],[113.131,0.209],[113.102,0.228],[113.100,0.262],[113.054,0.291],[112.965,0.214],[112.975,0.175],[112.941,0.145],[112.824,0.162],[112.753,0.233],[112.670,0.241],[112.628,0.204],[112.647,0.167],[112.569,0.204],[112.549,0.181],[112.511,0.183],[112.505,0.104],[112.398,0.146],[112.393,0.094],[112.336,0.105],[112.290,0.082],[112.264,0.110],[112.217,0.114],[112.191,0.090],[112.145,0.088],[112.139,0.066],[112.092,0.119],[112.048,0.134],[112.058,0.179],[112.002,0.194],[111.968,0.162],[111.867,0.183],[111.840,0.228],[111.770,0.233],[111.673,0.278],[111.681,0.321],[111.663,0.342],[111.650,0.334],[111.644,0.359],[111.686,0.377],[111.724,0.459],[111.720,0.570],[111.687,0.627],[111.745,0.757],[111.643,0.860],[111.625,0.923],[111.561,0.921],[111.529,0.954],[111.551,0.956],[111.548,0.988],[111.581,0.979],[111.596,1.009],[111.667,1.043],[111.696,1.017],[111.713,1.025],[111.717,1.006],[111.766,1.019],[111.778,0.999],[111.828,0.986],[111.869,1.013],[111.886,1.078],[111.925,1.092],[111.935,1.122],[111.997,1.139],[112.142,1.135],[112.135,1.176],[112.164,1.209],[112.170,1.281],[112.232,1.379],[112.232,1.398],[112.202,1.403],[112.204,1.435],[112.287,1.473],[112.319,1.507],[112.434,1.527],[112.501,1.583],[112.657,1.571],[112.676,1.554],[112.774,1.563],[112.838,1.539],[112.885,1.586],[112.973,1.563],[112.999,1.578],[113.058,1.558],[113.069,1.529],[113.031,1.491],[113.041,1.474],[112.982,1.45],[112.974,1.411],[113.024,1.407],[113.105,1.445],[113.144,1.387],[113.188,1.376],[113.232,1.394],[113.328,1.375],[113.420,1.285],[113.452,1.285],[113.499,1.318],[113.583,1.307],[113.597,1.262],[113.625,1.253],[113.618,1.23],[113.662,1.217],[113.703,1.266],[113.803,1.300],[113.829,1.334],[113.814,1.366],[113.974,1.449],[114.142,1.466],[114.205,1.410]]]}},{"type":"Feature","id":"61.09","properties":{"kode":"61.09"},"geometry":{"type":"Polygon","coordinates":[[[111.095,-0.504],[111.007,-0.506],[110.963,-0.485],[110.965,-0.520],[110.928,-0.558],[110.97,-0.626],[110.935,-0.649],[110.930,-0.677],[110.871,-0.673],[110.863,-0.635],[110.823,-0.599],[110.763,-0.621],[110.679,-0.616],[110.616,-0.564],[110.633,-0.550],[110.614,-0.508],[110.616,-0.440],[110.597,-0.395],[110.562,-0.371],[110.570,-0.346],[110.554,-0.329],[110.560,-0.259],[110.629,-0.203],[110.597,-0.157],[110.637,-0.142],[110.700,-0.168],[110.748,-0.159],[110.714,-0.049],[110.764,0.085],[110.843,0.096],[110.900,0.166],[110.910,0.222],[110.888,0.235],[110.908,0.251],[110.923,0.339],[110.959,0.372],[110.942,0.461],[110.999,0.558],[110.988,0.598],[111.013,0.659],[110.989,0.709],[111.011,0.739],[111.199,0.685],[111.212,0.598],[111.271,0.577],[111.295,0.511],[111.224,0.420],[111.225,0.375],[111.208,0.367],[111.231,0.306],[111.257,0.296],[111.267,0.167],[111.296,0.134],[111.236,0.120],[111.217,0.062],[111.162,0.100],[111.122,0.085],[111.144,0.009],[111.133,-0.110],[111.088,-0.144],[111.089,-0.245],[111.032,-0.279],[111.052,-0.313],[111.022,-0.368],[110.998,-0.373],[111.095,-0.504]]]}},{"type":"Feature","id":"61.10","properties":{"kode":"61.10"},"geometry":{"type":"Polygon","coordinates":[[[112.462,-0.669],[112.385,-0.713],[112.347,-0.703],[112.315,-0.723],[112.259,-0.631],[112.215,-0.613],[112.176,-0.643],[112.175,-0.725],[112.147,-0.730],[112.083,-0.701],[112.056,-0.768],[111.976,-0.813],[111.921,-0.794],[111.914,-0.844],[111.886,-0.842],[111.838,-0.902],[111.751,-0.910],[111.723,-0.942],[111.641,-0.967],[111.616,-1.056],[111.570,-1.059],[111.546,-1.098],[111.577,-1.169],[111.554,-1.202],[111.526,-1.202],[111.425,-1.266],[111.390,-1.253],[111.384,-1.289],[111.341,-1.320],[111.315,-1.301],[111.316,-1.258],[111.255,-1.249],[111.262,-1.215],[111.233,-1.185],[111.262,-1.098],[111.239,-1.056],[111.216,-1.053],[111.201,-1.021],[111.144,-1.007],[111.150,-0.965],[111.114,-0.951],[111.167,-0.911],[111.161,-0.845],[111.185,-0.822],[111.218,-0.849],[111.207,-0.782],[111.242,-0.736],[111.214,-0.637],[111.240,-0.622],[111.239,-0.591],[111.185,-0.510],[111.367,-0.359],[111.391,-0.349],[111.430,-0.366],[111.469,-0.344],[111.495,-0.322],[111.479,-0.272],[111.498,-0.233],[111.539,-0.234],[111.551,-0.212],[111.661,-0.164],[111.693,-0.129],[111.751,-0.190],[111.780,-0.178],[111.815,-0.215],[111.855,-0.208],[111.858,-0.192],[111.891,-0.210],[111.931,-0.186],[111.980,-0.216],[112.027,-0.220],[112.037,-0.204],[112.046,-0.235],[112.107,-0.262],[112.147,-0.308],[112.232,-0.241],[112.408,-0.180],[112.372,-0.255],[112.386,-0.295],[112.363,-0.345],[112.437,-0.430],[112.414,-0.483],[112.44,-0.547],[112.412,-0.621],[112.462,-0.669]]]}},{"type":"Feature","id":"61.11","properties":{"kode":"61.11"},"geometry":{"type":"MultiPolygon","coordinates":[[[[110.068,-1.362],[110.028,-1.297],[109.993,-1.274],[109.961,-1.277],[109.935,-1.219],[109.906,-1.204],[109.939,-1.123],[109.818,-1.091],[109.803,-1.049],[109.767,-1.032],[109.761,-0.992],[109.732,-0.987],[109.727,-0.921],[109.800,-0.870],[109.798,-0.843],[109.893,-0.822],[109.932,-0.78],[109.939,-0.740],[109.979,-0.725],[110.009,-0.723],[110.143,-0.856],[110.166,-0.857],[110.152,-0.913],[110.165,-0.934],[110.241,-0.933],[110.243,-0.965],[110.281,-0.975],[110.269,-1.000],[110.358,-1.074],[110.357,-1.111],[110.335,-1.105],[110.326,-1.129],[110.393,-1.202],[110.393,-1.233],[110.416,-1.256],[110.322,-1.256],[110.284,-1.283],[110.219,-1.284],[110.214,-1.344],[110.068,-1.362]]],[[[109.498,-0.979],[109.552,-1.003],[109.599,-0.981],[109.637,-0.987],[109.642,-1.011],[109.675,-1.020],[109.703,-0.991],[109.760,-1.004],[109.78,-1.144],[109.496,-1.309],[109.431,-1.294],[109.379,-1.255],[109.424,-1.205],[109.458,-1.002],[109.498,-0.979]]],[[[109.260,-1.182],[109.270,-1.209],[109.249,-1.237],[109.217,-1.237],[109.227,-1.200],[109.260,-1.182]]],[[[108.897,-1.534],[108.982,-1.600],[108.939,-1.652],[108.857,-1.677],[108.826,-1.649],[108.837,-1.583],[108.789,-1.581],[108.835,-1.553],[108.846,-1.569],[108.878,-1.567],[108.897,-1.534]]],[[[108.684,-1.703],[108.785,-1.711],[108.680,-1.722],[108.684,-1.703]]]]}},{"type":"Feature","id":"61.12","properties":{"kode":"61.12"},"geometry":{"type":"MultiPolygon","coordinates":[[[[109.876,0.077],[109.884,0.041],[109.842,0.001],[109.851,-0.049],[109.903,-0.107],[109.905,-0.136],[109.947,-0.141],[109.944,-0.228],[109.970,-0.282],[109.936,-0.318],[109.952,-0.351],[109.926,-0.360],[109.924,-0.392],[109.929,-0.413],[109.971,-0.434],[109.946,-0.442],[109.972,-0.476],[109.883,-0.556],[109.879,-0.588],[109.819,-0.636],[109.808,-0.671],[109.818,-0.684],[109.860,-0.659],[109.884,-0.723],[109.932,-0.719],[109.940,-0.760],[109.893,-0.822],[109.798,-0.843],[109.800,-0.870],[109.754,-0.895],[109.739,-0.884],[109.750,-0.875],[109.746,-0.863],[109.740,-0.859],[109.719,-0.870],[109.720,-0.849],[109.713,-0.829],[109.691,-0.824],[109.678,-0.829],[109.660,-0.806],[109.635,-0.795],[109.637,-0.786],[109.632,-0.751],[109.670,-0.755],[109.673,-0.739],[109.691,-0.727],[109.696,-0.72],[109.696,-0.718],[109.692,-0.715],[109.688,-0.714],[109.688,-0.706],[109.655,-0.671],[109.646,-0.683],[109.614,-0.683],[109.607,-0.685],[109.596,-0.693],[109.584,-0.650],[109.473,-0.617],[109.413,-0.630],[109.374,-0.584],[109.328,-0.588],[109.330,-0.572],[109.315,-0.594],[109.253,-0.604],[109.201,-0.551],[109.181,-0.57],[109.142,-0.562],[109.114,-0.504],[109.097,-0.361],[109.113,-0.329],[109.086,-0.284],[109.089,-0.273],[109.119,-0.259],[109.136,-0.237],[109.170,-0.231],[109.196,-0.220],[109.181,-0.194],[109.189,-0.136],[109.181,-0.106],[109.188,-0.091],[109.158,-0.037],[109.170,0.033],[109.287,0.005],[109.274,-0.029],[109.321,-0.094],[109.342,-0.098],[109.385,-0.053],[109.364,0.042],[109.380,0.048],[109.379,0.211],[109.436,0.229],[109.488,0.214],[109.511,0.116],[109.500,0.068],[109.521,0.037],[109.507,-0.031],[109.545,-0.000],[109.580,-0.005],[109.588,0.022],[109.572,0.037],[109.611,0.019],[109.631,0.048],[109.654,0.035],[109.648,0.048],[109.664,0.043],[109.655,0.056],[109.691,0.070],[109.699,0.098],[109.728,0.079],[109.753,0.092],[109.772,0.076],[109.813,0.089],[109.876,0.077]]],[[[109.252,-0.661],[109.306,-0.702],[109.391,-0.707],[109.466,-0.754],[109.551,-0.743],[109.560,-0.763],[109.676,-0.832],[109.712,-0.833],[109.717,-0.872],[109.747,-0.874],[109.737,-0.878],[109.743,-0.901],[109.721,-0.913],[109.721,-0.973],[109.683,-1.013],[109.612,-0.972],[109.583,-0.898],[109.438,-0.852],[109.396,-0.867],[109.382,-0.874],[109.382,-0.880],[109.360,-0.868],[109.353,-0.868],[109.348,-0.871],[109.344,-0.874],[109.338,-0.871],[109.336,-0.870],[109.334,-0.872],[109.334,-0.876],[109.335,-0.884],[109.324,-0.893],[109.360,-0.869],[109.418,-0.917],[109.405,-0.932],[109.310,-0.908],[109.307,-0.888],[109.311,-0.885],[109.316,-0.891],[109.319,-0.893],[109.324,-0.893],[109.310,-0.884],[109.308,-0.886],[109.307,-0.889],[109.307,-0.894],[109.300,-0.900],[109.241,-0.820],[109.252,-0.661]]],[[[109.607,-0.744],[109.695,-0.720],[109.670,-0.740],[109.668,-0.752],[109.607,-0.744]]],[[[109.632,-0.705],[109.687,-0.714],[109.628,-0.732],[109.577,-0.709],[109.596,-0.709],[109.616,-0.702],[109.621,-0.705],[109.632,-0.705]]],[[[109.656,-0.672],[109.670,-0.698],[109.552,-0.706],[109.634,-0.689],[109.648,-0.683],[109.656,-0.672]]],[[[109.584,-0.739],[109.626,-0.751],[109.635,-0.791],[109.568,-0.759],[109.584,-0.739]]],[[[109.458,-0.636],[109.583,-0.653],[109.582,-0.686],[109.546,-0.703],[109.498,-0.693],[109.472,-0.670],[109.491,-0.674],[109.496,-0.667],[109.496,-0.661],[109.489,-0.663],[109.472,-0.641],[109.458,-0.636]]],[[[109.493,-0.700],[109.559,-0.715],[109.542,-0.731],[109.464,-0.731],[109.446,-0.708],[109.458,-0.720],[109.462,-0.720],[109.483,-0.717],[109.483,-0.706],[109.491,-0.707],[109.493,-0.700]]],[[[109.427,-0.642],[109.459,-0.639],[109.475,-0.646],[109.486,-0.663],[109.494,-0.667],[109.489,-0.673],[109.427,-0.642]]],[[[109.435,-0.676],[109.453,-0.672],[109.470,-0.688],[109.489,-0.696],[109.491,-0.706],[109.483,-0.705],[109.483,-0.716],[109.458,-0.718],[109.411,-0.674],[109.418,-0.669],[109.435,-0.676]]],[[[109.364,-0.617],[109.449,-0.660],[109.477,-0.682],[109.441,-0.666],[109.434,-0.674],[109.425,-0.667],[109.404,-0.672],[109.361,-0.653],[109.364,-0.617]]],[[[109.409,-0.873],[109.432,-0.896],[109.420,-0.913],[109.383,-0.880],[109.409,-0.873]]],[[[109.127,-0.202],[109.193,-0.218],[109.132,-0.236],[109.083,-0.270],[109.093,-0.331],[109.061,-0.28],[109.056,-0.227],[109.127,-0.202]]],[[[109.158,-0.061],[109.186,-0.137],[109.176,-0.194],[109.124,-0.115],[109.158,-0.061]]],[[[109.102,-0.168],[109.160,-0.188],[109.172,-0.201],[109.086,-0.187],[109.102,-0.168]]],[[[109.125,-0.150],[109.113,-0.166],[109.091,-0.151],[109.093,-0.130],[109.112,-0.117],[109.125,-0.150]]]]}},{"type":"Feature","id":"61.71","properties":{"kode":"61.71"},"geometry":{"type":"Polygon","coordinates":[[[109.274,-0.029],[109.308,0.038],[109.370,0.021],[109.385,-0.053],[109.342,-0.098],[109.274,-0.029]]]}},{"type":"Feature","id":"61.72","properties":{"kode":"61.72"},"geometry":{"type":"Polygon","coordinates":[[[109.175,0.962],[109.159,0.934],[109.174,0.906],[109.094,0.843],[109.050,0.835],[109.051,0.788],[109.076,0.782],[109.051,0.745],[108.954,0.758],[108.967,0.771],[108.873,0.840],[108.948,0.899],[108.978,0.997],[109.047,1.008],[109.093,0.990],[109.129,1.017],[109.175,0.962]]]}},{"type":"Feature","id":"62.01","properties":{"kode":"62.01"},"geometry":{"type":"Polygon","coordinates":[[[111.794,-3.525],[111.771,-3.509],[111.817,-3.395],[111.797,-3.203],[111.825,-3.050],[111.754,-2.894],[111.712,-2.849],[111.669,-2.894],[111.697,-2.919],[111.690,-2.941],[111.632,-2.959],[111.548,-3.022],[111.527,-2.980],[111.457,-2.924],[111.412,-2.903],[111.390,-2.919],[111.361,-2.908],[111.382,-2.817],[111.382,-2.76],[111.362,-2.759],[111.399,-2.653],[111.308,-2.584],[111.225,-2.562],[111.217,-2.505],[111.286,-2.516],[111.275,-2.429],[111.295,-2.408],[111.283,-2.372],[111.265,-2.372],[111.274,-2.336],[111.316,-2.332],[111.316,-2.305],[111.346,-2.306],[111.368,-2.275],[111.460,-2.314],[111.584,-2.307],[111.602,-2.202],[111.660,-2.180],[111.649,-2.150],[111.680,-2.121],[111.744,-2.122],[111.740,-2.082],[111.776,-2.066],[111.776,-2.033],[111.821,-1.998],[111.809,-1.938],[111.834,-1.915],[111.817,-1.882],[111.835,-1.844],[111.811,-1.811],[111.844,-1.719],[111.786,-1.648],[111.817,-1.601],[111.75,-1.483],[111.872,-1.544],[111.900,-1.587],[111.955,-1.750],[111.937,-1.868],[112.074,-1.972],[112.056,-2.067],[112.018,-2.125],[112.024,-2.232],[112.073,-2.347],[112.04,-2.345],[112.061,-2.427],[112.013,-2.465],[112.061,-2.649],[112.042,-2.688],[112.129,-2.765],[112.139,-2.803],[112.096,-3.053],[112.131,-3.159],[111.794,-3.525]]]}},{"type":"Feature","id":"62.02","properties":{"kode":"62.02"},"geometry":{"type":"Polygon","coordinates":[[[113.234,-3.152],[113.184,-3.083],[113.097,-3.039],[113.032,-2.974],[113.011,-3.033],[112.942,-3.111],[112.963,-3.144],[113.009,-3.160],[112.919,-3.240],[112.81,-3.298],[112.814,-3.050],[112.845,-2.998],[112.843,-2.845],[112.822,-2.805],[112.744,-2.754],[112.636,-2.728],[112.609,-2.704],[112.604,-2.666],[112.511,-2.629],[112.505,-2.537],[112.450,-2.491],[112.452,-2.432],[112.434,-2.435],[112.436,-2.362],[112.430,-2.331],[112.408,-2.331],[112.408,-2.267],[112.373,-2.267],[112.373,-2.196],[112.335,-2.179],[112.31,-2.135],[112.306,-2.062],[112.331,-2.052],[112.340,-2.008],[112.312,-1.984],[112.344,-1.925],[112.251,-1.860],[112.251,-1.832],[112.218,-1.809],[112.067,-1.594],[112.126,-1.447],[112.127,-1.312],[112.202,-1.302],[112.257,-1.320],[112.316,-1.303],[112.350,-1.231],[112.392,-1.239],[112.461,-1.198],[112.632,-1.207],[112.674,-1.255],[112.691,-1.306],[112.749,-1.333],[112.746,-1.378],[112.839,-1.423],[112.838,-1.504],[112.862,-1.524],[112.863,-1.591],[112.898,-1.594],[112.896,-1.640],[112.929,-1.641],[112.928,-1.704],[113.000,-1.716],[112.999,-1.748],[113.033,-1.765],[113.061,-1.813],[113.134,-1.815],[113.142,-1.899],[113.269,-2.024],[113.172,-2.323],[113.213,-2.450],[113.094,-2.675],[113.097,-2.797],[113.222,-3.084],[113.234,-3.152]]]}},{"type":"Feature","id":"62.03","properties":{"kode":"62.03"},"geometry":{"type":"Polygon","coordinates":[[[114.636,-0.862],[114.569,-0.875],[114.551,-0.917],[114.521,-0.903],[114.453,-1.018],[114.483,-1.043],[114.488,-1.081],[114.523,-1.095],[114.508,-1.122],[114.626,-1.171],[114.697,-1.164],[114.683,-1.242],[114.661,-1.265],[114.661,-1.408],[114.613,-1.551],[114.624,-1.604],[114.596,-1.670],[114.616,-2.016],[114.694,-2.155],[114.680,-2.324],[114.644,-2.404],[114.736,-2.439],[114.727,-2.462],[114.758,-2.457],[114.769,-2.493],[114.718,-2.567],[114.779,-2.606],[114.797,-2.591],[114.793,-2.651],[114.762,-2.720],[114.678,-2.739],[114.664,-2.800],[114.597,-2.815],[114.615,-2.884],[114.598,-2.890],[114.567,-2.864],[114.561,-2.877],[114.596,-2.896],[114.59,-2.909],[114.553,-2.891],[114.538,-2.927],[114.518,-2.919],[114.544,-2.949],[114.525,-2.952],[114.505,-2.999],[114.522,-3.004],[114.545,-3.067],[114.423,-3.179],[114.449,-3.209],[114.359,-3.316],[114.352,-3.463],[114.254,-3.403],[114.262,-3.373],[114.245,-3.363],[114.183,-3.393],[114.152,-3.383],[114.172,-3.334],[114.141,-3.266],[114.146,-3.187],[114.166,-3.174],[114.225,-3.191],[114.281,-3.044],[114.212,-2.937],[114.283,-2.865],[114.284,-2.803],[114.348,-2.744],[114.325,-2.373],[114.262,-2.377],[114.261,-2.231],[114.227,-2.229],[114.184,-2.188],[114.171,-2.090],[114.081,-1.974],[114.072,-1.938],[114.032,-1.906],[113.985,-1.802],[113.981,-1.667],[114.030,-1.587],[113.983,-1.532],[114.008,-1.473],[114.004,-1.290],[113.97,-1.111],[113.985,-1.066],[113.928,-0.999],[113.809,-0.958],[113.784,-0.930],[113.748,-0.842],[113.682,-0.787],[113.699,-0.702],[113.678,-0.675],[113.736,-0.600],[113.727,-0.567],[113.755,-0.545],[113.76,-0.481],[113.852,-0.444],[113.922,-0.466],[113.929,-0.406],[113.984,-0.381],[114.014,-0.479],[114.078,-0.553],[114.063,-0.577],[114.153,-0.795],[114.219,-0.808],[114.234,-0.86],[114.468,-0.834],[114.636,-0.862]]]}},{"type":"Feature","id":"62.04","properties":{"kode":"62.04"},"geometry":{"type":"Polygon","coordinates":[[[115.454,-1.461],[115.436,-1.45],[115.435,-1.496],[115.391,-1.520],[115.362,-1.620],[115.332,-1.609],[115.314,-1.644],[115.157,-1.640],[115.082,-1.679],[115.068,-1.649],[115.025,-1.687],[114.959,-1.852],[114.936,-1.842],[114.933,-2.118],[114.913,-2.168],[114.931,-2.187],[114.916,-2.225],[114.945,-2.220],[114.918,-2.240],[115.001,-2.395],[114.882,-2.488],[114.779,-2.606],[114.718,-2.567],[114.769,-2.493],[114.758,-2.457],[114.727,-2.462],[114.736,-2.439],[114.644,-2.404],[114.680,-2.324],[114.694,-2.155],[114.616,-2.016],[114.596,-1.670],[114.624,-1.604],[114.613,-1.551],[114.661,-1.408],[114.668,-1.319],[114.894,-1.353],[114.991,-1.318],[115.053,-1.327],[115.084,-1.305],[115.127,-1.313],[115.177,-1.291],[115.191,-1.313],[115.244,-1.320],[115.245,-1.367],[115.300,-1.334],[115.319,-1.287],[115.397,-1.250],[115.413,-1.276],[115.401,-1.355],[115.422,-1.377],[115.413,-1.400],[115.447,-1.404],[115.437,-1.444],[115.454,-1.461]]]}},{"type":"Feature","id":"62.05","properties":{"kode":"62.05"},"geometry":{"type":"Polygon","coordinates":[[[115.291,-0.049],[115.309,-0.117],[115.241,-0.164],[115.298,-0.207],[115.246,-0.252],[115.253,-0.300],[115.225,-0.310],[115.233,-0.363],[115.262,-0.399],[115.247,-0.409],[115.267,-0.447],[115.307,-0.486],[115.290,-0.555],[115.336,-0.543],[115.380,-0.572],[115.356,-0.613],[115.377,-0.629],[115.372,-0.653],[115.326,-0.670],[115.346,-0.720],[115.300,-0.745],[115.289,-0.799],[115.341,-0.840],[115.349,-0.891],[115.381,-0.851],[115.448,-0.878],[115.547,-0.854],[115.630,-0.976],[115.624,-1.016],[115.679,-1.008],[115.756,-1.133],[115.819,-1.088],[115.842,-1.096],[115.849,-1.171],[115.777,-1.231],[115.758,-1.312],[115.626,-1.350],[115.512,-1.452],[115.471,-1.429],[115.454,-1.461],[115.437,-1.444],[115.447,-1.404],[115.413,-1.400],[115.422,-1.377],[115.401,-1.355],[115.413,-1.276],[115.397,-1.250],[115.319,-1.287],[115.300,-1.334],[115.245,-1.367],[115.244,-1.320],[115.191,-1.313],[115.177,-1.291],[115.127,-1.313],[115.084,-1.305],[115.053,-1.327],[114.991,-1.318],[114.894,-1.353],[114.668,-1.319],[114.661,-1.265],[114.683,-1.242],[114.697,-1.164],[114.626,-1.171],[114.508,-1.122],[114.523,-1.095],[114.488,-1.081],[114.483,-1.043],[114.453,-1.018],[114.521,-0.903],[114.555,-0.915],[114.569,-0.875],[114.653,-0.859],[114.736,-0.768],[114.778,-0.769],[114.872,-0.712],[114.928,-0.637],[114.922,-0.618],[114.977,-0.588],[115.018,-0.501],[115.008,-0.364],[115.038,-0.338],[115.013,-0.266],[115.039,-0.24],[115.019,-0.213],[115.040,-0.204],[115.051,-0.159],[115.149,-0.139],[115.166,-0.087],[115.291,-0.049]]]}},{"type":"Feature","id":"62.08","properties":{"kode":"62.08"},"geometry":{"type":"Polygon","coordinates":[[[111.382,-2.282],[111.348,-2.285],[111.346,-2.306],[111.316,-2.305],[111.316,-2.332],[111.266,-2.347],[111.265,-2.372],[111.283,-2.372],[111.295,-2.408],[111.275,-2.429],[111.286,-2.516],[111.217,-2.505],[111.225,-2.562],[111.308,-2.584],[111.399,-2.653],[111.362,-2.759],[111.382,-2.76],[111.382,-2.817],[111.361,-2.908],[111.113,-3.027],[110.977,-3.066],[110.816,-2.980],[110.733,-2.996],[110.755,-2.941],[110.794,-2.912],[110.961,-2.859],[111.009,-2.797],[111.100,-2.768],[111.170,-2.707],[111.131,-2.598],[111.127,-2.562],[111.147,-2.541],[111.118,-2.530],[111.099,-2.466],[111.117,-2.432],[111.115,-2.327],[111.025,-2.226],[111.069,-2.114],[111.058,-2.059],[111.157,-2.018],[111.205,-2.037],[111.204,-2.064],[111.267,-2.072],[111.264,-2.140],[111.355,-2.152],[111.357,-2.214],[111.389,-2.214],[111.382,-2.282]]]}},{"type":"Feature","id":"62.09","properties":{"kode":"62.09"},"geometry":{"type":"Polygon","coordinates":[[[111.75,-1.483],[111.817,-1.601],[111.786,-1.648],[111.844,-1.719],[111.811,-1.811],[111.835,-1.844],[111.817,-1.882],[111.834,-1.915],[111.809,-1.938],[111.824,-1.988],[111.776,-2.033],[111.776,-2.066],[111.740,-2.082],[111.744,-2.122],[111.680,-2.121],[111.649,-2.150],[111.660,-2.180],[111.602,-2.202],[111.584,-2.307],[111.419,-2.306],[111.418,-2.289],[111.382,-2.282],[111.389,-2.214],[111.357,-2.214],[111.355,-2.152],[111.264,-2.140],[111.267,-2.072],[111.204,-2.064],[111.205,-2.037],[111.157,-2.018],[111.087,-2.041],[111.078,-2.009],[111.101,-1.988],[111.086,-1.965],[111.010,-1.969],[111.0,-1.947],[110.988,-1.954],[110.950,-1.887],[110.95,-1.852],[111.014,-1.781],[111.025,-1.719],[110.984,-1.689],[110.994,-1.650],[110.94,-1.657],[110.919,-1.693],[110.864,-1.630],[111.006,-1.503],[111.038,-1.529],[111.049,-1.516],[111.071,-1.528],[111.098,-1.487],[111.120,-1.485],[111.122,-1.451],[111.160,-1.433],[111.180,-1.476],[111.2,-1.474],[111.203,-1.442],[111.254,-1.438],[111.284,-1.383],[111.305,-1.389],[111.326,-1.367],[111.390,-1.253],[111.422,-1.267],[111.444,-1.243],[111.452,-1.259],[111.504,-1.253],[111.577,-1.314],[111.568,-1.334],[111.610,-1.392],[111.677,-1.421],[111.75,-1.483]]]}},{"type":"Feature","id":"62.07","properties":{"kode":"62.07"},"geometry":{"type":"Polygon","coordinates":[[[112.175,-0.725],[112.194,-0.765],[112.146,-0.830],[112.172,-0.866],[112.113,-0.929],[112.101,-1.016],[112.116,-1.045],[112.160,-1.043],[112.162,-1.087],[112.118,-1.139],[112.096,-1.211],[112.126,-1.233],[112.132,-1.412],[112.067,-1.594],[112.218,-1.809],[112.251,-1.832],[112.251,-1.860],[112.344,-1.925],[112.312,-1.984],[112.340,-2.008],[112.331,-2.052],[112.306,-2.062],[112.31,-2.135],[112.335,-2.179],[112.373,-2.196],[112.373,-2.267],[112.408,-2.267],[112.408,-2.331],[112.430,-2.331],[112.436,-2.362],[112.434,-2.435],[112.452,-2.432],[112.450,-2.491],[112.505,-2.537],[112.511,-2.629],[112.604,-2.666],[112.609,-2.704],[112.636,-2.728],[112.744,-2.754],[112.822,-2.805],[112.843,-2.845],[112.845,-2.998],[112.814,-3.050],[112.816,-3.298],[112.563,-3.446],[112.509,-3.429],[112.420,-3.352],[112.349,-3.319],[112.256,-3.313],[112.041,-3.430],[111.904,-3.539],[111.853,-3.541],[111.794,-3.525],[112.131,-3.159],[112.096,-3.053],[112.139,-2.803],[112.129,-2.765],[112.042,-2.688],[112.061,-2.649],[112.013,-2.465],[112.061,-2.427],[112.04,-2.345],[112.073,-2.347],[112.024,-2.232],[112.018,-2.125],[112.056,-2.067],[112.074,-1.972],[111.937,-1.868],[111.955,-1.750],[111.917,-1.618],[111.872,-1.544],[111.703,-1.454],[111.677,-1.421],[111.644,-1.419],[111.568,-1.334],[111.577,-1.314],[111.504,-1.253],[111.452,-1.259],[111.446,-1.245],[111.561,-1.194],[111.577,-1.169],[111.546,-1.098],[111.570,-1.059],[111.616,-1.056],[111.641,-0.967],[111.723,-0.942],[111.751,-0.910],[111.838,-0.902],[111.886,-0.842],[111.914,-0.844],[111.921,-0.794],[111.976,-0.813],[112.056,-0.768],[112.083,-0.701],[112.147,-0.730],[112.175,-0.725]]]}},{"type":"Feature","id":"62.06","properties":{"kode":"62.06"},"geometry":{"type":"MultiPolygon","coordinates":[[[[113.211,-0.506],[113.158,-0.544],[113.172,-0.602],[113.227,-0.685],[113.184,-0.744],[113.190,-0.802],[113.234,-0.862],[113.219,-0.892],[113.229,-0.942],[113.286,-1.064],[113.248,-1.107],[113.238,-1.154],[113.203,-1.167],[113.185,-1.251],[113.361,-1.524],[113.490,-1.617],[113.502,-1.644],[113.475,-1.680],[113.489,-1.786],[113.563,-1.916],[113.694,-2.086],[113.689,-2.243],[113.762,-2.401],[113.750,-2.521],[113.584,-2.737],[113.660,-2.913],[113.708,-2.963],[113.713,-3.021],[113.663,-3.054],[113.665,-3.085],[113.646,-3.088],[113.630,-3.142],[113.601,-3.167],[113.540,-3.162],[113.450,-3.190],[113.427,-3.236],[113.391,-3.247],[113.342,-3.279],[113.234,-3.152],[113.222,-3.084],[113.097,-2.797],[113.094,-2.675],[113.213,-2.450],[113.172,-2.323],[113.269,-2.024],[113.142,-1.899],[113.134,-1.815],[113.061,-1.813],[113.033,-1.765],[112.999,-1.748],[113.000,-1.716],[112.928,-1.704],[112.929,-1.641],[112.896,-1.640],[112.898,-1.594],[112.863,-1.591],[112.862,-1.524],[112.838,-1.504],[112.839,-1.423],[112.746,-1.378],[112.749,-1.333],[112.691,-1.306],[112.674,-1.255],[112.632,-1.207],[112.539,-1.192],[112.426,-1.206],[112.392,-1.239],[112.350,-1.231],[112.322,-1.299],[112.257,-1.320],[112.202,-1.302],[112.127,-1.312],[112.126,-1.233],[112.096,-1.211],[112.118,-1.139],[112.162,-1.087],[112.158,-1.039],[112.116,-1.045],[112.101,-1.016],[112.113,-0.929],[112.172,-0.866],[112.146,-0.830],[112.194,-0.765],[112.166,-0.691],[112.176,-0.643],[112.208,-0.617],[112.259,-0.631],[112.315,-0.723],[112.347,-0.703],[112.385,-0.713],[112.442,-0.671],[112.515,-0.699],[112.593,-0.690],[112.638,-0.657],[112.688,-0.659],[112.703,-0.620],[112.733,-0.630],[112.743,-0.572],[112.832,-0.577],[112.986,-0.497],[113.036,-0.495],[113.054,-0.513],[113.131,-0.452],[113.211,-0.506]]],[[[113.358,-3.278],[113.405,-3.269],[113.366,-3.301],[113.358,-3.278]]]]}},{"type":"Feature","id":"62.11","properties":{"kode":"62.11"},"geometry":{"type":"Polygon","coordinates":[[[113.983,-1.532],[114.030,-1.587],[113.981,-1.667],[113.974,-1.734],[114.006,-1.859],[114.171,-2.090],[114.184,-2.188],[114.227,-2.229],[114.261,-2.231],[114.262,-2.377],[114.325,-2.373],[114.348,-2.744],[114.284,-2.803],[114.283,-2.865],[114.212,-2.937],[114.281,-3.044],[114.225,-3.191],[114.166,-3.174],[114.146,-3.187],[114.141,-3.266],[114.172,-3.334],[114.151,-3.384],[114.081,-3.353],[114.058,-3.310],[114.038,-3.349],[113.949,-3.370],[113.820,-3.449],[113.627,-3.465],[113.581,-3.440],[113.611,-3.395],[113.632,-3.303],[113.601,-3.167],[113.630,-3.142],[113.646,-3.088],[113.665,-3.085],[113.663,-3.054],[113.714,-3.012],[113.708,-2.963],[113.660,-2.913],[113.584,-2.737],[113.750,-2.521],[113.762,-2.401],[114.025,-2.403],[114.041,-2.310],[114.085,-2.268],[114.108,-2.187],[113.929,-2.158],[113.826,-2.011],[113.832,-1.806],[113.798,-1.604],[113.844,-1.583],[113.864,-1.527],[113.983,-1.532]]]}},{"type":"Feature","id":"62.10","properties":{"kode":"62.10"},"geometry":{"type":"Polygon","coordinates":[[[113.76,-0.481],[113.755,-0.545],[113.727,-0.567],[113.736,-0.600],[113.678,-0.675],[113.699,-0.702],[113.682,-0.787],[113.748,-0.842],[113.809,-0.958],[113.928,-0.999],[113.985,-1.066],[113.97,-1.111],[114.004,-1.290],[114.008,-1.473],[113.983,-1.532],[113.864,-1.527],[113.844,-1.583],[113.798,-1.604],[113.648,-1.584],[113.610,-1.629],[113.531,-1.655],[113.361,-1.524],[113.185,-1.251],[113.203,-1.167],[113.238,-1.154],[113.248,-1.107],[113.286,-1.064],[113.229,-0.942],[113.219,-0.892],[113.234,-0.862],[113.190,-0.802],[113.184,-0.744],[113.227,-0.685],[113.172,-0.602],[113.158,-0.544],[113.218,-0.506],[113.260,-0.449],[113.271,-0.424],[113.255,-0.384],[113.317,-0.397],[113.373,-0.378],[113.405,-0.347],[113.418,-0.300],[113.443,-0.290],[113.491,-0.312],[113.468,-0.380],[113.582,-0.391],[113.582,-0.372],[113.632,-0.345],[113.721,-0.385],[113.733,-0.405],[113.717,-0.418],[113.76,-0.481]]]}},{"type":"Feature","id":"62.13","properties":{"kode":"62.13"},"geometry":{"type":"Polygon","coordinates":[[[115.125,-2.294],[115.089,-2.348],[115.001,-2.395],[114.918,-2.240],[114.945,-2.220],[114.916,-2.225],[114.931,-2.187],[114.913,-2.168],[114.933,-2.118],[114.936,-1.842],[114.959,-1.852],[114.971,-1.796],[115.058,-1.651],[115.082,-1.679],[115.157,-1.640],[115.314,-1.644],[115.332,-1.609],[115.362,-1.620],[115.374,-1.652],[115.346,-1.674],[115.302,-1.827],[115.321,-1.892],[115.404,-1.886],[115.441,-1.942],[115.416,-2.012],[115.396,-2.013],[115.408,-2.056],[115.363,-2.044],[115.354,-2.094],[115.298,-2.142],[115.290,-2.223],[115.254,-2.209],[115.125,-2.294]]]}},{"type":"Feature","id":"62.12","properties":{"kode":"62.12"},"geometry":{"type":"Polygon","coordinates":[[[115.013,-0.266],[115.038,-0.338],[115.008,-0.364],[115.018,-0.501],[114.977,-0.588],[114.922,-0.618],[114.928,-0.637],[114.872,-0.712],[114.778,-0.769],[114.736,-0.768],[114.653,-0.859],[114.468,-0.834],[114.234,-0.86],[114.219,-0.808],[114.153,-0.795],[114.063,-0.577],[114.078,-0.553],[114.014,-0.479],[113.989,-0.384],[113.937,-0.395],[113.922,-0.466],[113.852,-0.444],[113.76,-0.481],[113.717,-0.418],[113.733,-0.405],[113.721,-0.385],[113.632,-0.345],[113.582,-0.372],[113.582,-0.391],[113.468,-0.380],[113.491,-0.312],[113.443,-0.290],[113.418,-0.300],[113.401,-0.353],[113.333,-0.395],[113.239,-0.378],[113.220,-0.333],[113.305,-0.254],[113.292,-0.205],[113.330,-0.151],[113.422,-0.110],[113.443,-0.064],[113.415,-0.047],[113.432,0.009],[113.395,0.034],[113.393,0.082],[113.414,0.116],[113.309,0.173],[113.261,0.23],[113.317,0.268],[113.442,0.259],[113.542,0.324],[113.586,0.361],[113.581,0.397],[113.655,0.440],[113.662,0.492],[113.798,0.595],[113.825,0.577],[113.848,0.614],[113.821,0.641],[113.846,0.660],[113.921,0.644],[113.975,0.660],[114.003,0.641],[114.069,0.690],[114.123,0.695],[114.158,0.677],[114.178,0.636],[114.176,0.610],[114.147,0.586],[114.194,0.582],[114.203,0.540],[114.243,0.522],[114.364,0.530],[114.358,0.548],[114.376,0.559],[114.430,0.541],[114.463,0.565],[114.524,0.562],[114.545,0.585],[114.545,0.630],[114.597,0.631],[114.660,0.701],[114.716,0.701],[114.831,0.754],[114.870,0.740],[114.913,0.790],[114.985,0.731],[115.013,0.599],[115.091,0.480],[115.077,0.471],[115.137,0.425],[115.129,0.374],[115.046,0.298],[115.022,0.330],[114.902,0.317],[114.884,0.278],[114.819,0.236],[114.829,0.191],[114.762,0.146],[114.771,0.119],[114.708,0.074],[114.737,0.031],[114.795,0.011],[114.837,-0.046],[114.874,-0.015],[114.897,-0.031],[114.929,-0.165],[114.920,-0.233],[114.971,-0.272],[115.013,-0.266]]]}},{"type":"Feature","id":"62.71","properties":{"kode":"62.71"},"geometry":{"type":"Polygon","coordinates":[[[113.798,-1.604],[113.832,-1.806],[113.826,-2.011],[113.929,-2.158],[114.108,-2.187],[114.085,-2.268],[114.041,-2.310],[114.025,-2.403],[113.762,-2.401],[113.689,-2.243],[113.694,-2.086],[113.563,-1.916],[113.489,-1.786],[113.475,-1.680],[113.502,-1.644],[113.563,-1.653],[113.616,-1.626],[113.648,-1.584],[113.798,-1.604]]]}},{"type":"Feature","id":"63.01","properties":{"kode":"63.01"},"geometry":{"type":"Polygon","coordinates":[[[114.894,-3.545],[114.885,-3.556],[114.906,-3.562],[114.932,-3.623],[114.963,-3.637],[114.926,-3.704],[114.931,-3.728],[115.025,-3.693],[115.042,-3.701],[115.113,-3.637],[115.215,-3.604],[115.261,-3.561],[115.261,-3.666],[115.283,-3.7],[115.324,-3.705],[115.325,-3.755],[115.344,-3.766],[115.377,-3.858],[115.020,-4.006],[114.703,-4.171],[114.628,-4.169],[114.637,-4.029],[114.602,-3.807],[114.620,-3.673],[114.572,-3.572],[114.513,-3.542],[114.736,-3.510],[114.808,-3.524],[114.856,-3.568],[114.894,-3.545]]]}},{"type":"Feature","id":"63.02","properties":{"kode":"63.02"},"geometry":{"type":"MultiPolygon","coordinates":[[[[116.555,-2.408],[116.530,-2.537],[116.510,-2.561],[116.480,-2.571],[116.478,-2.517],[116.455,-2.503],[116.418,-2.500],[116.398,-2.528],[116.291,-2.531],[116.317,-2.542],[116.323,-2.580],[116.358,-2.549],[116.391,-2.584],[116.414,-2.580],[116.366,-2.673],[116.363,-2.877],[116.269,-3.002],[116.220,-3.006],[116.208,-2.943],[116.149,-2.935],[116.152,-2.856],[116.136,-2.809],[116.122,-2.818],[116.131,-2.885],[116.101,-2.933],[116.121,-2.965],[116.092,-2.999],[116.156,-3.014],[116.154,-3.033],[116.174,-3.063],[116.274,-3.124],[116.207,-3.129],[116.171,-3.156],[116.173,-3.252],[116.092,-3.283],[116.081,-3.257],[116.041,-3.261],[115.990,-3.220],[115.945,-3.252],[115.928,-3.227],[115.950,-3.198],[115.934,-3.152],[115.768,-3.195],[115.703,-3.078],[115.606,-3.057],[115.584,-3.005],[115.520,-3.028],[115.512,-3.008],[115.532,-2.980],[115.557,-2.984],[115.554,-2.944],[115.594,-2.889],[115.555,-2.831],[115.589,-2.760],[115.664,-2.764],[115.665,-2.721],[115.707,-2.702],[115.713,-2.668],[115.732,-2.684],[115.746,-2.666],[115.676,-2.613],[115.689,-2.590],[115.744,-2.616],[115.756,-2.600],[115.756,-2.616],[115.809,-2.616],[115.820,-2.565],[115.756,-2.551],[115.750,-2.532],[115.782,-2.514],[115.790,-2.435],[115.812,-2.404],[115.887,-2.374],[115.893,-2.334],[116.030,-2.308],[116.049,-2.328],[116.113,-2.337],[116.154,-2.308],[116.235,-2.309],[116.255,-2.335],[116.555,-2.408]]],[[[116.409,-3.361],[116.431,-3.367],[116.434,-3.421],[116.398,-3.627],[116.362,-3.652],[116.343,-3.568],[116.313,-3.551],[116.345,-3.451],[116.390,-3.413],[116.409,-3.361]]],[[[116.259,-3.212],[116.281,-3.222],[116.249,-3.375],[116.314,-3.479],[116.311,-3.507],[116.274,-3.523],[116.272,-3.553],[116.306,-3.59],[116.289,-3.616],[116.299,-3.708],[116.336,-3.725],[116.273,-3.807],[116.295,-3.862],[116.315,-3.862],[116.31,-3.915],[116.272,-3.907],[116.206,-3.953],[116.209,-3.983],[116.141,-4.035],[116.109,-4.034],[116.089,-4.083],[116.090,-4.052],[116.069,-4.037],[116.051,-4.053],[116.038,-4.022],[116.078,-3.925],[116.059,-3.902],[116.079,-3.816],[116.024,-3.729],[116.002,-3.637],[116.044,-3.548],[116.039,-3.481],[116.113,-3.308],[116.259,-3.212]]],[[[116.136,-2.977],[116.176,-2.998],[116.169,-3.038],[116.159,-3.012],[116.133,-2.997],[116.136,-2.977]]],[[[115.856,-4.755],[115.836,-4.778],[115.847,-4.792],[115.767,-4.832],[115.856,-4.755]]]]}},{"type":"Feature","id":"63.03","properties":{"kode":"63.03"},"geometry":{"type":"Polygon","coordinates":[[[115.520,-3.028],[115.488,-3.058],[115.487,-3.096],[115.434,-3.119],[115.423,-3.144],[115.414,-3.212],[115.445,-3.227],[115.437,-3.259],[115.402,-3.236],[115.392,-3.250],[115.428,-3.295],[115.396,-3.363],[115.390,-3.437],[115.411,-3.451],[115.350,-3.503],[115.304,-3.517],[115.228,-3.597],[115.113,-3.637],[115.042,-3.701],[114.923,-3.721],[114.963,-3.637],[114.932,-3.623],[114.906,-3.562],[114.885,-3.556],[114.905,-3.532],[114.900,-3.449],[114.783,-3.421],[114.719,-3.377],[114.677,-3.454],[114.682,-3.517],[114.513,-3.542],[114.498,-3.518],[114.515,-3.501],[114.506,-3.388],[114.522,-3.363],[114.586,-3.382],[114.657,-3.348],[114.628,-3.312],[114.638,-3.275],[114.780,-3.230],[114.788,-3.203],[114.822,-3.200],[114.825,-3.165],[114.869,-3.136],[114.869,-3.064],[114.830,-3.094],[114.828,-3.015],[115.025,-3.134],[115.025,-3.162],[115.123,-3.196],[115.165,-3.188],[115.175,-3.162],[115.200,-3.174],[115.244,-3.155],[115.241,-3.135],[115.168,-3.114],[115.216,-3.047],[115.238,-3.047],[115.322,-2.968],[115.387,-2.979],[115.398,-2.995],[115.435,-2.976],[115.555,-2.831],[115.594,-2.889],[115.554,-2.944],[115.557,-2.984],[115.532,-2.980],[115.512,-3.008],[115.520,-3.028]]]}},{"type":"Feature","id":"63.04","properties":{"kode":"63.04"},"geometry":{"type":"Polygon","coordinates":[[[114.860,-2.526],[114.804,-2.742],[114.839,-2.87],[114.799,-2.956],[114.826,-2.992],[114.830,-3.094],[114.869,-3.064],[114.869,-3.136],[114.825,-3.165],[114.822,-3.200],[114.788,-3.203],[114.780,-3.230],[114.625,-3.285],[114.568,-3.267],[114.561,-3.315],[114.506,-3.388],[114.512,-3.513],[114.352,-3.463],[114.359,-3.316],[114.449,-3.209],[114.423,-3.179],[114.545,-3.067],[114.522,-3.004],[114.505,-2.999],[114.525,-2.952],[114.544,-2.949],[114.518,-2.919],[114.538,-2.927],[114.553,-2.891],[114.59,-2.909],[114.567,-2.864],[114.598,-2.890],[114.615,-2.884],[114.597,-2.815],[114.664,-2.800],[114.678,-2.739],[114.762,-2.720],[114.790,-2.669],[114.797,-2.591],[114.860,-2.526]]]}},{"type":"Feature","id":"63.05","properties":{"kode":"63.05"},"geometry":{"type":"Polygon","coordinates":[[[115.506,-2.886],[115.435,-2.976],[115.398,-2.995],[115.387,-2.979],[115.322,-2.968],[115.238,-3.047],[115.216,-3.047],[115.168,-3.114],[115.241,-3.135],[115.237,-3.166],[115.175,-3.162],[115.165,-3.188],[115.123,-3.196],[115.025,-3.162],[115.025,-3.134],[114.828,-3.015],[114.799,-2.956],[114.839,-2.87],[114.804,-2.742],[114.860,-2.526],[114.997,-2.756],[115.074,-2.786],[115.069,-2.845],[115.095,-2.829],[115.188,-2.870],[115.231,-2.868],[115.266,-2.930],[115.355,-2.934],[115.381,-2.915],[115.382,-2.881],[115.413,-2.892],[115.462,-2.872],[115.506,-2.886]]]}},{"type":"Feature","id":"63.06","properties":{"kode":"63.06"},"geometry":{"type":"Polygon","coordinates":[[[114.998,-2.499],[115.175,-2.557],[115.156,-2.568],[115.175,-2.637],[115.188,-2.632],[115.231,-2.682],[115.326,-2.696],[115.423,-2.776],[115.443,-2.780],[115.486,-2.728],[115.591,-2.715],[115.569,-2.814],[115.512,-2.885],[115.382,-2.881],[115.381,-2.915],[115.344,-2.937],[115.266,-2.930],[115.231,-2.868],[115.188,-2.870],[115.095,-2.829],[115.069,-2.845],[115.074,-2.786],[114.997,-2.756],[114.864,-2.528],[114.998,-2.499]]]}},{"type":"Feature","id":"63.07","properties":{"kode":"63.07"},"geometry":{"type":"Polygon","coordinates":[[[115.399,-2.453],[115.499,-2.468],[115.530,-2.498],[115.545,-2.480],[115.589,-2.478],[115.603,-2.503],[115.750,-2.532],[115.756,-2.551],[115.816,-2.561],[115.819,-2.601],[115.809,-2.616],[115.756,-2.616],[115.756,-2.600],[115.744,-2.616],[115.689,-2.590],[115.676,-2.613],[115.746,-2.666],[115.732,-2.684],[115.713,-2.668],[115.707,-2.702],[115.665,-2.721],[115.664,-2.764],[115.589,-2.760],[115.597,-2.721],[115.575,-2.711],[115.480,-2.731],[115.442,-2.781],[115.326,-2.696],[115.231,-2.682],[115.188,-2.632],[115.170,-2.633],[115.156,-2.568],[115.175,-2.557],[115.154,-2.554],[115.248,-2.532],[115.341,-2.468],[115.382,-2.505],[115.399,-2.453]]]}},{"type":"Feature","id":"63.08","properties":{"kode":"63.08"},"geometry":{"type":"Polygon","coordinates":[[[115.348,-2.339],[115.318,-2.355],[115.314,-2.403],[115.398,-2.444],[115.382,-2.505],[115.341,-2.468],[115.248,-2.532],[115.154,-2.554],[114.998,-2.499],[114.858,-2.523],[114.934,-2.441],[115.089,-2.348],[115.125,-2.294],[115.282,-2.359],[115.301,-2.341],[115.348,-2.339]]]}},{"type":"Feature","id":"63.09","properties":{"kode":"63.09"},"geometry":{"type":"Polygon","coordinates":[[[115.719,-1.997],[115.656,-2.115],[115.640,-2.130],[115.616,-2.116],[115.551,-2.186],[115.492,-2.211],[115.457,-2.271],[115.405,-2.298],[115.359,-2.295],[115.355,-2.340],[115.301,-2.341],[115.282,-2.359],[115.125,-2.294],[115.254,-2.209],[115.290,-2.223],[115.298,-2.142],[115.354,-2.094],[115.363,-2.044],[115.408,-2.056],[115.396,-2.013],[115.416,-2.012],[115.441,-1.942],[115.404,-1.886],[115.321,-1.892],[115.302,-1.827],[115.346,-1.674],[115.374,-1.652],[115.358,-1.592],[115.391,-1.520],[115.435,-1.496],[115.431,-1.456],[115.454,-1.461],[115.471,-1.429],[115.512,-1.452],[115.626,-1.350],[115.758,-1.312],[115.688,-1.446],[115.635,-1.463],[115.617,-1.499],[115.651,-1.514],[115.629,-1.561],[115.636,-1.603],[115.676,-1.656],[115.665,-1.706],[115.707,-1.733],[115.679,-1.793],[115.728,-1.797],[115.723,-1.921],[115.694,-1.977],[115.719,-1.997]]]}},{"type":"Feature","id":"63.10","properties":{"kode":"63.10"},"geometry":{"type":"Polygon","coordinates":[[[115.937,-3.244],[115.961,-3.248],[115.990,-3.220],[116.041,-3.261],[116.084,-3.263],[116.006,-3.432],[116.014,-3.483],[115.970,-3.605],[115.838,-3.630],[115.717,-3.730],[115.375,-3.860],[115.344,-3.766],[115.325,-3.755],[115.324,-3.705],[115.283,-3.7],[115.261,-3.666],[115.25,-3.590],[115.304,-3.517],[115.350,-3.503],[115.411,-3.451],[115.390,-3.437],[115.396,-3.363],[115.428,-3.295],[115.392,-3.250],[115.402,-3.236],[115.436,-3.259],[115.446,-3.242],[115.445,-3.227],[115.416,-3.226],[115.423,-3.144],[115.434,-3.119],[115.487,-3.096],[115.498,-3.043],[115.584,-3.005],[115.606,-3.057],[115.703,-3.078],[115.768,-3.195],[115.934,-3.152],[115.951,-3.188],[115.928,-3.221],[115.937,-3.244]]]}},{"type":"Feature","id":"63.11","properties":{"kode":"63.11"},"geometry":{"type":"Polygon","coordinates":[[[115.694,-2.040],[115.721,-2.062],[115.781,-2.053],[115.813,-2.071],[115.785,-2.217],[115.832,-2.297],[115.817,-2.317],[115.835,-2.389],[115.790,-2.435],[115.782,-2.514],[115.750,-2.532],[115.679,-2.523],[115.603,-2.503],[115.589,-2.478],[115.545,-2.480],[115.530,-2.498],[115.499,-2.468],[115.431,-2.465],[115.314,-2.403],[115.318,-2.355],[115.355,-2.340],[115.359,-2.295],[115.405,-2.298],[115.457,-2.271],[115.492,-2.211],[115.551,-2.186],[115.616,-2.116],[115.640,-2.130],[115.656,-2.115],[115.694,-2.040]]]}},{"type":"Feature","id":"63.71","properties":{"kode":"63.71"},"geometry":{"type":"Polygon","coordinates":[[[114.638,-3.275],[114.628,-3.312],[114.657,-3.348],[114.586,-3.382],[114.522,-3.363],[114.561,-3.315],[114.568,-3.267],[114.602,-3.289],[114.638,-3.275]]]}},{"type":"Feature","id":"63.72","properties":{"kode":"63.72"},"geometry":{"type":"Polygon","coordinates":[[[114.894,-3.545],[114.856,-3.568],[114.808,-3.524],[114.682,-3.517],[114.677,-3.454],[114.719,-3.377],[114.783,-3.421],[114.900,-3.449],[114.894,-3.545]]]}},{"type":"Feature","id":"64.01","properties":{"kode":"64.01"},"geometry":{"type":"MultiPolygon","coordinates":[[[[116.440,-0.969],[116.454,-1.043],[116.376,-1.132],[116.377,-1.199],[116.335,-1.284],[116.379,-1.498],[116.359,-1.540],[116.369,-1.560],[116.404,-1.557],[116.404,-1.579],[116.461,-1.595],[116.478,-1.595],[116.484,-1.568],[116.552,-1.561],[116.560,-1.593],[116.492,-1.642],[116.317,-1.695],[116.246,-1.779],[116.245,-1.802],[116.263,-1.810],[116.342,-1.775],[116.369,-1.785],[116.375,-1.762],[116.450,-1.773],[116.452,-1.814],[116.416,-1.867],[116.438,-1.869],[116.455,-1.915],[116.457,-2.062],[116.360,-2.110],[116.388,-2.116],[116.382,-2.183],[116.400,-2.214],[116.514,-2.165],[116.549,-2.169],[116.539,-2.204],[116.552,-2.209],[116.587,-2.172],[116.592,-2.233],[116.558,-2.405],[116.255,-2.335],[116.235,-2.309],[116.162,-2.306],[116.113,-2.337],[116.042,-2.325],[116.035,-2.309],[115.926,-2.325],[115.893,-2.334],[115.887,-2.374],[115.835,-2.389],[115.817,-2.317],[115.832,-2.297],[115.785,-2.217],[115.813,-2.071],[115.781,-2.053],[115.721,-2.062],[115.694,-2.040],[115.719,-1.997],[115.694,-1.977],[115.723,-1.921],[115.728,-1.797],[115.679,-1.793],[115.707,-1.733],[115.665,-1.706],[115.676,-1.656],[115.636,-1.603],[115.629,-1.561],[115.651,-1.514],[115.620,-1.510],[115.621,-1.479],[115.688,-1.446],[115.751,-1.333],[115.777,-1.231],[115.849,-1.171],[115.843,-1.11],[115.895,-1.105],[115.921,-1.154],[115.978,-1.113],[115.985,-1.081],[116.018,-1.092],[116.078,-1.077],[116.213,-1.103],[116.37,-0.996],[116.384,-0.966],[116.440,-0.969]]],[[[116.502,-2.109],[116.522,-2.156],[116.415,-2.202],[116.386,-2.185],[116.393,-2.126],[116.461,-2.132],[116.502,-2.109]]]]}},{"type":"Feature","id":"64.07","properties":{"kode":"64.07"},"geometry":{"type":"Polygon","coordinates":[[[116.500,-0.858],[116.467,-0.862],[116.450,-0.885],[116.479,-0.944],[116.442,-0.954],[116.440,-0.969],[116.384,-0.966],[116.37,-0.996],[116.213,-1.103],[116.078,-1.077],[116.018,-1.092],[115.985,-1.081],[115.978,-1.113],[115.921,-1.154],[115.895,-1.105],[115.843,-1.11],[115.827,-1.088],[115.756,-1.133],[115.679,-1.008],[115.624,-1.016],[115.630,-0.976],[115.547,-0.854],[115.448,-0.878],[115.381,-0.851],[115.349,-0.891],[115.341,-0.840],[115.289,-0.799],[115.286,-0.771],[115.346,-0.720],[115.326,-0.670],[115.372,-0.653],[115.377,-0.629],[115.356,-0.613],[115.380,-0.572],[115.336,-0.543],[115.290,-0.555],[115.307,-0.486],[115.247,-0.409],[115.262,-0.399],[115.233,-0.363],[115.225,-0.310],[115.253,-0.300],[115.248,-0.247],[115.296,-0.215],[115.241,-0.164],[115.309,-0.117],[115.291,-0.036],[115.395,0.058],[115.511,0.062],[115.557,0.096],[115.580,0.145],[115.677,0.161],[115.714,0.225],[115.711,0.278],[115.683,0.282],[115.671,0.308],[115.682,0.329],[115.763,0.298],[115.781,0.284],[115.767,0.227],[115.830,0.215],[115.839,0.184],[115.905,0.121],[115.979,0.101],[115.989,0.020],[115.968,0.024],[115.948,-0.015],[115.973,-0.086],[116.065,-0.167],[116.160,-0.178],[116.165,-0.214],[116.277,-0.289],[116.306,-0.329],[116.322,-0.390],[116.232,-0.407],[116.265,-0.449],[116.250,-0.485],[116.32,-0.534],[116.455,-0.735],[116.521,-0.753],[116.490,-0.807],[116.500,-0.858]]]}},{"type":"Feature","id":"64.02","properties":{"kode":"64.02"},"geometry":{"type":"MultiPolygon","coordinates":[[[[117.617,-0.415],[117.626,-0.441],[117.604,-0.477],[117.448,-0.534],[117.436,-0.543],[117.436,-0.564],[117.419,-0.561],[117.417,-0.533],[117.497,-0.472],[117.591,-0.412],[117.617,-0.415]]],[[[117.442,-0.706],[117.515,-0.736],[117.605,-0.726],[117.614,-0.768],[117.598,-0.785],[117.522,-0.775],[117.498,-0.748],[117.483,-0.75],[117.475,-0.744],[117.464,-0.742],[117.460,-0.745],[117.446,-0.741],[117.440,-0.73],[117.448,-0.727],[117.452,-0.725],[117.452,-0.722],[117.451,-0.720],[117.449,-0.718],[117.446,-0.718],[117.446,-0.711],[117.442,-0.706]]],[[[117.556,-0.508],[117.588,-0.517],[117.578,-0.577],[117.513,-0.601],[117.511,-0.570],[117.489,-0.562],[117.498,-0.556],[117.498,-0.545],[117.510,-0.544],[117.513,-0.540],[117.505,-0.526],[117.526,-0.533],[117.556,-0.508]]],[[[117.488,-0.602],[117.566,-0.621],[117.562,-0.648],[117.526,-0.653],[117.497,-0.622],[117.470,-0.620],[117.488,-0.602]]],[[[117.507,-0.805],[117.477,-0.745],[117.480,-0.749],[117.487,-0.750],[117.498,-0.749],[117.512,-0.777],[117.552,-0.792],[117.551,-0.804],[117.507,-0.805]]],[[[117.524,-0.350],[117.539,-0.377],[117.500,-0.400],[117.498,-0.439],[117.485,-0.441],[117.443,-0.500],[117.469,-0.418],[117.524,-0.350]]],[[[117.534,-0.387],[117.481,-0.480],[117.449,-0.498],[117.502,-0.437],[117.500,-0.403],[117.534,-0.387]]],[[[117.508,-0.666],[117.522,-0.660],[117.528,-0.689],[117.474,-0.686],[117.472,-0.681],[117.487,-0.659],[117.486,-0.649],[117.498,-0.663],[117.508,-0.666]]],[[[115.972,1.531],[116.131,1.478],[116.152,1.489],[116.141,1.413],[116.174,1.381],[116.149,1.297],[116.096,1.25],[116.064,1.176],[116.030,1.168],[116.049,1.061],[116.074,1.024],[116.040,1.006],[116.029,0.971],[116.068,0.902],[116.039,0.887],[116.014,0.834],[115.968,0.820],[116.011,0.770],[116.075,0.809],[116.147,0.748],[116.142,0.722],[116.170,0.732],[116.223,0.710],[116.272,0.585],[116.256,0.551],[116.284,0.513],[116.288,0.465],[116.334,0.449],[116.402,0.356],[116.468,0.312],[116.469,0.183],[116.652,0.183],[116.826,0.235],[116.851,0.270],[116.873,0.389],[116.904,0.39],[116.941,0.443],[116.940,0.539],[116.966,0.543],[116.989,0.579],[117.144,0.370],[117.212,0.353],[117.176,0.274],[117.172,0.151],[117.208,0.114],[117.21,0.082],[117.231,0.083],[117.283,0.034],[117.332,0.047],[117.370,0.022],[117.516,0.022],[117.517,-0.031],[117.481,-0.069],[117.442,-0.200],[117.416,-0.223],[117.426,-0.276],[117.452,-0.302],[117.446,-0.324],[117.452,-0.356],[117.464,-0.369],[117.457,-0.387],[117.448,-0.380],[117.436,-0.379],[117.428,-0.398],[117.430,-0.412],[117.438,-0.421],[117.424,-0.428],[117.426,-0.434],[117.454,-0.455],[117.412,-0.539],[117.338,-0.579],[117.235,-0.569],[117.267,-0.559],[117.262,-0.438],[117.297,-0.376],[117.239,-0.357],[117.225,-0.314],[117.142,-0.320],[117.127,-0.408],[117.065,-0.439],[117.054,-0.550],[117.069,-0.591],[117.091,-0.578],[117.145,-0.620],[117.127,-0.662],[117.162,-0.716],[117.184,-0.712],[117.190,-0.683],[117.270,-0.597],[117.289,-0.609],[117.302,-0.678],[117.288,-0.722],[117.281,-0.791],[117.252,-0.809],[117.248,-0.907],[117.166,-0.957],[117.022,-1.140],[116.945,-1.126],[116.903,-1.064],[116.840,-1.048],[116.842,-1.021],[116.931,-0.951],[116.945,-0.879],[116.886,-0.889],[116.884,-0.850],[116.825,-0.809],[116.772,-0.825],[116.762,-0.803],[116.735,-0.825],[116.725,-0.800],[116.684,-0.798],[116.628,-0.876],[116.599,-0.882],[116.568,-0.859],[116.555,-0.81],[116.515,-0.826],[116.500,-0.858],[116.490,-0.807],[116.521,-0.753],[116.455,-0.735],[116.32,-0.534],[116.250,-0.485],[116.265,-0.449],[116.232,-0.407],[116.322,-0.390],[116.306,-0.329],[116.277,-0.289],[116.165,-0.214],[116.160,-0.178],[116.065,-0.167],[115.973,-0.086],[115.948,-0.015],[115.968,0.024],[115.989,0.020],[115.979,0.101],[115.905,0.121],[115.839,0.184],[115.830,0.215],[115.767,0.227],[115.781,0.284],[115.674,0.334],[115.714,0.384],[115.768,0.404],[115.737,0.515],[115.717,0.512],[115.700,0.543],[115.649,0.539],[115.640,0.563],[115.672,0.579],[115.652,0.619],[115.594,0.635],[115.565,0.700],[115.492,0.765],[115.405,0.783],[115.392,0.770],[115.381,0.809],[115.319,0.828],[115.282,0.812],[115.307,0.896],[115.267,0.915],[115.261,0.945],[115.232,0.961],[115.255,1.026],[115.300,1.060],[115.359,1.062],[115.401,1.110],[115.420,1.139],[115.407,1.188],[115.427,1.222],[115.656,1.289],[115.705,1.263],[115.711,1.275],[115.764,1.259],[115.773,1.307],[115.807,1.324],[115.856,1.401],[115.854,1.434],[115.955,1.489],[115.972,1.531]]],[[[117.459,-0.632],[117.516,-0.645],[117.510,-0.663],[117.488,-0.647],[117.480,-0.651],[117.478,-0.665],[117.459,-0.632]]],[[[117.503,-0.527],[117.510,-0.544],[117.498,-0.545],[117.498,-0.556],[117.473,-0.548],[117.453,-0.553],[117.440,-0.561],[117.448,-0.535],[117.503,-0.527]]],[[[117.423,-0.585],[117.374,-0.592],[117.471,-0.550],[117.508,-0.576],[117.463,-0.595],[117.469,-0.624],[117.455,-0.628],[117.447,-0.628],[117.450,-0.619],[117.448,-0.608],[117.433,-0.604],[117.433,-0.587],[117.432,-0.586],[117.424,-0.583],[117.424,-0.592],[117.434,-0.605],[117.446,-0.608],[117.449,-0.616],[117.438,-0.631],[117.401,-0.604],[117.423,-0.585]]],[[[117.488,-0.328],[117.453,-0.438],[117.427,-0.433],[117.439,-0.423],[117.436,-0.383],[117.461,-0.387],[117.467,-0.375],[117.458,-0.353],[117.488,-0.328]]],[[[117.462,-0.747],[117.492,-0.802],[117.437,-0.746],[117.462,-0.747]]],[[[117.285,-0.583],[117.372,-0.589],[117.369,-0.602],[117.394,-0.623],[117.411,-0.618],[117.421,-0.630],[117.457,-0.634],[117.469,-0.680],[117.435,-0.655],[117.424,-0.655],[117.423,-0.647],[117.414,-0.638],[117.398,-0.63],[117.375,-0.630],[117.372,-0.636],[117.369,-0.651],[117.367,-0.643],[117.347,-0.626],[117.325,-0.63],[117.285,-0.583]]],[[[117.406,-0.753],[117.466,-0.808],[117.467,-0.817],[117.427,-0.779],[117.410,-0.782],[117.406,-0.753]]],[[[117.435,-0.663],[117.467,-0.699],[117.441,-0.705],[117.440,-0.729],[117.384,-0.681],[117.394,-0.688],[117.403,-0.688],[117.408,-0.695],[117.413,-0.697],[117.415,-0.693],[117.414,-0.684],[117.408,-0.678],[117.427,-0.681],[117.435,-0.663]]],[[[117.456,-0.784],[117.382,-0.720],[117.386,-0.694],[117.430,-0.722],[117.435,-0.751],[117.456,-0.784]]],[[[117.307,-0.616],[117.331,-0.670],[117.366,-0.696],[117.378,-0.693],[117.375,-0.717],[117.388,-0.738],[117.380,-0.739],[117.372,-0.751],[117.373,-0.780],[117.389,-0.776],[117.411,-0.838],[117.434,-0.844],[117.446,-0.889],[117.426,-0.861],[117.41,-0.884],[117.333,-0.755],[117.307,-0.616]]],[[[117.387,-0.739],[117.407,-0.783],[117.433,-0.788],[117.44,-0.815],[117.417,-0.836],[117.392,-0.776],[117.379,-0.771],[117.387,-0.739]]],[[[117.345,-0.630],[117.360,-0.649],[117.366,-0.653],[117.369,-0.651],[117.374,-0.630],[117.395,-0.630],[117.422,-0.657],[117.432,-0.657],[117.428,-0.674],[117.408,-0.675],[117.407,-0.679],[117.414,-0.692],[117.410,-0.696],[117.402,-0.686],[117.377,-0.671],[117.345,-0.630]]],[[[117.329,-0.634],[117.367,-0.663],[117.383,-0.693],[117.332,-0.669],[117.329,-0.634]]],[[[117.339,-0.782],[117.373,-0.84],[117.357,-0.897],[117.336,-0.911],[117.311,-0.856],[117.346,-0.835],[117.339,-0.782]]],[[[117.302,-0.696],[117.315,-0.799],[117.338,-0.837],[117.308,-0.839],[117.300,-0.805],[117.293,-0.799],[117.302,-0.696]]],[[[117.307,-0.677],[117.338,-0.775],[117.323,-0.801],[117.307,-0.677]]],[[[117.290,-0.802],[117.302,-0.847],[117.284,-0.876],[117.276,-0.858],[117.290,-0.802]]]]}},{"type":"Feature","id":"64.08","properties":{"kode":"64.08"},"geometry":{"type":"MultiPolygon","coordinates":[[[[118.952,1.051],[118.988,1.022],[118.964,0.942],[118.892,0.874],[118.860,0.876],[118.795,0.801],[118.726,0.823],[118.708,0.813],[118.677,0.857],[118.630,0.850],[118.593,0.811],[118.546,0.808],[118.442,0.844],[118.367,0.806],[118.322,0.848],[118.064,0.903],[118.057,0.938],[118.010,0.957],[117.984,1.057],[117.894,1.123],[117.884,1.088],[117.945,1.032],[117.944,1.024],[117.951,1.010],[117.973,0.976],[117.977,0.931],[118.017,0.871],[118.029,0.780],[117.968,0.775],[117.906,0.835],[117.752,0.756],[117.711,0.697],[117.710,0.628],[117.673,0.615],[117.604,0.487],[117.603,0.417],[117.572,0.404],[117.566,0.423],[117.553,0.421],[117.566,0.391],[117.543,0.318],[117.523,0.317],[117.528,0.220],[117.469,0.199],[117.431,0.111],[117.401,0.089],[117.388,0.022],[117.332,0.047],[117.268,0.038],[117.231,0.083],[117.21,0.082],[117.208,0.114],[117.172,0.151],[117.176,0.274],[117.212,0.353],[117.144,0.370],[116.989,0.579],[116.966,0.543],[116.940,0.539],[116.941,0.443],[116.904,0.39],[116.873,0.389],[116.851,0.270],[116.826,0.235],[116.652,0.183],[116.469,0.183],[116.468,0.312],[116.402,0.356],[116.334,0.449],[116.288,0.465],[116.284,0.513],[116.256,0.551],[116.272,0.585],[116.223,0.710],[116.170,0.732],[116.142,0.722],[116.147,0.748],[116.075,0.809],[116.011,0.770],[115.968,0.820],[116.014,0.834],[116.039,0.887],[116.068,0.902],[116.029,0.971],[116.040,1.006],[116.074,1.024],[116.049,1.061],[116.030,1.168],[116.064,1.176],[116.096,1.25],[116.149,1.297],[116.174,1.381],[116.141,1.413],[116.152,1.489],[116.131,1.478],[116.007,1.525],[116.041,1.556],[116.036,1.606],[116.068,1.648],[116.133,1.668],[116.183,1.841],[116.294,1.866],[116.351,1.802],[116.349,1.779],[116.386,1.787],[116.415,1.822],[116.487,1.781],[116.446,1.751],[116.460,1.724],[116.528,1.723],[116.543,1.695],[116.602,1.692],[116.659,1.642],[116.759,1.690],[116.891,1.676],[116.900,1.611],[116.925,1.604],[116.927,1.576],[116.984,1.520],[116.978,1.471],[117.009,1.410],[117.086,1.412],[117.136,1.381],[117.189,1.378],[117.214,1.409],[117.240,1.381],[117.279,1.446],[117.333,1.451],[117.334,1.488],[117.373,1.513],[117.394,1.590],[117.456,1.556],[117.494,1.504],[117.528,1.536],[117.549,1.598],[117.580,1.612],[117.614,1.588],[117.642,1.592],[117.668,1.671],[117.724,1.695],[117.818,1.601],[117.832,1.487],[117.865,1.439],[117.843,1.427],[117.837,1.365],[117.907,1.341],[117.946,1.275],[117.981,1.258],[117.994,1.201],[118.038,1.161],[118.187,1.169],[118.222,1.186],[118.31,1.177],[118.348,1.285],[118.380,1.261],[118.482,1.289],[118.513,1.280],[118.502,1.239],[118.581,1.185],[118.602,1.111],[118.699,1.122],[118.750,1.108],[118.787,0.995],[118.856,0.985],[118.864,1.006],[118.902,1.008],[118.952,1.051]]],[[[117.940,1.059],[117.978,1.022],[117.984,0.977],[117.953,1.012],[117.940,1.059]]]]}},{"type":"Feature","id":"64.03","properties":{"kode":"64.03"},"geometry":{"type":"MultiPolygon","coordinates":[[[[117.988,2.435],[118.021,2.36],[118.047,2.378],[118.094,2.310],[118.076,2.249],[118.020,2.197],[117.945,2.181],[117.906,2.211],[117.894,2.195],[117.819,2.202],[117.689,2.180],[117.723,2.136],[117.726,2.084],[117.710,2.080],[117.718,2.059],[117.689,2.063],[117.701,2.036],[117.718,2.026],[117.737,2.044],[117.770,2.012],[117.822,2.011],[117.807,1.986],[117.832,1.911],[117.865,1.872],[117.889,1.872],[117.911,1.821],[117.969,1.790],[118.048,1.783],[118.066,1.761],[118.052,1.734],[118.126,1.640],[118.247,1.558],[118.385,1.496],[118.376,1.483],[118.407,1.486],[118.417,1.441],[118.384,1.434],[118.428,1.426],[118.413,1.401],[118.442,1.375],[118.461,1.399],[118.461,1.364],[118.480,1.383],[118.486,1.361],[118.516,1.375],[118.589,1.347],[118.765,1.199],[118.768,1.167],[118.731,1.154],[118.772,1.149],[118.830,1.098],[118.836,1.050],[118.871,1.067],[118.946,1.057],[118.917,1.017],[118.867,1.008],[118.856,0.985],[118.787,0.995],[118.750,1.108],[118.699,1.122],[118.602,1.111],[118.581,1.185],[118.502,1.239],[118.513,1.280],[118.482,1.289],[118.380,1.261],[118.348,1.285],[118.31,1.177],[118.222,1.186],[118.187,1.169],[118.038,1.161],[117.994,1.201],[117.981,1.258],[117.946,1.275],[117.907,1.341],[117.837,1.365],[117.843,1.427],[117.865,1.439],[117.832,1.487],[117.818,1.601],[117.724,1.695],[117.668,1.671],[117.642,1.592],[117.614,1.588],[117.580,1.612],[117.549,1.598],[117.528,1.536],[117.494,1.504],[117.456,1.556],[117.394,1.590],[117.373,1.513],[117.334,1.488],[117.333,1.451],[117.279,1.446],[117.240,1.381],[117.214,1.409],[117.189,1.378],[117.136,1.381],[117.086,1.412],[117.009,1.410],[116.978,1.471],[116.984,1.520],[116.927,1.576],[116.925,1.604],[116.900,1.611],[116.891,1.676],[116.759,1.690],[116.659,1.642],[116.602,1.692],[116.543,1.695],[116.528,1.723],[116.460,1.724],[116.446,1.751],[116.487,1.781],[116.415,1.822],[116.356,1.777],[116.294,1.866],[116.240,1.861],[116.206,1.837],[116.175,1.857],[116.194,1.985],[116.231,2.012],[116.212,2.063],[116.222,2.097],[116.315,2.115],[116.347,2.162],[116.289,2.235],[116.304,2.262],[116.357,2.294],[116.471,2.285],[116.466,2.325],[116.504,2.348],[116.487,2.396],[116.503,2.454],[116.567,2.453],[116.577,2.427],[116.627,2.415],[116.631,2.390],[116.649,2.404],[116.658,2.384],[116.682,2.396],[116.717,2.384],[116.757,2.484],[116.795,2.509],[116.806,2.497],[116.844,2.519],[116.875,2.507],[116.887,2.476],[116.891,2.495],[116.924,2.504],[116.982,2.433],[117.024,2.459],[117.015,2.497],[117.048,2.548],[117.133,2.536],[117.195,2.567],[117.222,2.555],[117.192,2.495],[117.229,2.479],[117.290,2.492],[117.308,2.533],[117.329,2.526],[117.388,2.559],[117.411,2.504],[117.441,2.518],[117.459,2.48],[117.471,2.531],[117.572,2.501],[117.612,2.519],[117.746,2.326],[117.811,2.326],[117.821,2.361],[117.863,2.392],[117.918,2.393],[117.988,2.435]]],[[[118.571,2.311],[118.637,2.252],[118.569,2.304],[118.571,2.248],[118.645,2.170],[118.597,2.195],[118.564,2.242],[118.562,2.302],[118.571,2.311]]],[[[118.468,1.466],[118.497,1.444],[118.495,1.420],[118.530,1.386],[118.480,1.393],[118.468,1.466]]],[[[117.862,2.157],[117.946,2.136],[117.957,2.121],[117.907,2.1],[117.901,2.128],[117.866,2.148],[117.812,2.122],[117.801,2.184],[117.828,2.191],[117.828,2.185],[117.845,2.167],[117.862,2.157]]],[[[117.913,2.087],[117.86,2.089],[117.829,2.115],[117.864,2.146],[117.880,2.14],[117.913,2.087]]],[[[117.812,2.09],[117.905,2.057],[117.910,2.045],[117.885,2.041],[117.878,2.057],[117.863,2.037],[117.804,2.026],[117.824,2.072],[117.824,2.076],[117.823,2.079],[117.811,2.084],[117.812,2.09]]],[[[117.870,2.157],[117.844,2.169],[117.828,2.192],[117.880,2.177],[117.870,2.157]]],[[[117.872,1.972],[117.870,1.906],[117.860,1.893],[117.819,1.960],[117.830,1.953],[117.843,1.950],[117.872,1.972]]],[[[117.828,2.010],[117.863,1.967],[117.844,1.951],[117.809,1.983],[117.828,2.010]]],[[[117.806,2.111],[117.831,2.097],[117.812,2.090],[117.809,2.084],[117.824,2.074],[117.788,2.036],[117.786,2.050],[117.782,2.052],[117.775,2.048],[117.772,2.054],[117.768,2.055],[117.765,2.049],[117.752,2.064],[117.755,2.066],[117.756,2.071],[117.759,2.073],[117.767,2.066],[117.770,2.065],[117.78,2.073],[117.806,2.111]]],[[[117.804,2.165],[117.803,2.121],[117.766,2.120],[117.771,2.104],[117.731,2.089],[117.729,2.136],[117.714,2.162],[117.781,2.182],[117.804,2.165]]],[[[117.766,2.099],[117.779,2.073],[117.758,2.073],[117.756,2.071],[117.755,2.066],[117.751,2.063],[117.752,2.057],[117.799,2.029],[117.764,2.024],[117.733,2.052],[117.715,2.032],[117.706,2.051],[117.720,2.057],[117.722,2.063],[117.712,2.079],[117.766,2.099]]]]}},{"type":"Feature","id":"64.09","properties":{"kode":"64.09"},"geometry":{"type":"Polygon","coordinates":[[[116.931,-0.951],[116.741,-1.073],[116.747,-1.005],[116.707,-1.090],[116.707,-1.130],[116.766,-1.187],[116.741,-1.218],[116.778,-1.244],[116.762,-1.362],[116.609,-1.415],[116.545,-1.457],[116.53,-1.508],[116.552,-1.561],[116.484,-1.568],[116.478,-1.595],[116.404,-1.579],[116.404,-1.557],[116.369,-1.560],[116.359,-1.532],[116.379,-1.498],[116.335,-1.284],[116.377,-1.199],[116.376,-1.132],[116.454,-1.043],[116.439,-0.959],[116.479,-0.944],[116.453,-0.877],[116.555,-0.81],[116.568,-0.859],[116.599,-0.882],[116.628,-0.876],[116.684,-0.798],[116.725,-0.800],[116.735,-0.825],[116.762,-0.803],[116.772,-0.825],[116.825,-0.809],[116.884,-0.850],[116.886,-0.889],[116.945,-0.879],[116.931,-0.951]]]}},{"type":"Feature","id":"64.11","properties":{"kode":"64.11"},"geometry":{"type":"Polygon","coordinates":[[[114.561,1.433],[114.572,1.389],[114.609,1.389],[114.616,1.363],[114.647,1.354],[114.690,1.359],[114.722,1.313],[114.759,1.326],[114.802,1.382],[114.901,1.419],[115.016,1.348],[115.045,1.267],[115.094,1.255],[115.093,1.212],[115.117,1.188],[115.182,1.196],[115.209,1.177],[115.250,1.178],[115.278,1.136],[115.367,1.114],[115.418,1.151],[115.371,1.070],[115.300,1.060],[115.253,1.022],[115.232,0.961],[115.261,0.945],[115.267,0.915],[115.307,0.896],[115.282,0.812],[115.319,0.828],[115.381,0.809],[115.392,0.770],[115.448,0.777],[115.518,0.747],[115.594,0.635],[115.652,0.619],[115.672,0.579],[115.640,0.563],[115.649,0.539],[115.700,0.543],[115.754,0.484],[115.747,0.441],[115.768,0.404],[115.673,0.344],[115.683,0.282],[115.713,0.271],[115.713,0.214],[115.677,0.161],[115.580,0.145],[115.557,0.096],[115.511,0.062],[115.395,0.058],[115.315,-0.002],[115.291,-0.049],[115.166,-0.087],[115.149,-0.139],[115.066,-0.148],[115.019,-0.213],[115.039,-0.24],[114.995,-0.273],[114.920,-0.233],[114.929,-0.165],[114.897,-0.031],[114.874,-0.015],[114.837,-0.046],[114.795,0.011],[114.737,0.031],[114.708,0.074],[114.771,0.119],[114.762,0.146],[114.829,0.191],[114.819,0.236],[114.884,0.278],[114.902,0.317],[115.022,0.330],[115.046,0.298],[115.129,0.374],[115.137,0.425],[115.077,0.471],[115.091,0.480],[115.013,0.599],[114.985,0.731],[114.943,0.772],[114.907,0.788],[114.910,0.770],[114.870,0.740],[114.831,0.754],[114.716,0.701],[114.660,0.701],[114.597,0.631],[114.545,0.630],[114.545,0.585],[114.524,0.562],[114.463,0.565],[114.430,0.541],[114.376,0.559],[114.358,0.548],[114.364,0.530],[114.243,0.522],[114.203,0.540],[114.194,0.582],[114.147,0.586],[114.176,0.610],[114.178,0.636],[114.158,0.677],[114.123,0.695],[114.069,0.690],[114.003,0.641],[113.975,0.660],[113.871,0.651],[113.834,0.673],[113.839,0.695],[113.894,0.726],[113.899,0.752],[113.873,0.775],[113.926,0.841],[113.871,0.889],[113.913,0.972],[113.889,1.047],[113.947,1.060],[113.964,1.113],[113.996,1.142],[114.038,1.145],[114.051,1.127],[114.086,1.157],[114.121,1.147],[114.149,1.199],[114.135,1.219],[114.170,1.264],[114.148,1.291],[114.163,1.309],[114.155,1.374],[114.223,1.416],[114.238,1.448],[114.379,1.492],[114.405,1.522],[114.561,1.433]]]}},{"type":"Feature","id":"64.71","properties":{"kode":"64.71"},"geometry":{"type":"Polygon","coordinates":[[[116.851,-1.015],[116.840,-1.048],[116.903,-1.064],[116.945,-1.126],[117.022,-1.140],[117.000,-1.200],[116.933,-1.253],[116.811,-1.281],[116.811,-1.199],[116.783,-1.211],[116.778,-1.143],[116.728,-1.101],[116.774,-1.048],[116.851,-1.015]]]}},{"type":"Feature","id":"64.72","properties":{"kode":"64.72"},"geometry":{"type":"Polygon","coordinates":[[[117.235,-0.569],[117.279,-0.597],[117.190,-0.683],[117.184,-0.712],[117.162,-0.716],[117.127,-0.662],[117.145,-0.620],[117.091,-0.578],[117.069,-0.591],[117.054,-0.550],[117.062,-0.447],[117.127,-0.408],[117.142,-0.320],[117.225,-0.314],[117.239,-0.357],[117.297,-0.376],[117.262,-0.438],[117.267,-0.559],[117.235,-0.569]]]}},{"type":"Feature","id":"64.74","properties":{"kode":"64.74"},"geometry":{"type":"Polygon","coordinates":[[[117.516,0.022],[117.388,0.022],[117.401,0.089],[117.431,0.111],[117.469,0.199],[117.504,0.205],[117.513,0.197],[117.491,0.188],[117.504,0.175],[117.473,0.163],[117.506,0.158],[117.521,0.124],[117.490,0.115],[117.483,0.082],[117.470,0.097],[117.464,0.087],[117.471,0.047],[117.509,0.063],[117.490,0.029],[117.513,0.036],[117.516,0.022]]]}},{"type":"Feature","id":"65.02","properties":{"kode":"65.02"},"geometry":{"type":"Polygon","coordinates":[[[116.742,3.681],[116.714,3.638],[116.738,3.605],[116.698,3.572],[116.711,3.550],[116.675,3.525],[116.709,3.424],[116.696,3.399],[116.708,3.358],[116.782,3.291],[116.794,3.235],[116.767,3.164],[116.740,3.170],[116.725,3.101],[116.745,3.043],[116.664,3.007],[116.657,2.973],[116.610,2.950],[116.584,2.891],[116.493,2.828],[116.435,2.811],[116.432,2.777],[116.326,2.691],[116.294,2.635],[116.309,2.575],[116.276,2.491],[116.23,2.483],[116.177,2.404],[116.125,2.394],[116.060,2.316],[116.036,2.257],[115.989,2.262],[116.011,2.191],[116.056,2.145],[116.096,2.170],[116.125,2.165],[116.158,2.123],[116.218,2.111],[116.231,2.012],[116.194,1.985],[116.199,1.950],[116.174,1.897],[116.182,1.826],[116.133,1.668],[116.068,1.648],[116.036,1.606],[116.041,1.556],[116.006,1.524],[115.972,1.531],[115.955,1.489],[115.854,1.434],[115.856,1.401],[115.829,1.352],[115.773,1.307],[115.772,1.263],[115.727,1.26],[115.711,1.275],[115.705,1.263],[115.656,1.289],[115.487,1.252],[115.427,1.222],[115.404,1.173],[115.418,1.151],[115.367,1.114],[115.278,1.136],[115.250,1.178],[115.099,1.199],[115.094,1.255],[115.045,1.267],[115.016,1.348],[114.901,1.419],[114.802,1.382],[114.759,1.326],[114.728,1.313],[114.690,1.359],[114.647,1.354],[114.616,1.363],[114.609,1.389],[114.572,1.389],[114.565,1.426],[114.615,1.515],[114.599,1.531],[114.610,1.575],[114.707,1.640],[114.714,1.783],[114.694,1.809],[114.727,1.833],[114.717,1.855],[114.747,1.869],[114.790,1.847],[114.820,1.893],[114.88,1.913],[114.850,1.960],[114.886,2.026],[114.859,2.044],[114.808,2.025],[114.8,2.089],[114.820,2.129],[114.791,2.145],[114.740,2.132],[114.741,2.191],[114.788,2.201],[114.812,2.262],[114.829,2.245],[114.870,2.263],[114.917,2.254],[114.967,2.294],[114.948,2.316],[114.961,2.364],[114.999,2.349],[115.038,2.391],[115.053,2.386],[115.050,2.404],[115.096,2.402],[115.118,2.456],[115.148,2.477],[115.204,2.471],[115.249,2.509],[115.251,2.541],[115.223,2.542],[115.178,2.610],[115.113,2.583],[115.088,2.616],[115.119,2.655],[115.114,2.690],[115.094,2.697],[115.101,2.720],[115.140,2.747],[115.153,2.792],[115.095,2.824],[115.152,2.870],[115.148,2.908],[115.209,2.957],[115.248,2.964],[115.284,3.047],[115.330,2.976],[115.393,2.979],[115.439,3.022],[115.497,3.030],[115.515,3.055],[115.513,3.108],[115.564,3.161],[115.522,3.188],[115.515,3.221],[115.533,3.226],[115.532,3.319],[115.586,3.45],[115.609,3.446],[115.624,3.408],[115.657,3.439],[115.696,3.406],[115.722,3.444],[115.801,3.466],[115.816,3.496],[115.848,3.492],[115.879,3.458],[115.899,3.498],[115.970,3.529],[115.953,3.617],[115.912,3.682],[115.947,3.773],[115.907,3.843],[115.915,3.878],[115.999,3.931],[116.015,3.964],[116.020,4.010],[115.994,4.058],[115.957,4.076],[115.963,4.116],[116.029,4.081],[116.085,4.117],[116.131,4.122],[116.252,4.042],[116.322,4.065],[116.354,4.036],[116.356,4.007],[116.390,3.990],[116.384,3.944],[116.407,3.895],[116.642,3.798],[116.695,3.701],[116.742,3.681]]]}},{"type":"Feature","id":"65.01","properties":{"kode":"65.01"},"geometry":{"type":"MultiPolygon","coordinates":[[[[117.388,3.330],[117.378,3.311],[117.443,3.341],[117.5,3.324],[117.521,3.283],[117.454,3.277],[117.422,3.248],[117.400,3.261],[117.379,3.229],[117.307,3.207],[117.318,3.167],[117.368,3.181],[117.444,3.161],[117.465,3.129],[117.451,3.122],[117.478,3.100],[117.444,3.077],[117.441,3.049],[117.521,3.068],[117.567,3.046],[117.621,3.060],[117.618,3.017],[117.576,2.981],[117.666,2.988],[117.666,2.964],[117.696,2.951],[117.675,2.931],[117.714,2.915],[117.692,2.896],[117.719,2.890],[117.711,2.864],[117.669,2.856],[117.735,2.810],[117.674,2.786],[117.785,2.748],[117.798,2.629],[117.988,2.435],[117.979,2.426],[117.918,2.393],[117.863,2.392],[117.821,2.361],[117.811,2.326],[117.746,2.326],[117.612,2.519],[117.572,2.501],[117.471,2.531],[117.459,2.48],[117.441,2.518],[117.411,2.504],[117.388,2.559],[117.329,2.526],[117.308,2.533],[117.290,2.492],[117.229,2.479],[117.192,2.495],[117.222,2.555],[117.195,2.567],[117.133,2.536],[117.048,2.548],[117.015,2.497],[117.024,2.459],[116.982,2.433],[116.924,2.504],[116.891,2.495],[116.887,2.476],[116.875,2.507],[116.844,2.519],[116.806,2.497],[116.795,2.509],[116.757,2.484],[116.717,2.384],[116.682,2.396],[116.658,2.384],[116.649,2.404],[116.631,2.390],[116.627,2.415],[116.577,2.427],[116.567,2.453],[116.496,2.452],[116.487,2.396],[116.504,2.348],[116.466,2.325],[116.471,2.285],[116.357,2.294],[116.304,2.262],[116.298,2.216],[116.349,2.178],[116.315,2.115],[116.286,2.102],[116.228,2.096],[116.191,2.124],[116.158,2.123],[116.125,2.165],[116.096,2.170],[116.056,2.145],[116.011,2.191],[115.989,2.262],[116.036,2.257],[116.060,2.316],[116.125,2.394],[116.177,2.404],[116.23,2.483],[116.276,2.491],[116.309,2.575],[116.294,2.635],[116.326,2.691],[116.432,2.777],[116.435,2.811],[116.493,2.828],[116.584,2.891],[116.610,2.950],[116.657,2.973],[116.664,3.007],[116.745,3.043],[116.725,3.101],[116.740,3.170],[116.767,3.164],[116.794,3.235],[116.782,3.291],[116.707,3.371],[117.048,3.406],[117.091,3.390],[117.114,3.349],[117.172,3.358],[117.186,3.335],[117.226,3.337],[117.244,3.313],[117.289,3.427],[117.325,3.404],[117.337,3.372],[117.369,3.372],[117.388,3.330]]],[[[117.800,3.589],[117.850,3.537],[117.867,3.450],[117.751,3.535],[117.762,3.568],[117.800,3.589]]],[[[117.622,3.575],[117.657,3.544],[117.621,3.536],[117.508,3.586],[117.622,3.575]]],[[[117.623,3.070],[117.569,3.051],[117.551,3.071],[117.603,3.083],[117.623,3.070]]],[[[117.412,3.546],[117.568,3.520],[117.613,3.481],[117.547,3.471],[117.503,3.506],[117.441,3.510],[117.446,3.533],[117.412,3.546]]],[[[117.529,3.098],[117.565,3.093],[117.567,3.082],[117.499,3.080],[117.529,3.098]]],[[[117.488,3.407],[117.501,3.345],[117.455,3.347],[117.449,3.402],[117.488,3.407]]]]}},{"type":"Feature","id":"65.04","properties":{"kode":"65.04"},"geometry":{"type":"MultiPolygon","coordinates":[[[[117.673,3.780],[117.826,3.704],[117.768,3.681],[117.734,3.631],[117.661,3.615],[117.563,3.641],[117.482,3.728],[117.488,3.769],[117.598,3.794],[117.601,3.773],[117.673,3.780]]],[[[117.482,3.637],[117.486,3.634],[117.505,3.633],[117.517,3.638],[117.495,3.598],[117.430,3.623],[117.436,3.640],[117.455,3.633],[117.466,3.636],[117.477,3.646],[117.482,3.637]]],[[[117.248,3.588],[117.305,3.559],[117.371,3.562],[117.437,3.528],[117.444,3.503],[117.517,3.481],[117.485,3.432],[117.323,3.491],[117.230,3.496],[117.201,3.539],[117.248,3.588]]],[[[117.427,3.693],[117.425,3.673],[117.428,3.671],[117.468,3.667],[117.485,3.673],[117.495,3.639],[117.475,3.648],[117.437,3.641],[117.432,3.638],[117.428,3.624],[117.386,3.640],[117.257,3.617],[117.159,3.644],[117.076,3.635],[117.0,3.597],[117.016,3.585],[117.134,3.621],[117.219,3.609],[117.227,3.594],[117.193,3.534],[117.211,3.500],[117.255,3.470],[117.321,3.462],[117.306,3.449],[117.355,3.449],[117.370,3.412],[117.414,3.387],[117.409,3.326],[117.39,3.324],[117.369,3.372],[117.337,3.372],[117.325,3.404],[117.289,3.427],[117.244,3.313],[117.226,3.337],[117.186,3.335],[117.172,3.358],[117.114,3.349],[117.091,3.390],[117.048,3.406],[116.704,3.370],[116.709,3.424],[116.676,3.533],[116.711,3.550],[116.698,3.572],[116.738,3.605],[116.716,3.644],[116.761,3.695],[116.831,3.693],[116.944,3.750],[117.043,3.734],[117.182,3.749],[117.215,3.768],[117.237,3.762],[117.25,3.730],[117.427,3.693]]],[[[117.491,3.684],[117.466,3.671],[117.427,3.677],[117.481,3.708],[117.491,3.684]]],[[[117.389,3.613],[117.460,3.568],[117.435,3.562],[117.391,3.590],[117.302,3.578],[117.291,3.596],[117.389,3.613]]],[[[117.366,3.440],[117.444,3.398],[117.434,3.347],[117.417,3.339],[117.415,3.390],[117.369,3.416],[117.366,3.440]]]]}},{"type":"Feature","id":"65.03","properties":{"kode":"65.03"},"geometry":{"type":"MultiPolygon","coordinates":[[[[117.683,4.166],[117.900,4.166],[117.925,4.127],[117.926,4.063],[117.861,4.029],[117.683,4.166]]],[[[117.735,3.873],[117.829,3.807],[117.832,3.784],[117.743,3.806],[117.735,3.840],[117.710,3.860],[117.735,3.873]]],[[[117.673,3.780],[117.601,3.773],[117.598,3.794],[117.488,3.769],[117.487,3.719],[117.434,3.690],[117.25,3.730],[117.237,3.762],[117.215,3.768],[117.182,3.749],[117.043,3.734],[116.944,3.750],[116.831,3.693],[116.731,3.682],[116.695,3.701],[116.642,3.798],[116.407,3.895],[116.384,3.944],[116.390,3.990],[116.356,4.007],[116.354,4.036],[116.322,4.065],[116.252,4.042],[116.131,4.122],[116.085,4.117],[116.029,4.081],[115.963,4.116],[115.957,4.076],[115.994,4.058],[116.020,4.010],[116.015,3.964],[115.999,3.931],[115.915,3.878],[115.907,3.843],[115.947,3.773],[115.912,3.682],[115.953,3.617],[115.970,3.529],[115.899,3.498],[115.879,3.458],[115.848,3.492],[115.816,3.496],[115.801,3.466],[115.722,3.444],[115.696,3.406],[115.637,3.456],[115.602,3.575],[115.579,3.596],[115.577,3.747],[115.617,3.868],[115.558,3.917],[115.639,3.961],[115.696,4.185],[115.727,4.189],[115.766,4.245],[115.816,4.224],[115.824,4.261],[115.874,4.290],[115.863,4.332],[115.877,4.391],[115.908,4.391],[115.927,4.354],[116.002,4.347],[116.031,4.328],[116.034,4.295],[116.072,4.276],[116.110,4.331],[116.155,4.338],[116.166,4.390],[116.279,4.360],[116.358,4.387],[116.437,4.323],[116.440,4.288],[116.478,4.302],[116.487,4.333],[116.536,4.320],[116.536,4.376],[116.565,4.408],[116.588,4.374],[116.609,4.379],[116.630,4.335],[116.667,4.352],[116.701,4.334],[116.751,4.389],[116.784,4.342],[116.815,4.350],[116.834,4.326],[116.911,4.368],[116.968,4.337],[117.004,4.347],[117.020,4.319],[117.042,4.347],[117.107,4.332],[117.150,4.353],[117.199,4.335],[117.247,4.374],[117.311,4.299],[117.372,4.285],[117.467,4.173],[117.529,4.160],[117.566,4.179],[117.593,4.172],[117.548,4.142],[117.516,4.099],[117.394,4.145],[117.418,4.094],[117.473,4.070],[117.438,4.013],[117.385,4.036],[117.369,4.032],[117.365,4.014],[117.385,4.027],[117.439,4.004],[117.464,3.958],[117.455,3.936],[117.457,3.929],[117.487,3.914],[117.499,3.912],[117.533,3.924],[117.598,3.876],[117.694,3.867],[117.734,3.835],[117.730,3.812],[117.792,3.759],[117.673,3.780]]],[[[117.660,4.147],[117.753,4.061],[117.724,3.984],[117.669,3.966],[117.603,4.010],[117.589,4.08],[117.629,4.135],[117.660,4.147]]],[[[117.495,4.052],[117.597,3.933],[117.682,3.913],[117.681,3.887],[117.601,3.882],[117.552,3.924],[117.461,3.93],[117.466,3.959],[117.443,4.005],[117.495,4.052]]],[[[117.554,4.099],[117.536,4.108],[117.543,4.129],[117.585,4.143],[117.554,4.099]]]]}},{"type":"Feature","id":"65.71","properties":{"kode":"65.71"},"geometry":{"type":"Polygon","coordinates":[[[117.618,3.438],[117.668,3.403],[117.655,3.252],[117.638,3.239],[117.541,3.326],[117.515,3.381],[117.548,3.442],[117.618,3.438]]]}},{"type":"Feature","id":"71.01","properties":{"kode":"71.01"},"geometry":{"type":"Polygon","coordinates":[[[124.435,0.786],[124.357,0.755],[124.321,0.774],[124.305,0.753],[124.255,0.750],[124.252,0.707],[124.288,0.699],[124.293,0.659],[124.318,0.666],[124.341,0.648],[124.298,0.562],[124.319,0.545],[124.274,0.526],[124.238,0.542],[124.248,0.515],[124.232,0.510],[124.217,0.537],[124.177,0.525],[124.160,0.561],[124.138,0.558],[124.113,0.527],[124.063,0.519],[124.025,0.477],[123.968,0.465],[123.929,0.431],[123.860,0.459],[123.791,0.440],[123.737,0.465],[123.697,0.456],[123.690,0.486],[123.720,0.526],[123.713,0.563],[123.661,0.566],[123.634,0.587],[123.657,0.615],[123.707,0.619],[123.741,0.679],[123.702,0.734],[123.710,0.759],[123.688,0.794],[123.727,0.864],[123.750,0.831],[123.762,0.847],[123.797,0.833],[123.795,0.855],[123.959,0.837],[123.93,0.857],[124.072,0.921],[124.136,0.928],[124.187,0.979],[124.244,1.001],[124.297,1.010],[124.354,0.986],[124.375,0.957],[124.379,0.869],[124.435,0.831],[124.418,0.807],[124.435,0.786]]]}},{"type":"Feature","id":"71.02","properties":{"kode":"71.02"},"geometry":{"type":"Polygon","coordinates":[[[125.063,1.286],[125.023,1.142],[124.908,1.018],[124.837,1.121],[124.769,1.096],[124.736,1.115],[124.729,1.211],[124.752,1.211],[124.759,1.251],[124.707,1.297],[124.716,1.326],[124.621,1.336],[124.565,1.378],[124.617,1.418],[124.674,1.394],[124.771,1.460],[124.823,1.428],[124.895,1.464],[124.925,1.377],[124.912,1.353],[124.963,1.319],[124.982,1.335],[125.022,1.326],[125.027,1.291],[125.063,1.286]]]}},{"type":"Feature","id":"71.03","properties":{"kode":"71.03"},"geometry":{"type":"Polygon","coordinates":[[[125.448,3.736],[125.507,3.723],[125.570,3.648],[125.563,3.626],[125.587,3.613],[125.559,3.581],[125.588,3.574],[125.641,3.491],[125.661,3.488],[125.641,3.513],[125.660,3.524],[125.676,3.426],[125.641,3.381],[125.606,3.371],[125.558,3.421],[125.57,3.436],[125.548,3.435],[125.544,3.410],[125.501,3.439],[125.487,3.525],[125.511,3.567],[125.482,3.594],[125.504,3.603],[125.440,3.621],[125.397,3.673],[125.403,3.718],[125.448,3.736]]]}},{"type":"Feature","id":"71.04","properties":{"kode":"71.04"},"geometry":{"type":"MultiPolygon","coordinates":[[[[127.132,4.732],[127.110,4.746],[127.133,4.778],[127.145,4.753],[127.132,4.732]]],[[[126.747,4.545],[126.786,4.524],[126.805,4.532],[126.829,4.493],[126.855,4.489],[126.869,4.428],[126.850,4.372],[126.911,4.270],[126.862,4.251],[126.869,4.216],[126.796,4.149],[126.805,4.030],[126.762,3.994],[126.684,3.992],[126.67,4.047],[126.733,4.109],[126.758,4.182],[126.790,4.215],[126.776,4.251],[126.715,4.265],[126.706,4.324],[126.680,4.334],[126.702,4.422],[126.733,4.462],[126.719,4.512],[126.747,4.545]]],[[[126.761,3.854],[126.837,3.787],[126.851,3.753],[126.823,3.728],[126.753,3.784],[126.743,3.842],[126.761,3.854]]],[[[126.615,4.043],[126.640,4.023],[126.646,3.976],[126.719,3.919],[126.719,3.892],[126.684,3.866],[126.704,3.814],[126.682,3.812],[126.666,3.931],[126.611,4.002],[126.615,4.043]]]]}},{"type":"Feature","id":"71.05","properties":{"kode":"71.05"},"geometry":{"type":"Polygon","coordinates":[[[124.736,1.115],[124.664,1.134],[124.648,1.116],[124.587,1.114],[124.551,1.085],[124.553,1.035],[124.579,1.005],[124.566,0.967],[124.578,0.934],[124.595,0.937],[124.550,0.854],[124.497,0.820],[124.472,0.762],[124.420,0.803],[124.435,0.831],[124.379,0.869],[124.375,0.957],[124.354,0.986],[124.297,1.004],[124.356,1.137],[124.348,1.161],[124.415,1.195],[124.518,1.189],[124.528,1.215],[124.566,1.184],[124.609,1.229],[124.611,1.253],[124.515,1.300],[124.556,1.378],[124.621,1.336],[124.716,1.326],[124.707,1.297],[124.759,1.251],[124.752,1.211],[124.729,1.211],[124.736,1.115]]]}},{"type":"Feature","id":"71.06","properties":{"kode":"71.06"},"geometry":{"type":"MultiPolygon","coordinates":[[[[125.135,1.846],[125.187,1.782],[125.147,1.757],[125.148,1.735],[125.113,1.816],[125.136,1.823],[125.135,1.846]]],[[[125.175,1.684],[125.124,1.565],[125.085,1.576],[125.067,1.541],[125.078,1.500],[125.035,1.463],[125.094,1.451],[125.108,1.393],[125.075,1.361],[125.063,1.286],[125.027,1.291],[125.022,1.326],[124.998,1.336],[124.963,1.319],[124.924,1.341],[124.904,1.451],[124.885,1.465],[124.934,1.509],[124.927,1.560],[124.9,1.578],[124.841,1.565],[124.821,1.582],[124.866,1.599],[124.932,1.685],[124.966,1.684],[124.962,1.726],[124.983,1.723],[124.991,1.751],[125.025,1.730],[125.016,1.687],[125.105,1.664],[125.175,1.684]]],[[[125.098,1.887],[125.086,1.837],[125.053,1.804],[125.065,1.856],[125.098,1.887]]],[[[124.765,1.744],[124.780,1.700],[124.768,1.692],[124.731,1.727],[124.765,1.744]]]]}},{"type":"Feature","id":"71.08","properties":{"kode":"71.08"},"geometry":{"type":"Polygon","coordinates":[[[123.727,0.864],[123.688,0.794],[123.710,0.759],[123.702,0.734],[123.741,0.685],[123.732,0.654],[123.700,0.614],[123.640,0.605],[123.642,0.573],[123.608,0.561],[123.585,0.586],[123.509,0.584],[123.486,0.626],[123.359,0.651],[123.322,0.698],[123.273,0.698],[123.246,0.733],[123.271,0.802],[123.205,0.857],[123.138,0.878],[123.112,0.915],[123.140,0.923],[123.175,0.901],[123.197,0.921],[123.167,0.951],[123.213,0.940],[123.251,0.958],[123.261,0.914],[123.397,0.899],[123.399,0.915],[123.418,0.892],[123.446,0.905],[123.525,0.886],[123.597,0.903],[123.701,0.859],[123.710,0.873],[123.727,0.864]]]}},{"type":"Feature","id":"71.09","properties":{"kode":"71.09"},"geometry":{"type":"MultiPolygon","coordinates":[[[[125.397,2.379],[125.457,2.365],[125.462,2.342],[125.440,2.317],[125.404,2.321],[125.370,2.355],[125.397,2.379]]],[[[125.405,2.811],[125.456,2.770],[125.405,2.725],[125.391,2.680],[125.431,2.649],[125.409,2.632],[125.375,2.655],[125.359,2.724],[125.373,2.793],[125.405,2.811]]],[[[125.409,2.134],[125.358,2.072],[125.336,2.082],[125.362,2.103],[125.354,2.125],[125.391,2.113],[125.409,2.134]]],[[[125.378,2.326],[125.385,2.306],[125.364,2.287],[125.344,2.305],[125.378,2.326]]]]}},{"type":"Feature","id":"71.07","properties":{"kode":"71.07"},"geometry":{"type":"Polygon","coordinates":[[[124.664,1.134],[124.769,1.096],[124.837,1.121],[124.908,1.018],[124.884,0.971],[124.786,0.941],[124.766,0.891],[124.720,0.894],[124.707,0.862],[124.720,0.849],[124.699,0.843],[124.637,0.887],[124.651,0.954],[124.578,0.934],[124.566,0.967],[124.579,1.005],[124.559,1.019],[124.550,1.079],[124.587,1.114],[124.648,1.116],[124.664,1.134]]]}},{"type":"Feature","id":"71.11","properties":{"kode":"71.11"},"geometry":{"type":"Polygon","coordinates":[[[124.344,0.608],[124.440,0.565],[124.435,0.534],[124.460,0.517],[124.475,0.466],[124.450,0.466],[124.453,0.445],[124.343,0.450],[124.323,0.446],[124.318,0.418],[124.271,0.427],[124.288,0.407],[124.219,0.383],[124.194,0.397],[124.080,0.387],[124.052,0.365],[123.999,0.375],[123.86,0.327],[123.807,0.335],[123.778,0.312],[123.707,0.319],[123.679,0.297],[123.620,0.295],[123.574,0.321],[123.492,0.307],[123.473,0.320],[123.497,0.382],[123.550,0.433],[123.524,0.456],[123.522,0.490],[123.552,0.510],[123.525,0.543],[123.536,0.579],[123.585,0.586],[123.608,0.561],[123.709,0.571],[123.720,0.526],[123.690,0.486],[123.697,0.456],[123.737,0.465],[123.791,0.440],[123.860,0.459],[123.929,0.431],[123.968,0.465],[124.025,0.477],[124.063,0.519],[124.113,0.527],[124.145,0.560],[124.167,0.554],[124.177,0.525],[124.217,0.537],[124.232,0.510],[124.248,0.515],[124.238,0.542],[124.293,0.532],[124.319,0.545],[124.301,0.572],[124.344,0.608]]]}},{"type":"Feature","id":"71.10","properties":{"kode":"71.10"},"geometry":{"type":"Polygon","coordinates":[[[124.651,0.954],[124.637,0.887],[124.683,0.869],[124.699,0.841],[124.625,0.767],[124.629,0.713],[124.599,0.707],[124.555,0.650],[124.543,0.623],[124.565,0.617],[124.569,0.58],[124.539,0.588],[124.493,0.548],[124.512,0.474],[124.496,0.466],[124.490,0.487],[124.475,0.466],[124.460,0.517],[124.435,0.534],[124.438,0.567],[124.337,0.614],[124.343,0.650],[124.379,0.657],[124.349,0.744],[124.438,0.786],[124.465,0.731],[124.497,0.820],[124.551,0.855],[124.579,0.922],[124.651,0.954]]]}},{"type":"Feature","id":"71.71","properties":{"kode":"71.71"},"geometry":{"type":"Polygon","coordinates":[[[124.807,1.577],[124.927,1.560],[124.932,1.506],[124.902,1.496],[124.858,1.436],[124.791,1.441],[124.784,1.461],[124.825,1.464],[124.844,1.514],[124.807,1.577]]]}},{"type":"Feature","id":"71.72","properties":{"kode":"71.72"},"geometry":{"type":"MultiPolygon","coordinates":[[[[125.292,1.549],[125.258,1.413],[125.175,1.391],[125.183,1.426],[125.238,1.445],[125.292,1.549]]],[[[125.147,1.599],[125.169,1.566],[125.235,1.529],[125.241,1.486],[125.207,1.445],[125.126,1.428],[125.108,1.393],[125.094,1.451],[125.035,1.463],[125.078,1.500],[125.067,1.541],[125.085,1.576],[125.124,1.565],[125.147,1.599]]]]}},{"type":"Feature","id":"71.73","properties":{"kode":"71.73"},"geometry":{"type":"Polygon","coordinates":[[[124.835,1.405],[124.863,1.352],[124.909,1.349],[124.818,1.245],[124.822,1.268],[124.731,1.313],[124.778,1.387],[124.835,1.405]]]}},{"type":"Feature","id":"71.74","properties":{"kode":"71.74"},"geometry":{"type":"Polygon","coordinates":[[[124.357,0.755],[124.348,0.730],[124.379,0.657],[124.296,0.658],[124.288,0.699],[124.252,0.707],[124.265,0.756],[124.269,0.743],[124.305,0.753],[124.321,0.774],[124.357,0.755]]]}},{"type":"Feature","id":"72.07","properties":{"kode":"72.07"},"geometry":{"type":"MultiPolygon","coordinates":[[[[123.171,-1.148],[123.194,-1.153],[123.248,-1.229],[123.217,-1.270],[123.188,-1.265],[123.183,-1.320],[123.227,-1.358],[123.238,-1.396],[123.268,-1.381],[123.289,-1.308],[123.313,-1.304],[123.378,-1.220],[123.401,-1.233],[123.407,-1.221],[123.404,-1.252],[123.428,-1.269],[123.446,-1.263],[123.444,-1.237],[123.486,-1.269],[123.555,-1.277],[123.557,-1.327],[123.513,-1.453],[123.472,-1.462],[123.457,-1.517],[123.437,-1.506],[123.409,-1.528],[123.371,-1.497],[123.358,-1.523],[123.355,-1.472],[123.326,-1.449],[123.324,-1.418],[123.288,-1.414],[123.275,-1.442],[123.256,-1.442],[123.239,-1.553],[123.254,-1.639],[123.236,-1.643],[123.226,-1.597],[123.156,-1.638],[123.098,-1.586],[123.184,-1.514],[123.163,-1.453],[123.163,-1.304],[123.146,-1.296],[123.121,-1.317],[123.114,-1.307],[123.057,-1.388],[122.998,-1.515],[122.945,-1.545],[122.913,-1.595],[122.868,-1.595],[122.819,-1.482],[122.788,-1.476],[122.795,-1.371],[122.831,-1.277],[122.870,-1.249],[122.905,-1.181],[122.947,-1.186],[122.972,-1.215],[123.104,-1.160],[123.143,-1.210],[123.171,-1.148]]],[[[123.316,-1.174],[123.310,-1.272],[123.297,-1.281],[123.281,-1.193],[123.316,-1.174]]]]}},{"type":"Feature","id":"72.01","properties":{"kode":"72.01"},"geometry":{"type":"MultiPolygon","coordinates":[[[[122.058,-1.617],[122.033,-1.579],[122.058,-1.431],[121.984,-1.391],[122.038,-1.340],[122.110,-1.376],[122.130,-1.344],[122.126,-1.275],[122.057,-1.247],[122.066,-1.227],[122.044,-1.170],[122.003,-1.131],[121.956,-1.111],[121.936,-1.129],[121.920,-1.095],[121.877,-1.073],[121.854,-0.975],[121.946,-0.996],[122.021,-0.936],[122.101,-0.962],[122.148,-0.910],[122.161,-0.817],[122.189,-0.814],[122.202,-0.788],[122.417,-0.783],[122.461,-0.758],[122.581,-0.784],[122.617,-0.762],[122.685,-0.811],[122.725,-0.813],[122.790,-0.775],[122.960,-0.754],[122.949,-0.736],[122.892,-0.738],[122.869,-0.711],[122.782,-0.704],[122.725,-0.661],[122.775,-0.671],[122.807,-0.634],[122.839,-0.642],[122.861,-0.622],[122.880,-0.638],[122.899,-0.616],[122.957,-0.642],[122.968,-0.619],[123.039,-0.596],[123.057,-0.563],[123.167,-0.584],[123.202,-0.569],[123.263,-0.579],[123.411,-0.655],[123.384,-0.669],[123.419,-0.716],[123.444,-0.712],[123.426,-0.743],[123.455,-0.766],[123.431,-0.816],[123.444,-0.839],[123.391,-0.892],[123.396,-0.955],[123.351,-1.034],[123.269,-1.044],[123.254,-1.010],[123.140,-0.949],[123.136,-0.899],[123.151,-0.902],[123.151,-0.886],[123.097,-0.835],[123.061,-0.869],[123.074,-0.883],[123.059,-0.897],[123.026,-0.888],[123.040,-0.909],[122.981,-0.900],[122.804,-0.941],[122.786,-0.979],[122.795,-1.008],[122.728,-1.086],[122.715,-1.133],[122.666,-1.139],[122.662,-1.165],[122.636,-1.175],[122.631,-1.236],[122.558,-1.27],[122.562,-1.308],[122.497,-1.355],[122.389,-1.495],[122.303,-1.534],[122.219,-1.601],[122.058,-1.617]]],[[[122.598,-0.477],[122.617,-0.499],[122.563,-0.520],[122.525,-0.502],[122.598,-0.477]]]]}},{"type":"Feature","id":"72.06","properties":{"kode":"72.06"},"geometry":{"type":"MultiPolygon","coordinates":[[[[123.149,-3.555],[123.177,-3.62],[123.121,-3.612],[123.106,-3.639],[123.043,-3.594],[123.149,-3.555]]],[[[122.310,-3.272],[122.295,-3.226],[122.318,-3.174],[122.256,-3.140],[122.264,-3.101],[122.205,-3.096],[122.150,-3.039],[122.126,-3.082],[122.066,-3.089],[122.035,-3.071],[122.038,-3.052],[121.951,-3.048],[121.887,-3.010],[121.865,-2.968],[121.825,-2.969],[121.757,-2.925],[121.670,-2.900],[121.684,-2.868],[121.651,-2.849],[121.706,-2.807],[121.715,-2.753],[121.747,-2.718],[121.735,-2.698],[121.750,-2.679],[121.773,-2.682],[121.784,-2.641],[121.697,-2.580],[121.673,-2.519],[121.629,-2.505],[121.620,-2.535],[121.585,-2.528],[121.570,-2.491],[121.442,-2.405],[121.459,-2.302],[121.493,-2.252],[121.486,-2.178],[121.544,-2.149],[121.570,-2.177],[121.644,-2.187],[121.68,-2.174],[121.726,-2.201],[121.794,-2.286],[121.825,-2.294],[121.841,-2.347],[121.967,-2.528],[122.001,-2.628],[122.035,-2.660],[122.009,-2.676],[122.010,-2.719],[122.087,-2.789],[122.140,-2.789],[122.184,-2.823],[122.185,-2.873],[122.207,-2.899],[122.250,-2.878],[122.314,-2.910],[122.306,-2.956],[122.251,-3.027],[122.335,-3.086],[122.372,-3.139],[122.426,-3.126],[122.443,-3.159],[122.464,-3.149],[122.486,-3.179],[122.428,-3.192],[122.425,-3.280],[122.400,-3.239],[122.359,-3.255],[122.368,-3.225],[122.325,-3.234],[122.310,-3.272]]]]}},{"type":"Feature","id":"72.02","properties":{"kode":"72.02"},"geometry":{"type":"Polygon","coordinates":[[[120.887,-1.411],[120.894,-1.51],[120.953,-1.694],[120.956,-1.817],[120.947,-1.875],[120.904,-1.888],[120.930,-1.902],[120.928,-1.921],[120.817,-2.064],[120.837,-2.218],[120.781,-2.213],[120.743,-2.241],[120.723,-2.211],[120.691,-2.207],[120.636,-2.113],[120.596,-2.091],[120.544,-2.018],[120.518,-2.043],[120.529,-2.083],[120.508,-2.112],[120.399,-1.954],[120.391,-1.996],[120.343,-1.977],[120.312,-2.052],[120.232,-1.984],[120.192,-1.991],[120.175,-1.962],[120.109,-1.994],[120.089,-1.928],[120.141,-1.899],[120.091,-1.817],[120.179,-1.769],[120.143,-1.721],[120.124,-1.647],[120.129,-1.558],[120.089,-1.553],[120.102,-1.517],[120.174,-1.452],[120.237,-1.443],[120.277,-1.399],[120.269,-1.340],[120.177,-1.268],[120.213,-1.257],[120.230,-1.223],[120.270,-1.232],[120.311,-1.192],[120.581,-1.108],[120.593,-1.157],[120.571,-1.199],[120.571,-1.256],[120.639,-1.311],[120.644,-1.365],[120.676,-1.415],[120.804,-1.351],[120.844,-1.359],[120.851,-1.407],[120.887,-1.411]]]}},{"type":"Feature","id":"72.03","properties":{"kode":"72.03"},"geometry":{"type":"MultiPolygon","coordinates":[[[[120.136,0.747],[120.196,0.700],[120.203,0.574],[120.159,0.531],[120.154,0.467],[120.113,0.431],[120.127,0.409],[120.082,0.386],[120.057,0.336],[120.055,0.286],[120.095,0.243],[120.092,0.204],[120.040,0.170],[120.033,0.127],[120.000,0.123],[119.961,0.085],[119.942,-0.071],[119.898,-0.138],[119.935,-0.21],[119.905,-0.269],[119.927,-0.303],[119.911,-0.368],[119.942,-0.468],[119.935,-0.504],[120.000,-0.585],[120.002,-0.633],[120.032,-0.683],[120.014,-0.713],[120.022,-0.782],[119.969,-0.812],[119.872,-0.773],[119.907,-0.755],[119.877,-0.734],[119.936,-0.704],[119.877,-0.704],[119.872,-0.683],[119.922,-0.651],[119.874,-0.659],[119.845,-0.697],[119.823,-0.689],[119.759,-0.497],[119.751,-0.365],[119.818,-0.192],[119.798,-0.153],[119.809,-0.136],[119.791,-0.123],[119.737,-0.144],[119.700,-0.137],[119.662,-0.107],[119.605,-0.011],[119.666,-0.017],[119.662,0.018],[119.722,-0.011],[119.774,-0.111],[119.821,-0.117],[119.841,-0.097],[119.881,-0.024],[119.878,0.075],[119.770,0.211],[119.809,0.236],[119.837,0.215],[119.903,0.222],[119.893,0.286],[119.845,0.334],[119.888,0.391],[119.883,0.459],[119.906,0.480],[119.999,0.483],[120.045,0.512],[120.019,0.672],[120.075,0.742],[120.136,0.747]]],[[[119.804,-0.801],[119.757,-0.840],[119.77,-0.910],[119.743,-0.922],[119.730,-0.905],[119.711,-0.936],[119.653,-0.953],[119.646,-0.977],[119.674,-1.006],[119.757,-0.996],[119.800,-1.087],[119.803,-1.140],[119.775,-1.195],[119.831,-1.284],[119.833,-1.386],[119.729,-1.424],[119.709,-1.416],[119.671,-1.443],[119.643,-1.405],[119.593,-1.396],[119.582,-1.425],[119.547,-1.436],[119.545,-1.422],[119.511,-1.451],[119.519,-1.411],[119.496,-1.392],[119.462,-1.396],[119.426,-1.347],[119.461,-1.319],[119.510,-1.312],[119.503,-1.296],[119.466,-1.301],[119.530,-1.233],[119.535,-1.178],[119.592,-1.183],[119.578,-1.030],[119.557,-1.009],[119.561,-0.849],[119.613,-0.835],[119.624,-0.797],[119.679,-0.767],[119.685,-0.742],[119.661,-0.718],[119.732,-0.644],[119.804,-0.801]]]]}},{"type":"Feature","id":"72.04","properties":{"kode":"72.04"},"geometry":{"type":"MultiPolygon","coordinates":[[[[121.177,1.268],[121.172,1.215],[121.157,1.218],[121.132,1.178],[121.128,1.130],[121.01,1.030],[121.029,1.0],[121.008,0.860],[120.983,0.832],[121.000,0.826],[120.996,0.806],[120.923,0.779],[120.882,0.704],[120.754,0.662],[120.707,0.668],[120.625,0.588],[120.573,0.609],[120.547,0.595],[120.538,0.635],[120.495,0.636],[120.462,0.667],[120.356,0.678],[120.228,0.607],[120.192,0.615],[120.196,0.700],[120.136,0.746],[120.237,0.8],[120.247,0.957],[120.285,0.986],[120.348,0.984],[120.326,0.856],[120.358,0.828],[120.373,0.866],[120.398,0.791],[120.468,0.777],[120.536,0.790],[120.554,0.773],[120.546,0.758],[120.593,0.749],[120.575,0.776],[120.609,0.808],[120.603,0.870],[120.635,0.939],[120.669,0.964],[120.688,0.953],[120.678,0.969],[120.696,0.986],[120.719,0.961],[120.776,1.023],[120.808,1.028],[120.797,1.091],[120.777,1.107],[120.79,1.163],[120.826,1.181],[120.807,1.325],[120.880,1.321],[120.903,1.355],[120.913,1.343],[120.887,1.319],[120.902,1.305],[120.942,1.350],[121.064,1.301],[121.100,1.315],[121.177,1.268]]],[[[120.389,1.077],[120.402,1.055],[120.385,1.007],[120.366,1.03],[120.389,1.077]]]]}},{"type":"Feature","id":"72.05","properties":{"kode":"72.05"},"geometry":{"type":"Polygon","coordinates":[[[122.195,1.038],[122.051,0.993],[122.017,0.954],[122.037,0.959],[122.015,0.909],[121.954,0.907],[121.888,0.977],[121.849,0.992],[121.811,0.95],[121.603,0.872],[121.542,0.879],[121.533,0.853],[121.494,0.839],[121.348,0.852],[121.364,0.802],[121.317,0.785],[121.288,0.799],[121.218,0.790],[121.187,0.759],[121.165,0.679],[121.015,0.711],[120.938,0.689],[120.880,0.710],[120.892,0.740],[120.914,0.737],[120.923,0.779],[120.996,0.806],[121.000,0.826],[120.983,0.832],[121.008,0.860],[121.029,1.0],[121.01,1.030],[121.128,1.130],[121.132,1.178],[121.157,1.218],[121.172,1.215],[121.177,1.268],[121.255,1.23],[121.309,1.256],[121.404,1.262],[121.433,1.307],[121.464,1.305],[121.461,1.251],[121.413,1.235],[121.434,1.223],[121.419,1.186],[121.433,1.162],[121.510,1.086],[121.559,1.061],[121.629,1.060],[121.651,1.039],[121.671,1.069],[121.715,1.041],[121.708,1.079],[121.741,1.064],[121.930,1.102],[121.952,1.042],[121.982,1.022],[122.065,1.073],[122.163,1.032],[122.195,1.038]]]}},{"type":"Feature","id":"72.08","properties":{"kode":"72.08"},"geometry":{"type":"Polygon","coordinates":[[[121.161,0.678],[121.199,0.640],[121.228,0.645],[121.242,0.600],[121.307,0.568],[121.329,0.575],[121.318,0.543],[121.351,0.492],[121.336,0.473],[121.259,0.490],[121.230,0.459],[121.175,0.458],[121.155,0.414],[121.111,0.400],[121.068,0.403],[121.027,0.439],[120.897,0.396],[120.855,0.442],[120.809,0.453],[120.808,0.470],[120.766,0.457],[120.695,0.510],[120.506,0.513],[120.303,0.417],[120.135,0.192],[120.123,0.162],[120.136,0.139],[120.105,0.094],[120.100,-0.016],[120.065,-0.060],[120.034,-0.065],[120.039,-0.141],[120.007,-0.189],[120.008,-0.286],[120.030,-0.303],[120.034,-0.371],[120.072,-0.439],[120.049,-0.488],[120.058,-0.628],[120.133,-0.774],[120.175,-0.799],[120.196,-0.846],[120.218,-0.843],[120.310,-0.966],[120.372,-0.927],[120.411,-0.924],[120.462,-0.992],[120.509,-0.999],[120.581,-1.108],[120.354,-1.185],[120.340,-1.174],[120.365,-1.146],[120.265,-1.149],[120.234,-1.130],[120.219,-1.070],[120.082,-1.012],[120.052,-0.967],[120.064,-0.912],[120.018,-0.781],[120.014,-0.713],[120.032,-0.683],[120.002,-0.633],[120.000,-0.585],[119.935,-0.504],[119.942,-0.468],[119.911,-0.368],[119.927,-0.303],[119.905,-0.269],[119.935,-0.21],[119.898,-0.138],[119.942,-0.071],[119.961,0.085],[120.000,0.123],[120.033,0.127],[120.040,0.170],[120.092,0.204],[120.095,0.243],[120.055,0.286],[120.057,0.336],[120.082,0.386],[120.127,0.409],[120.113,0.431],[120.154,0.467],[120.159,0.531],[120.203,0.574],[120.192,0.615],[120.228,0.607],[120.356,0.678],[120.462,0.667],[120.495,0.636],[120.538,0.635],[120.547,0.595],[120.573,0.609],[120.625,0.588],[120.707,0.668],[120.812,0.675],[120.867,0.711],[120.938,0.689],[121.015,0.711],[121.161,0.678]]]}},{"type":"Feature","id":"72.09","properties":{"kode":"72.09"},"geometry":{"type":"MultiPolygon","coordinates":[[[[122.242,-0.207],[122.290,-0.246],[122.311,-0.235],[122.377,-0.272],[122.368,-0.329],[122.383,-0.366],[122.340,-0.285],[122.330,-0.294],[122.303,-0.259],[122.276,-0.268],[122.233,-0.237],[122.242,-0.207]]],[[[122.209,-0.210],[122.185,-0.250],[122.230,-0.257],[122.245,-0.292],[122.178,-0.279],[122.173,-0.250],[122.146,-0.250],[122.209,-0.210]]],[[[122.092,-0.275],[122.104,-0.327],[122.141,-0.350],[122.151,-0.389],[122.126,-0.422],[122.094,-0.399],[122.093,-0.441],[122.063,-0.408],[122.082,-0.396],[122.060,-0.355],[122.092,-0.275]]],[[[121.854,-0.975],[121.877,-1.073],[121.920,-1.095],[121.936,-1.129],[121.956,-1.111],[122.003,-1.131],[122.044,-1.170],[122.066,-1.227],[122.057,-1.247],[122.123,-1.270],[122.130,-1.344],[122.110,-1.376],[122.038,-1.340],[121.984,-1.391],[121.932,-1.305],[121.866,-1.273],[121.695,-1.416],[121.491,-1.332],[121.399,-1.433],[121.298,-1.472],[121.193,-1.575],[121.146,-1.570],[121.134,-1.598],[121.089,-1.596],[121.009,-1.644],[120.928,-1.649],[120.887,-1.411],[120.980,-1.399],[121.058,-1.440],[121.12,-1.421],[121.161,-1.368],[121.219,-1.209],[121.277,-1.160],[121.335,-1.065],[121.391,-1.035],[121.395,-1.006],[121.450,-0.972],[121.479,-0.900],[121.588,-0.866],[121.597,-0.824],[121.654,-0.804],[121.666,-0.921],[121.761,-0.971],[121.813,-0.957],[121.854,-0.975]]],[[[122.087,-0.241],[122.081,-0.264],[122.031,-0.276],[122.043,-0.255],[122.087,-0.241]]],[[[121.948,-0.323],[122.013,-0.369],[122.040,-0.338],[122.059,-0.347],[122.055,-0.419],[122.009,-0.401],[121.999,-0.424],[121.953,-0.419],[121.919,-0.439],[121.895,-0.421],[121.884,-0.421],[121.863,-0.369],[121.891,-0.340],[121.913,-0.340],[121.929,-0.366],[121.955,-0.358],[121.952,-0.338],[121.924,-0.334],[121.948,-0.323]]],[[[121.852,-0.409],[121.914,-0.441],[121.905,-0.528],[121.871,-0.534],[121.873,-0.513],[121.850,-0.493],[121.838,-0.499],[121.862,-0.519],[121.828,-0.531],[121.798,-0.506],[121.745,-0.511],[121.735,-0.496],[121.7,-0.563],[121.658,-0.576],[121.650,-0.540],[121.699,-0.470],[121.717,-0.474],[121.739,-0.448],[121.768,-0.460],[121.755,-0.426],[121.772,-0.415],[121.782,-0.441],[121.803,-0.442],[121.852,-0.409]]],[[[121.634,-0.126],[121.657,-0.149],[121.650,-0.194],[121.592,-0.210],[121.564,-0.158],[121.634,-0.126]]]]}},{"type":"Feature","id":"72.10","properties":{"kode":"72.10"},"geometry":{"type":"Polygon","coordinates":[[[120.354,-1.185],[120.286,-1.204],[120.270,-1.232],[120.230,-1.223],[120.213,-1.257],[120.177,-1.268],[120.269,-1.340],[120.277,-1.399],[120.237,-1.443],[120.174,-1.452],[120.102,-1.517],[120.089,-1.553],[120.129,-1.558],[120.124,-1.647],[120.143,-1.721],[120.179,-1.769],[120.091,-1.817],[120.140,-1.901],[120.089,-1.928],[120.094,-1.967],[120.073,-1.948],[120.044,-1.972],[119.996,-1.957],[119.945,-2.028],[119.900,-2.055],[119.846,-2.012],[119.871,-1.938],[119.847,-1.904],[119.874,-1.861],[119.858,-1.825],[119.871,-1.779],[119.795,-1.739],[119.795,-1.708],[119.728,-1.637],[119.733,-1.604],[119.666,-1.525],[119.692,-1.472],[119.689,-1.432],[119.833,-1.386],[119.831,-1.284],[119.775,-1.195],[119.803,-1.140],[119.800,-1.087],[119.757,-0.996],[119.674,-1.006],[119.647,-0.987],[119.653,-0.953],[119.711,-0.936],[119.730,-0.905],[119.743,-0.922],[119.77,-0.910],[119.770,-0.878],[119.801,-0.857],[119.823,-0.873],[119.832,-0.942],[119.874,-0.923],[119.931,-0.947],[119.928,-0.921],[120.030,-0.881],[120.033,-0.856],[120.064,-0.912],[120.052,-0.967],[120.082,-1.012],[120.219,-1.070],[120.234,-1.130],[120.265,-1.149],[120.365,-1.146],[120.340,-1.174],[120.354,-1.185]]]}},{"type":"Feature","id":"72.11","properties":{"kode":"72.11"},"geometry":{"type":"MultiPolygon","coordinates":[[[[124.004,-1.813],[124.023,-1.844],[124.032,-1.892],[123.988,-1.823],[124.004,-1.813]]],[[[123.863,-2.009],[123.896,-2.075],[123.889,-2.087],[123.869,-2.062],[123.847,-2.068],[123.863,-2.009]]],[[[123.784,-1.879],[123.847,-1.946],[123.855,-2.012],[123.84,-1.993],[123.815,-2.020],[123.784,-1.982],[123.770,-1.941],[123.784,-1.879]]],[[[123.729,-1.899],[123.738,-1.950],[123.724,-1.953],[123.704,-1.929],[123.729,-1.899]]],[[[123.532,-1.478],[123.562,-1.548],[123.561,-1.601],[123.595,-1.594],[123.622,-1.623],[123.605,-1.629],[123.612,-1.698],[123.568,-1.727],[123.537,-1.726],[123.520,-1.703],[123.490,-1.714],[123.472,-1.653],[123.499,-1.590],[123.477,-1.574],[123.478,-1.547],[123.504,-1.498],[123.525,-1.509],[123.532,-1.478]]],[[[123.376,-1.672],[123.385,-1.720],[123.339,-1.734],[123.315,-1.782],[123.274,-1.796],[123.312,-1.718],[123.376,-1.672]]],[[[123.088,-1.766],[123.143,-1.798],[123.144,-1.849],[123.063,-1.925],[123.047,-1.910],[123.069,-1.886],[123.058,-1.830],[123.088,-1.766]]]]}},{"type":"Feature","id":"72.12","properties":{"kode":"72.12"},"geometry":{"type":"Polygon","coordinates":[[[122.058,-1.617],[122.030,-1.611],[121.957,-1.679],[121.904,-1.700],[121.889,-1.675],[121.881,-1.687],[121.861,-1.672],[121.864,-1.705],[121.881,-1.710],[121.856,-1.707],[121.846,-1.697],[121.805,-1.732],[121.741,-1.888],[121.654,-1.956],[121.557,-1.956],[121.523,-1.898],[121.448,-1.867],[121.466,-1.840],[121.460,-1.815],[121.442,-1.804],[121.418,-1.822],[121.317,-1.769],[121.289,-1.842],[121.327,-1.864],[121.350,-1.85],[121.354,-1.871],[121.331,-1.881],[121.346,-1.898],[121.314,-1.931],[121.348,-1.953],[121.341,-2.000],[121.376,-1.982],[121.378,-1.919],[121.407,-1.907],[121.452,-2.000],[121.498,-2.026],[121.496,-2.046],[121.530,-2.049],[121.544,-2.109],[121.544,-2.149],[121.481,-2.188],[121.493,-2.252],[121.459,-2.302],[121.442,-2.405],[121.391,-2.411],[121.292,-2.376],[121.254,-2.402],[121.227,-2.368],[121.202,-2.366],[121.133,-2.407],[121.105,-2.400],[121.085,-2.373],[121.107,-2.280],[121.048,-2.265],[121.043,-2.248],[120.993,-2.275],[120.956,-2.254],[120.88,-2.266],[120.837,-2.218],[120.817,-2.064],[120.928,-1.921],[120.906,-1.882],[120.930,-1.888],[120.949,-1.870],[120.956,-1.727],[120.935,-1.650],[121.002,-1.646],[121.089,-1.596],[121.134,-1.598],[121.146,-1.570],[121.193,-1.575],[121.298,-1.472],[121.399,-1.433],[121.485,-1.333],[121.695,-1.416],[121.856,-1.275],[121.897,-1.282],[121.932,-1.305],[121.984,-1.391],[122.058,-1.431],[122.033,-1.579],[122.058,-1.617]]]}},{"type":"Feature","id":"72.71","properties":{"kode":"72.71"},"geometry":{"type":"Polygon","coordinates":[[[120.018,-0.781],[120.038,-0.868],[119.928,-0.921],[119.931,-0.947],[119.874,-0.923],[119.832,-0.942],[119.817,-0.858],[119.793,-0.858],[119.763,-0.897],[119.757,-0.840],[119.804,-0.801],[119.837,-0.88],[119.869,-0.883],[119.882,-0.821],[119.843,-0.697],[119.874,-0.659],[119.922,-0.651],[119.884,-0.670],[119.873,-0.698],[119.936,-0.704],[119.877,-0.734],[119.907,-0.755],[119.872,-0.773],[119.969,-0.812],[120.018,-0.781]]]}},{"type":"Feature","id":"73.01","properties":{"kode":"73.01"},"geometry":{"type":"MultiPolygon","coordinates":[[[[121.816,-7.330],[121.840,-7.352],[121.824,-7.395],[121.754,-7.422],[121.759,-7.344],[121.816,-7.330]]],[[[121.086,-7.304],[121.163,-7.346],[121.156,-7.372],[121.099,-7.397],[121.061,-7.373],[121.082,-7.362],[121.086,-7.304]]],[[[120.819,-7.258],[120.920,-7.284],[121.003,-7.281],[121.063,-7.301],[121.051,-7.326],[120.955,-7.324],[120.805,-7.287],[120.795,-7.271],[120.819,-7.258]]],[[[120.787,-6.779],[120.813,-6.831],[120.798,-6.865],[120.779,-6.799],[120.787,-6.779]]],[[[120.631,-7.000],[120.736,-7.074],[120.783,-7.059],[120.767,-7.134],[120.661,-7.120],[120.668,-7.145],[120.634,-7.129],[120.634,-7.099],[120.604,-7.074],[120.627,-7.047],[120.631,-7.000]]],[[[120.494,-5.767],[120.53,-5.844],[120.568,-6.056],[120.528,-6.188],[120.538,-6.327],[120.493,-6.400],[120.509,-6.442],[120.485,-6.497],[120.457,-6.387],[120.470,-6.384],[120.480,-6.284],[120.445,-6.266],[120.444,-6.200],[120.428,-6.187],[120.465,-6.091],[120.445,-5.959],[120.460,-5.798],[120.494,-5.767]]],[[[120.414,-6.115],[120.414,-6.208],[120.392,-6.180],[120.414,-6.115]]]]}},{"type":"Feature","id":"73.02","properties":{"kode":"73.02"},"geometry":{"type":"Polygon","coordinates":[[[120.334,-5.287],[120.405,-5.345],[120.433,-5.445],[120.424,-5.464],[120.451,-5.478],[120.447,-5.567],[120.473,-5.619],[120.404,-5.593],[120.347,-5.515],[120.312,-5.507],[120.276,-5.537],[120.219,-5.540],[120.105,-5.588],[120.091,-5.491],[120.028,-5.393],[119.957,-5.381],[119.957,-5.343],[120.000,-5.321],[120.039,-5.346],[120.141,-5.288],[120.178,-5.312],[120.264,-5.286],[120.304,-5.301],[120.334,-5.287]]]}},{"type":"Feature","id":"73.03","properties":{"kode":"73.03"},"geometry":{"type":"Polygon","coordinates":[[[119.955,-5.354],[119.972,-5.392],[120.028,-5.393],[120.083,-5.478],[120.101,-5.585],[119.937,-5.544],[119.907,-5.576],[119.899,-5.559],[119.857,-5.552],[119.856,-5.516],[119.876,-5.528],[119.879,-5.490],[119.937,-5.407],[119.931,-5.364],[119.955,-5.354]]]}},{"type":"Feature","id":"73.04","properties":{"kode":"73.04"},"geometry":{"type":"Polygon","coordinates":[[[119.907,-5.576],[119.841,-5.633],[119.853,-5.659],[119.796,-5.698],[119.692,-5.700],[119.647,-5.681],[119.650,-5.628],[119.610,-5.612],[119.577,-5.658],[119.557,-5.648],[119.545,-5.618],[119.555,-5.594],[119.560,-5.611],[119.569,-5.604],[119.546,-5.586],[119.535,-5.586],[119.510,-5.566],[119.517,-5.548],[119.486,-5.491],[119.528,-5.481],[119.508,-5.453],[119.530,-5.431],[119.573,-5.446],[119.636,-5.431],[119.652,-5.466],[119.625,-5.468],[119.664,-5.478],[119.665,-5.513],[119.700,-5.497],[119.704,-5.542],[119.780,-5.568],[119.803,-5.555],[119.873,-5.431],[119.908,-5.420],[119.939,-5.382],[119.876,-5.528],[119.855,-5.521],[119.857,-5.552],[119.899,-5.559],[119.907,-5.576]]]}},{"type":"Feature","id":"73.05","properties":{"kode":"73.05"},"geometry":{"type":"MultiPolygon","coordinates":[[[[119.560,-5.291],[119.643,-5.39],[119.636,-5.431],[119.573,-5.446],[119.530,-5.431],[119.509,-5.450],[119.528,-5.481],[119.486,-5.491],[119.509,-5.537],[119.502,-5.558],[119.459,-5.577],[119.487,-5.586],[119.488,-5.604],[119.460,-5.606],[119.418,-5.560],[119.430,-5.508],[119.365,-5.422],[119.407,-5.405],[119.420,-5.411],[119.411,-5.437],[119.434,-5.436],[119.428,-5.396],[119.455,-5.376],[119.475,-5.329],[119.455,-5.323],[119.470,-5.315],[119.502,-5.323],[119.560,-5.291]]],[[[119.383,-5.210],[119.413,-5.250],[119.376,-5.292],[119.404,-5.364],[119.365,-5.422],[119.354,-5.325],[119.383,-5.210]]],[[[119.290,-5.468],[119.316,-5.471],[119.298,-5.489],[119.318,-5.487],[119.317,-5.513],[119.272,-5.534],[119.244,-5.506],[119.253,-5.485],[119.256,-5.505],[119.277,-5.500],[119.290,-5.468]]]]}},{"type":"Feature","id":"73.06","properties":{"kode":"73.06"},"geometry":{"type":"Polygon","coordinates":[[[119.970,-5.139],[119.973,-5.158],[120.030,-5.188],[119.990,-5.205],[119.997,-5.228],[119.928,-5.341],[119.936,-5.388],[119.873,-5.431],[119.803,-5.555],[119.780,-5.568],[119.731,-5.563],[119.704,-5.542],[119.700,-5.497],[119.671,-5.516],[119.664,-5.478],[119.625,-5.468],[119.652,-5.466],[119.627,-5.420],[119.646,-5.396],[119.569,-5.293],[119.523,-5.299],[119.502,-5.323],[119.481,-5.311],[119.455,-5.323],[119.475,-5.329],[119.428,-5.396],[119.434,-5.436],[119.411,-5.437],[119.420,-5.411],[119.407,-5.405],[119.365,-5.422],[119.404,-5.364],[119.376,-5.292],[119.413,-5.250],[119.400,-5.187],[119.459,-5.191],[119.463,-5.174],[119.516,-5.189],[119.518,-5.165],[119.564,-5.172],[119.604,-5.147],[119.638,-5.176],[119.682,-5.166],[119.799,-5.212],[119.864,-5.161],[119.864,-5.091],[119.886,-5.093],[119.922,-5.133],[119.970,-5.139]]]}},{"type":"Feature","id":"73.07","properties":{"kode":"73.07"},"geometry":{"type":"Polygon","coordinates":[[[120.289,-5.113],[120.276,-5.166],[120.334,-5.287],[120.304,-5.301],[120.264,-5.286],[120.178,-5.312],[120.141,-5.288],[120.130,-5.308],[120.078,-5.315],[120.074,-5.338],[120.039,-5.346],[120.000,-5.321],[119.937,-5.355],[119.928,-5.341],[119.997,-5.228],[119.990,-5.205],[120.031,-5.184],[119.973,-5.158],[119.981,-5.123],[120.057,-5.126],[120.084,-5.074],[120.131,-5.044],[120.207,-5.1],[120.235,-5.088],[120.258,-5.114],[120.266,-5.101],[120.289,-5.113]]]}},{"type":"Feature","id":"73.09","properties":{"kode":"73.09"},"geometry":{"type":"Polygon","coordinates":[[[119.846,-5.046],[119.864,-5.161],[119.799,-5.212],[119.682,-5.166],[119.638,-5.176],[119.604,-5.147],[119.564,-5.172],[119.501,-5.160],[119.539,-5.122],[119.542,-5.079],[119.479,-5.059],[119.467,-5.028],[119.519,-4.939],[119.514,-4.885],[119.575,-4.904],[119.632,-4.890],[119.622,-4.908],[119.662,-4.923],[119.667,-4.950],[119.747,-4.928],[119.774,-4.943],[119.804,-4.925],[119.812,-4.762],[119.867,-4.744],[119.885,-4.718],[119.906,-4.729],[119.972,-4.784],[119.950,-4.794],[119.936,-4.843],[119.949,-4.859],[119.896,-4.921],[119.885,-4.999],[119.846,-5.046]]]}},{"type":"Feature","id":"73.10","properties":{"kode":"73.10"},"geometry":{"type":"MultiPolygon","coordinates":[[[[119.598,-4.557],[119.666,-4.654],[119.654,-4.716],[119.691,-4.720],[119.681,-4.769],[119.697,-4.799],[119.721,-4.821],[119.739,-4.803],[119.766,-4.824],[119.807,-4.808],[119.804,-4.925],[119.774,-4.943],[119.747,-4.928],[119.667,-4.950],[119.662,-4.923],[119.622,-4.908],[119.632,-4.890],[119.575,-4.904],[119.506,-4.869],[119.481,-4.751],[119.598,-4.557]]],[[[117.93,-5.352],[117.951,-5.383],[117.947,-5.408],[117.928,-5.392],[117.93,-5.352]]]]}},{"type":"Feature","id":"73.11","properties":{"kode":"73.11"},"geometry":{"type":"Polygon","coordinates":[[[119.620,-4.067],[119.719,-4.077],[119.750,-4.125],[119.73,-4.173],[119.757,-4.206],[119.706,-4.232],[119.754,-4.284],[119.758,-4.480],[119.791,-4.495],[119.810,-4.542],[119.800,-4.592],[119.756,-4.642],[119.763,-4.685],[119.824,-4.717],[119.817,-4.750],[119.773,-4.754],[119.749,-4.797],[119.682,-4.770],[119.691,-4.720],[119.654,-4.716],[119.666,-4.654],[119.581,-4.530],[119.596,-4.416],[119.636,-4.317],[119.595,-4.239],[119.622,-4.238],[119.608,-4.216],[119.638,-4.173],[119.605,-4.103],[119.620,-4.067]]]}},{"type":"Feature","id":"73.08","properties":{"kode":"73.08"},"geometry":{"type":"Polygon","coordinates":[[[120.366,-4.223],[120.365,-4.299],[120.393,-4.333],[120.360,-4.371],[120.347,-4.425],[120.396,-4.469],[120.376,-4.512],[120.383,-4.561],[120.399,-4.605],[120.451,-4.657],[120.402,-4.705],[120.383,-4.837],[120.336,-4.840],[120.301,-4.881],[120.289,-5.113],[120.266,-5.101],[120.258,-5.114],[120.235,-5.088],[120.207,-5.1],[120.131,-5.044],[120.084,-5.074],[120.057,-5.126],[119.922,-5.133],[119.886,-5.093],[119.861,-5.089],[119.846,-5.046],[119.885,-4.999],[119.896,-4.921],[119.949,-4.859],[119.944,-4.807],[119.972,-4.778],[119.885,-4.718],[119.867,-4.744],[119.812,-4.762],[119.807,-4.808],[119.766,-4.824],[119.739,-4.803],[119.721,-4.821],[119.696,-4.787],[119.749,-4.797],[119.773,-4.754],[119.801,-4.763],[119.822,-4.741],[119.815,-4.706],[119.763,-4.685],[119.759,-4.625],[119.800,-4.592],[119.820,-4.531],[119.854,-4.540],[119.905,-4.516],[119.977,-4.539],[120.045,-4.516],[120.065,-4.435],[120.050,-4.397],[120.085,-4.406],[120.095,-4.393],[120.091,-4.331],[120.061,-4.320],[120.094,-4.242],[120.137,-4.223],[120.225,-4.235],[120.238,-4.268],[120.263,-4.272],[120.292,-4.243],[120.366,-4.223]]]}},{"type":"Feature","id":"73.12","properties":{"kode":"73.12"},"geometry":{"type":"Polygon","coordinates":[[[119.848,-4.098],[119.950,-4.123],[119.937,-4.238],[119.960,-4.271],[120.040,-4.262],[120.044,-4.286],[120.072,-4.285],[120.061,-4.320],[120.096,-4.345],[120.092,-4.406],[120.050,-4.397],[120.060,-4.486],[120.034,-4.525],[119.994,-4.521],[119.977,-4.539],[119.905,-4.516],[119.894,-4.532],[119.808,-4.537],[119.791,-4.495],[119.758,-4.480],[119.754,-4.284],[119.706,-4.232],[119.757,-4.206],[119.730,-4.151],[119.750,-4.126],[119.802,-4.129],[119.848,-4.098]]]}},{"type":"Feature","id":"73.13","properties":{"kode":"73.13"},"geometry":{"type":"Polygon","coordinates":[[[120.320,-3.646],[120.412,-3.663],[120.438,-3.690],[120.439,-3.746],[120.361,-3.852],[120.336,-3.938],[120.361,-4.021],[120.330,-4.108],[120.373,-4.144],[120.366,-4.223],[120.292,-4.243],[120.263,-4.272],[120.238,-4.268],[120.225,-4.235],[120.149,-4.223],[120.094,-4.242],[120.072,-4.285],[120.044,-4.286],[120.040,-4.262],[119.960,-4.271],[119.937,-4.238],[119.950,-4.123],[119.894,-4.109],[119.908,-4.069],[119.884,-4.012],[119.910,-3.934],[120.016,-3.938],[120.045,-3.870],[120.079,-3.847],[120.086,-3.792],[120.125,-3.812],[120.153,-3.765],[120.191,-3.772],[120.210,-3.723],[120.143,-3.683],[120.156,-3.642],[120.264,-3.677],[120.299,-3.705],[120.297,-3.724],[120.314,-3.684],[120.338,-3.677],[120.320,-3.646]]]}},{"type":"Feature","id":"73.14","properties":{"kode":"73.14"},"geometry":{"type":"Polygon","coordinates":[[[120.320,-3.646],[120.338,-3.677],[120.314,-3.684],[120.297,-3.724],[120.299,-3.705],[120.264,-3.677],[120.156,-3.642],[120.143,-3.683],[120.210,-3.723],[120.191,-3.772],[120.153,-3.765],[120.125,-3.812],[120.086,-3.792],[120.079,-3.847],[120.045,-3.870],[120.016,-3.938],[119.910,-3.934],[119.884,-4.012],[119.908,-4.069],[119.894,-4.109],[119.848,-4.098],[119.777,-4.131],[119.725,-4.098],[119.718,-4.045],[119.659,-3.966],[119.724,-3.895],[119.755,-3.768],[119.802,-3.733],[119.875,-3.819],[119.960,-3.804],[119.969,-3.789],[119.940,-3.761],[119.922,-3.686],[119.951,-3.660],[119.992,-3.657],[120.037,-3.547],[120.085,-3.494],[120.139,-3.522],[120.177,-3.508],[120.195,-3.578],[120.234,-3.584],[120.289,-3.641],[120.320,-3.646]]]}},{"type":"Feature","id":"73.15","properties":{"kode":"73.15"},"geometry":{"type":"Polygon","coordinates":[[[119.696,-3.386],[119.685,-3.451],[119.705,-3.485],[119.699,-3.544],[119.740,-3.614],[119.757,-3.708],[119.802,-3.733],[119.778,-3.737],[119.746,-3.782],[119.717,-3.908],[119.640,-3.980],[119.586,-3.973],[119.593,-4.005],[119.613,-4.004],[119.596,-4.043],[119.571,-3.949],[119.452,-3.713],[119.458,-3.643],[119.510,-3.595],[119.513,-3.559],[119.474,-3.502],[119.492,-3.475],[119.464,-3.372],[119.431,-3.339],[119.446,-3.332],[119.437,-3.285],[119.476,-3.288],[119.501,-3.315],[119.519,-3.311],[119.528,-3.274],[119.615,-3.286],[119.647,-3.325],[119.651,-3.362],[119.696,-3.386]]]}},{"type":"Feature","id":"73.16","properties":{"kode":"73.16"},"geometry":{"type":"Polygon","coordinates":[[[120.041,-3.368],[120.024,-3.385],[120.040,-3.409],[120.06,-3.406],[120.097,-3.488],[120.037,-3.547],[119.988,-3.662],[119.951,-3.660],[119.922,-3.686],[119.940,-3.761],[119.969,-3.789],[119.960,-3.804],[119.875,-3.819],[119.816,-3.744],[119.757,-3.708],[119.740,-3.614],[119.699,-3.544],[119.705,-3.485],[119.685,-3.451],[119.696,-3.386],[119.722,-3.376],[119.715,-3.286],[119.770,-3.274],[119.783,-3.237],[119.850,-3.280],[119.906,-3.259],[119.933,-3.290],[119.995,-3.302],[120.041,-3.368]]]}},{"type":"Feature","id":"73.17","properties":{"kode":"73.17"},"geometry":{"type":"MultiPolygon","coordinates":[[[[120.085,-3.030],[120.147,-3.072],[120.178,-3.053],[120.209,-3.067],[120.229,-3.043],[120.252,-3.051],[120.256,-3.161],[120.382,-3.202],[120.389,-3.250],[120.415,-3.250],[120.398,-3.289],[120.404,-3.431],[120.379,-3.499],[120.417,-3.573],[120.408,-3.667],[120.292,-3.643],[120.234,-3.584],[120.200,-3.582],[120.177,-3.508],[120.155,-3.523],[120.112,-3.508],[120.06,-3.406],[120.040,-3.409],[120.024,-3.385],[120.043,-3.350],[120.025,-3.282],[119.982,-3.249],[119.984,-3.189],[120.017,-3.139],[120.027,-3.071],[120.011,-3.047],[120.085,-3.030]]],[[[120.287,-2.909],[120.255,-2.946],[120.212,-2.956],[120.215,-2.895],[120.173,-2.883],[120.049,-2.952],[120.052,-2.932],[120.005,-2.902],[119.941,-2.778],[119.885,-2.763],[119.894,-2.736],[119.966,-2.696],[120.082,-2.695],[120.110,-2.663],[120.138,-2.682],[120.134,-2.703],[120.175,-2.762],[120.258,-2.823],[120.276,-2.867],[120.267,-2.894],[120.287,-2.909]]]]}},{"type":"Feature","id":"73.18","properties":{"kode":"73.18"},"geometry":{"type":"Polygon","coordinates":[[[119.681,-2.756],[119.674,-2.804],[119.696,-2.845],[119.675,-2.918],[119.718,-2.954],[119.796,-2.945],[119.803,-3.023],[119.833,-3.012],[119.853,-3.051],[119.878,-3.021],[119.935,-3.067],[119.968,-3.069],[119.959,-3.103],[119.978,-3.106],[119.973,-3.174],[119.992,-3.205],[119.979,-3.240],[120.025,-3.282],[120.041,-3.368],[119.995,-3.302],[119.933,-3.290],[119.906,-3.259],[119.850,-3.280],[119.783,-3.237],[119.770,-3.274],[119.715,-3.286],[119.722,-3.376],[119.684,-3.389],[119.651,-3.362],[119.647,-3.325],[119.615,-3.286],[119.528,-3.274],[119.519,-3.311],[119.501,-3.315],[119.476,-3.288],[119.435,-3.284],[119.374,-3.213],[119.370,-3.198],[119.434,-3.171],[119.445,-3.191],[119.486,-3.188],[119.536,-3.139],[119.635,-3.128],[119.564,-2.994],[119.576,-2.950],[119.55,-2.897],[119.579,-2.836],[119.567,-2.798],[119.586,-2.743],[119.681,-2.756]]]}},{"type":"Feature","id":"73.22","properties":{"kode":"73.22"},"geometry":{"type":"Polygon","coordinates":[[[120.073,-1.948],[120.115,-1.999],[120.173,-1.961],[120.196,-1.993],[120.232,-1.984],[120.312,-2.052],[120.343,-1.977],[120.391,-1.996],[120.399,-1.954],[120.478,-2.050],[120.520,-2.146],[120.473,-2.260],[120.522,-2.327],[120.520,-2.378],[120.635,-2.589],[120.655,-2.667],[120.571,-2.686],[120.529,-2.765],[120.446,-2.827],[120.346,-2.87],[120.315,-2.905],[120.267,-2.894],[120.276,-2.867],[120.258,-2.823],[120.175,-2.762],[120.134,-2.703],[120.138,-2.682],[120.110,-2.663],[120.082,-2.695],[119.940,-2.705],[119.880,-2.76],[119.853,-2.689],[119.838,-2.689],[119.849,-2.634],[119.835,-2.615],[119.783,-2.609],[119.745,-2.535],[119.708,-2.503],[119.722,-2.393],[119.687,-2.369],[119.682,-2.329],[119.699,-2.314],[119.676,-2.268],[119.746,-2.222],[119.711,-2.142],[119.803,-2.112],[119.817,-2.059],[119.870,-2.018],[119.910,-2.052],[119.996,-1.957],[120.044,-1.972],[120.073,-1.948]]]}},{"type":"Feature","id":"73.24","properties":{"kode":"73.24"},"geometry":{"type":"Polygon","coordinates":[[[121.010,-2.866],[120.997,-2.87],[120.974,-2.81],[121.021,-2.804],[121.033,-2.767],[121.048,-2.777],[121.095,-2.722],[121.080,-2.699],[121.037,-2.693],[121.029,-2.653],[120.994,-2.679],[120.914,-2.663],[120.891,-2.642],[120.853,-2.656],[120.804,-2.618],[120.673,-2.645],[120.655,-2.667],[120.646,-2.650],[120.635,-2.589],[120.520,-2.378],[120.522,-2.327],[120.470,-2.248],[120.506,-2.206],[120.513,-2.102],[120.529,-2.083],[120.518,-2.043],[120.544,-2.018],[120.596,-2.091],[120.636,-2.113],[120.686,-2.203],[120.723,-2.211],[120.743,-2.241],[120.781,-2.213],[120.856,-2.223],[120.855,-2.250],[120.88,-2.266],[120.956,-2.254],[120.993,-2.275],[121.043,-2.248],[121.048,-2.265],[121.107,-2.280],[121.085,-2.373],[121.105,-2.400],[121.133,-2.407],[121.202,-2.366],[121.227,-2.368],[121.254,-2.402],[121.292,-2.376],[121.391,-2.411],[121.442,-2.405],[121.570,-2.491],[121.585,-2.528],[121.620,-2.535],[121.629,-2.505],[121.673,-2.519],[121.697,-2.580],[121.784,-2.641],[121.773,-2.682],[121.750,-2.679],[121.735,-2.698],[121.747,-2.718],[121.715,-2.753],[121.706,-2.807],[121.651,-2.849],[121.688,-2.888],[121.516,-2.925],[121.483,-2.948],[121.461,-3.011],[121.390,-3.014],[121.209,-2.853],[121.165,-2.846],[121.149,-2.809],[121.094,-2.776],[121.034,-2.790],[121.018,-2.819],[120.996,-2.827],[121.010,-2.866]]]}},{"type":"Feature","id":"73.26","properties":{"kode":"73.26"},"geometry":{"type":"Polygon","coordinates":[[[119.885,-2.763],[119.961,-2.802],[120.005,-2.902],[120.052,-2.932],[120.051,-2.983],[120.084,-3.005],[120.085,-3.030],[120.007,-3.053],[120.027,-3.071],[120.022,-3.108],[120.008,-3.169],[119.987,-3.182],[119.967,-3.130],[119.978,-3.106],[119.959,-3.103],[119.968,-3.069],[119.935,-3.067],[119.878,-3.021],[119.853,-3.051],[119.833,-3.012],[119.803,-3.023],[119.796,-2.945],[119.718,-2.954],[119.675,-2.918],[119.696,-2.845],[119.674,-2.804],[119.678,-2.759],[119.747,-2.714],[119.744,-2.610],[119.760,-2.586],[119.849,-2.634],[119.838,-2.689],[119.853,-2.689],[119.885,-2.763]]]}},{"type":"Feature","id":"73.71","properties":{"kode":"73.71"},"geometry":{"type":"Polygon","coordinates":[[[119.539,-5.122],[119.497,-5.151],[119.519,-5.166],[119.516,-5.189],[119.463,-5.174],[119.455,-5.191],[119.404,-5.186],[119.406,-5.232],[119.385,-5.216],[119.386,-5.158],[119.410,-5.112],[119.447,-5.100],[119.479,-5.059],[119.542,-5.079],[119.539,-5.122]]]}},{"type":"Feature","id":"73.72","properties":{"kode":"73.72"},"geometry":{"type":"Polygon","coordinates":[[[119.721,-4.078],[119.620,-4.067],[119.621,-4.007],[119.657,-3.962],[119.718,-4.045],[119.721,-4.078]]]}},{"type":"Feature","id":"73.73","properties":{"kode":"73.73"},"geometry":{"type":"Polygon","coordinates":[[[120.212,-2.956],[120.189,-2.968],[120.229,-3.043],[120.209,-3.067],[120.178,-3.053],[120.160,-3.071],[120.123,-3.069],[120.051,-2.983],[120.049,-2.952],[120.070,-2.934],[120.173,-2.883],[120.215,-2.895],[120.212,-2.956]]]}},{"type":"Feature","id":"74.04","properties":{"kode":"74.04"},"geometry":{"type":"Polygon","coordinates":[[[122.822,-5.068],[122.852,-5.110],[122.950,-5.146],[122.921,-5.174],[122.944,-5.216],[123.033,-5.135],[123.068,-5.161],[123.059,-5.192],[123.086,-5.174],[123.102,-5.213],[123.224,-5.276],[123.134,-5.397],[123.015,-5.444],[122.995,-5.399],[122.975,-5.394],[122.871,-5.454],[122.843,-5.522],[122.892,-5.513],[122.895,-5.564],[122.822,-5.652],[122.791,-5.603],[122.788,-5.487],[122.742,-5.479],[122.769,-5.414],[122.760,-5.375],[122.725,-5.354],[122.714,-5.316],[122.683,-5.322],[122.733,-5.241],[122.771,-5.253],[122.811,-5.221],[122.783,-5.184],[122.755,-5.228],[122.756,-5.184],[122.737,-5.17],[122.791,-5.105],[122.789,-5.082],[122.822,-5.068]]]}},{"type":"Feature","id":"74.03","properties":{"kode":"74.03"},"geometry":{"type":"MultiPolygon","coordinates":[[[[122.832,-5.073],[122.758,-5.111],[122.802,-5.027],[122.792,-5.018],[122.738,-5.044],[122.809,-4.984],[122.831,-4.921],[122.805,-4.868],[122.814,-4.828],[122.839,-4.834],[122.855,-4.786],[122.828,-4.677],[122.849,-4.606],[122.866,-4.620],[122.928,-4.610],[122.879,-4.776],[122.915,-4.844],[122.889,-4.919],[122.890,-5.011],[122.832,-5.073]]],[[[122.606,-5.223],[122.561,-5.227],[122.528,-5.195],[122.449,-5.234],[122.407,-5.209],[122.407,-5.191],[122.375,-5.192],[122.354,-5.153],[122.316,-5.142],[122.317,-5.124],[122.390,-5.074],[122.365,-4.921],[122.456,-4.916],[122.553,-4.965],[122.584,-5.002],[122.603,-4.947],[122.659,-4.897],[122.565,-4.806],[122.591,-4.768],[122.654,-4.733],[122.636,-4.696],[122.653,-4.680],[122.633,-4.674],[122.626,-4.642],[122.682,-4.611],[122.740,-4.649],[122.720,-4.693],[122.745,-4.779],[122.726,-4.85],[122.766,-4.898],[122.762,-4.967],[122.722,-4.965],[122.703,-5.007],[122.612,-5.094],[122.585,-5.187],[122.624,-5.192],[122.606,-5.223]]],[[[122.715,-4.514],[122.740,-4.530],[122.729,-4.540],[122.743,-4.575],[122.688,-4.546],[122.715,-4.514]]]]}},{"type":"Feature","id":"74.02","properties":{"kode":"74.02"},"geometry":{"type":"Polygon","coordinates":[[[121.634,-2.893],[121.757,-2.925],[121.825,-2.969],[121.865,-2.968],[121.887,-3.010],[121.951,-3.048],[121.926,-3.123],[121.835,-3.225],[121.773,-3.251],[121.675,-3.223],[121.682,-3.202],[121.633,-3.158],[121.573,-3.179],[121.546,-3.209],[121.552,-3.245],[121.613,-3.335],[121.588,-3.398],[121.618,-3.424],[121.671,-3.424],[121.667,-3.470],[121.768,-3.489],[121.775,-3.551],[121.800,-3.585],[121.852,-3.559],[121.983,-3.573],[122.017,-3.618],[122.087,-3.642],[122.102,-3.717],[122.169,-3.725],[122.22,-3.760],[122.269,-3.768],[122.288,-3.805],[122.360,-3.857],[122.449,-3.870],[122.459,-3.822],[122.479,-3.820],[122.526,-3.895],[122.647,-3.891],[122.665,-3.897],[122.664,-3.925],[122.625,-3.948],[122.590,-3.931],[122.545,-3.943],[122.487,-3.903],[122.453,-3.945],[122.442,-4.011],[122.373,-4.013],[122.363,-3.996],[122.354,-4.025],[122.307,-4.006],[122.292,-4.019],[122.27,-3.983],[122.269,-4.003],[122.222,-4.005],[122.178,-4.065],[122.086,-4.118],[121.986,-4.128],[121.987,-4.096],[121.951,-4.056],[121.971,-3.894],[121.952,-3.834],[121.903,-3.830],[121.875,-3.785],[121.827,-3.780],[121.822,-3.755],[121.712,-3.775],[121.665,-3.729],[121.611,-3.734],[121.608,-3.686],[121.590,-3.685],[121.575,-3.654],[121.522,-3.467],[121.423,-3.316],[121.441,-3.169],[121.363,-3.055],[121.361,-2.987],[121.397,-3.016],[121.436,-3.001],[121.461,-3.011],[121.483,-2.948],[121.516,-2.925],[121.634,-2.893]]]}},{"type":"Feature","id":"74.01","properties":{"kode":"74.01"},"geometry":{"type":"MultiPolygon","coordinates":[[[[121.606,-3.876],[121.671,-3.932],[121.655,-3.977],[121.727,-4.028],[121.725,-4.052],[121.783,-4.052],[121.763,-4.136],[121.779,-4.182],[121.741,-4.201],[121.734,-4.256],[121.772,-4.296],[121.701,-4.291],[121.727,-4.357],[121.811,-4.415],[121.719,-4.501],[121.669,-4.615],[121.650,-4.568],[121.620,-4.560],[121.470,-4.591],[121.525,-4.402],[121.525,-4.250],[121.547,-4.248],[121.549,-4.266],[121.579,-4.244],[121.591,-4.181],[121.617,-4.151],[121.609,-4.066],[121.507,-4.018],[121.454,-4.008],[121.452,-4.023],[121.418,-3.999],[121.349,-3.990],[121.300,-3.889],[121.28,-3.883],[121.267,-3.91],[121.244,-3.909],[121.261,-3.880],[121.238,-3.867],[121.259,-3.854],[121.249,-3.832],[121.169,-3.824],[121.102,-3.745],[121.133,-3.709],[121.252,-3.657],[121.335,-3.695],[121.36,-3.635],[121.417,-3.628],[121.422,-3.707],[121.486,-3.723],[121.608,-3.820],[121.606,-3.876]]],[[[121.426,-4.085],[121.415,-4.111],[121.470,-4.11],[121.457,-4.137],[121.429,-4.129],[121.441,-4.167],[121.395,-4.161],[121.403,-4.136],[121.384,-4.113],[121.426,-4.085]]]]}},{"type":"Feature","id":"74.05","properties":{"kode":"74.05"},"geometry":{"type":"Polygon","coordinates":[[[122.442,-4.011],[122.525,-4.09],[122.604,-4.052],[122.651,-4.002],[122.672,-4.036],[122.649,-4.058],[122.664,-4.133],[122.679,-4.159],[122.708,-4.164],[122.697,-4.138],[122.714,-4.131],[122.769,-4.157],[122.815,-4.138],[122.837,-4.151],[122.825,-4.110],[122.809,-4.114],[122.762,-4.065],[122.834,-4.056],[122.854,-4.070],[122.888,-4.127],[122.906,-4.232],[122.879,-4.293],[122.904,-4.324],[122.900,-4.38],[122.876,-4.418],[122.847,-4.421],[122.833,-4.449],[122.673,-4.326],[122.666,-4.362],[122.762,-4.437],[122.743,-4.510],[122.693,-4.469],[122.676,-4.483],[122.694,-4.501],[122.671,-4.507],[122.663,-4.454],[122.576,-4.396],[122.507,-4.451],[122.420,-4.432],[122.286,-4.487],[122.219,-4.479],[122.162,-4.528],[122.117,-4.536],[122.107,-4.508],[122.052,-4.487],[122.001,-4.431],[121.881,-4.377],[121.971,-4.406],[121.997,-4.393],[122.028,-4.197],[121.997,-4.128],[122.086,-4.118],[122.178,-4.065],[122.222,-4.005],[122.269,-4.003],[122.27,-3.983],[122.292,-4.019],[122.307,-4.006],[122.354,-4.025],[122.363,-3.996],[122.373,-4.013],[122.442,-4.011]]]}},{"type":"Feature","id":"74.06","properties":{"kode":"74.06"},"geometry":{"type":"MultiPolygon","coordinates":[[[[122.107,-4.508],[122.030,-4.656],[122.046,-4.768],[122.110,-4.814],[122.006,-4.898],[122.005,-4.884],[121.983,-4.901],[121.894,-4.880],[121.816,-4.834],[121.684,-4.851],[121.663,-4.810],[121.632,-4.805],[121.628,-4.777],[121.615,-4.795],[121.550,-4.772],[121.466,-4.681],[121.470,-4.591],[121.620,-4.560],[121.650,-4.568],[121.669,-4.615],[121.719,-4.501],[121.803,-4.420],[121.881,-4.377],[122.001,-4.431],[122.052,-4.487],[122.107,-4.508]]],[[[122.048,-5.413],[121.942,-5.412],[121.932,-5.428],[121.922,-5.402],[121.874,-5.386],[121.793,-5.273],[121.808,-5.207],[121.838,-5.192],[121.823,-5.169],[121.841,-5.146],[121.883,-5.153],[121.84,-5.115],[121.850,-5.098],[121.869,-5.117],[121.850,-5.094],[121.884,-5.058],[121.898,-5.058],[121.895,-5.089],[121.937,-5.110],[121.939,-5.074],[121.967,-5.063],[121.991,-5.157],[122.010,-5.168],[122.032,-5.148],[122.058,-5.186],[122.067,-5.233],[122.035,-5.243],[122.051,-5.267],[122.033,-5.347],[122.048,-5.413]]]]}},{"type":"Feature","id":"74.07","properties":{"kode":"74.07"},"geometry":{"type":"MultiPolygon","coordinates":[[[[123.991,-5.878],[124.041,-5.908],[124.082,-6.005],[124.073,-6.023],[124.043,-6.033],[124.045,-5.981],[123.981,-5.961],[123.969,-5.929],[123.991,-5.878]]],[[[123.894,-5.729],[123.963,-5.731],[124.005,-5.763],[123.919,-5.773],[123.894,-5.729]]],[[[123.841,-5.550],[123.878,-5.571],[123.882,-5.582],[123.833,-5.586],[123.841,-5.550]]],[[[123.691,-5.469],[123.732,-5.480],[123.820,-5.559],[123.815,-5.594],[123.780,-5.589],[123.691,-5.469]]],[[[123.583,-5.246],[123.644,-5.296],[123.639,-5.365],[123.618,-5.383],[123.581,-5.382],[123.540,-5.350],[123.530,-5.318],[123.520,-5.259],[123.583,-5.246]]],[[[123.612,-5.402],[123.642,-5.419],[123.637,-5.432],[123.585,-5.411],[123.612,-5.402]]],[[[123.469,-5.326],[123.492,-5.334],[123.538,-5.38],[123.481,-5.361],[123.469,-5.326]]]]}},{"type":"Feature","id":"74.08","properties":{"kode":"74.08"},"geometry":{"type":"Polygon","coordinates":[[[121.361,-2.987],[121.363,-3.055],[121.441,-3.169],[121.431,-3.275],[121.262,-3.225],[121.230,-3.227],[121.221,-3.253],[121.160,-3.292],[121.122,-3.411],[121.154,-3.439],[121.120,-3.487],[121.235,-3.602],[121.252,-3.657],[121.133,-3.709],[121.102,-3.745],[120.905,-3.576],[120.864,-3.435],[120.920,-3.353],[120.956,-3.330],[120.971,-3.265],[121.020,-3.244],[121.04,-3.203],[121.068,-3.205],[121.043,-3.036],[121.088,-3.015],[121.065,-2.968],[121.081,-2.971],[121.088,-2.945],[121.078,-2.865],[121.046,-2.864],[121.037,-2.807],[121.029,-2.845],[120.991,-2.840],[121.010,-2.866],[120.992,-2.847],[120.989,-2.839],[120.991,-2.833],[121.034,-2.790],[121.094,-2.776],[121.361,-2.987]]]}},{"type":"Feature","id":"74.10","properties":{"kode":"74.10"},"geometry":{"type":"MultiPolygon","coordinates":[[[[122.950,-5.146],[122.852,-5.110],[122.832,-5.073],[122.890,-5.011],[122.889,-4.919],[122.915,-4.844],[122.879,-4.776],[122.928,-4.610],[122.860,-4.620],[122.847,-4.592],[122.907,-4.460],[122.993,-4.394],[123.079,-4.367],[123.078,-4.401],[123.045,-4.425],[123.072,-4.434],[123.078,-4.458],[123.105,-4.460],[123.114,-4.483],[123.138,-4.482],[123.208,-4.611],[123.177,-4.670],[123.198,-4.684],[123.201,-4.658],[123.211,-4.697],[123.213,-4.858],[123.174,-4.838],[123.175,-4.770],[123.132,-4.755],[123.145,-4.733],[123.113,-4.695],[123.100,-4.794],[123.077,-4.791],[123.078,-4.749],[123.054,-4.768],[123.031,-4.748],[123.04,-4.801],[122.994,-4.826],[123.006,-4.920],[122.968,-4.953],[122.951,-5.019],[122.98,-5.059],[122.973,-5.115],[122.950,-5.146]]],[[[123.085,-4.795],[123.118,-4.798],[123.113,-4.847],[123.034,-4.833],[123.085,-4.795]]]]}},{"type":"Feature","id":"74.09","properties":{"kode":"74.09"},"geometry":{"type":"MultiPolygon","coordinates":[[[[122.310,-3.272],[122.286,-3.306],[122.292,-3.360],[122.375,-3.384],[122.383,-3.455],[122.356,-3.458],[122.345,-3.408],[122.316,-3.426],[122.324,-3.373],[122.309,-3.385],[122.280,-3.364],[122.265,-3.397],[122.237,-3.393],[122.300,-3.465],[122.278,-3.553],[122.200,-3.564],[122.195,-3.607],[122.341,-3.744],[122.362,-3.752],[122.391,-3.726],[122.404,-3.749],[122.443,-3.750],[122.473,-3.821],[122.459,-3.822],[122.449,-3.870],[122.374,-3.863],[122.288,-3.805],[122.269,-3.768],[122.22,-3.760],[122.169,-3.725],[122.102,-3.717],[122.087,-3.642],[122.017,-3.618],[121.983,-3.573],[121.852,-3.559],[121.793,-3.580],[121.768,-3.489],[121.667,-3.470],[121.671,-3.424],[121.618,-3.424],[121.588,-3.398],[121.613,-3.335],[121.546,-3.209],[121.592,-3.163],[121.633,-3.158],[121.682,-3.202],[121.675,-3.223],[121.773,-3.251],[121.835,-3.225],[121.926,-3.123],[121.951,-3.048],[122.024,-3.046],[122.035,-3.071],[122.08,-3.092],[122.126,-3.082],[122.150,-3.039],[122.205,-3.096],[122.264,-3.101],[122.256,-3.140],[122.313,-3.164],[122.316,-3.203],[122.295,-3.226],[122.310,-3.272]]],[[[122.413,-3.397],[122.468,-3.470],[122.444,-3.482],[122.442,-3.507],[122.400,-3.446],[122.413,-3.397]]],[[[122.296,-3.538],[122.342,-3.546],[122.333,-3.563],[122.368,-3.576],[122.285,-3.592],[122.296,-3.538]]]]}},{"type":"Feature","id":"74.11","properties":{"kode":"74.11"},"geometry":{"type":"Polygon","coordinates":[[[121.431,-3.275],[121.428,-3.329],[121.522,-3.467],[121.575,-3.654],[121.590,-3.685],[121.608,-3.686],[121.611,-3.734],[121.665,-3.729],[121.712,-3.775],[121.822,-3.755],[121.827,-3.780],[121.875,-3.785],[121.903,-3.830],[121.952,-3.834],[121.971,-3.894],[121.951,-4.056],[121.987,-4.096],[121.984,-4.122],[122.028,-4.197],[121.986,-4.402],[121.882,-4.376],[121.811,-4.415],[121.727,-4.357],[121.701,-4.291],[121.772,-4.296],[121.734,-4.256],[121.741,-4.201],[121.779,-4.182],[121.763,-4.136],[121.783,-4.052],[121.755,-4.042],[121.729,-4.055],[121.725,-4.052],[121.727,-4.028],[121.655,-3.977],[121.671,-3.932],[121.606,-3.876],[121.608,-3.820],[121.486,-3.723],[121.425,-3.712],[121.420,-3.630],[121.370,-3.627],[121.324,-3.698],[121.259,-3.671],[121.235,-3.602],[121.120,-3.487],[121.154,-3.439],[121.122,-3.411],[121.158,-3.338],[121.157,-3.297],[121.221,-3.253],[121.230,-3.227],[121.372,-3.246],[121.431,-3.275]]]}},{"type":"Feature","id":"74.12","properties":{"kode":"74.12"},"geometry":{"type":"Polygon","coordinates":[[[123.022,-3.980],[123.088,-4.022],[123.186,-4.009],[123.254,-4.065],[123.248,-4.124],[123.135,-4.255],[123.07,-4.248],[122.990,-4.199],[122.948,-4.122],[122.936,-4.071],[122.946,-4.053],[122.971,-4.057],[123.022,-3.980]]]}},{"type":"Feature","id":"74.13","properties":{"kode":"74.13"},"geometry":{"type":"MultiPolygon","coordinates":[[[[122.626,-4.642],[122.633,-4.674],[122.653,-4.680],[122.636,-4.696],[122.658,-4.727],[122.565,-4.806],[122.659,-4.897],[122.603,-4.947],[122.584,-5.002],[122.553,-4.965],[122.456,-4.916],[122.417,-4.906],[122.349,-4.924],[122.318,-4.831],[122.374,-4.739],[122.467,-4.741],[122.558,-4.690],[122.596,-4.64],[122.626,-4.642]]],[[[122.33,-4.725],[122.348,-4.683],[122.377,-4.664],[122.364,-4.696],[122.33,-4.725]]]]}},{"type":"Feature","id":"74.14","properties":{"kode":"74.14"},"geometry":{"type":"MultiPolygon","coordinates":[[[[122.316,-5.142],[122.354,-5.153],[122.375,-5.192],[122.407,-5.191],[122.407,-5.209],[122.449,-5.234],[122.528,-5.195],[122.561,-5.227],[122.606,-5.223],[122.579,-5.254],[122.623,-5.250],[122.645,-5.297],[122.64,-5.355],[122.620,-5.371],[122.616,-5.345],[122.594,-5.364],[122.595,-5.434],[122.565,-5.411],[122.544,-5.441],[122.520,-5.438],[122.536,-5.261],[122.479,-5.299],[122.497,-5.347],[122.481,-5.372],[122.467,-5.365],[122.463,-5.403],[122.408,-5.399],[122.383,-5.34],[122.434,-5.312],[122.376,-5.325],[122.381,-5.368],[122.365,-5.388],[122.273,-5.388],[122.266,-5.326],[122.315,-5.238],[122.304,-5.196],[122.316,-5.142]]],[[[122.048,-5.413],[122.033,-5.472],[121.946,-5.483],[121.942,-5.412],[122.048,-5.413]]]]}},{"type":"Feature","id":"74.15","properties":{"kode":"74.15"},"geometry":{"type":"MultiPolygon","coordinates":[[[[122.791,-5.603],[122.822,-5.652],[122.802,-5.695],[122.753,-5.694],[122.765,-5.666],[122.749,-5.638],[122.728,-5.688],[122.713,-5.681],[122.713,-5.619],[122.644,-5.698],[122.613,-5.659],[122.573,-5.538],[122.670,-5.496],[122.788,-5.487],[122.791,-5.603]]],[[[122.509,-5.624],[122.544,-5.628],[122.547,-5.681],[122.456,-5.693],[122.509,-5.624]]],[[[122.524,-5.501],[122.507,-5.558],[122.488,-5.562],[122.471,-5.530],[122.524,-5.501]]]]}},{"type":"Feature","id":"74.71","properties":{"kode":"74.71"},"geometry":{"type":"Polygon","coordinates":[[[122.625,-3.948],[122.598,-3.979],[122.531,-3.970],[122.535,-3.989],[122.593,-3.979],[122.619,-4.003],[122.651,-4.002],[122.604,-4.052],[122.525,-4.09],[122.442,-4.011],[122.453,-3.945],[122.487,-3.903],[122.538,-3.941],[122.590,-3.931],[122.625,-3.948]]]}},{"type":"Feature","id":"74.72","properties":{"kode":"74.72"},"geometry":{"type":"Polygon","coordinates":[[[122.655,-5.323],[122.714,-5.316],[122.725,-5.354],[122.760,-5.375],[122.769,-5.414],[122.740,-5.489],[122.615,-5.510],[122.573,-5.538],[122.556,-5.515],[122.564,-5.482],[122.597,-5.454],[122.641,-5.449],[122.648,-5.424],[122.621,-5.397],[122.655,-5.323]]]}},{"type":"Feature","id":"75.02","properties":{"kode":"75.02"},"geometry":{"type":"Polygon","coordinates":[[[122.650,0.515],[122.642,0.476],[122.594,0.503],[122.561,0.498],[122.566,0.513],[122.545,0.490],[122.544,0.504],[122.448,0.516],[122.436,0.499],[122.397,0.519],[122.280,0.475],[122.233,0.486],[122.147,0.470],[122.120,0.494],[122.126,0.667],[122.101,0.901],[122.248,0.913],[122.252,0.795],[122.283,0.779],[122.341,0.795],[122.494,0.740],[122.506,0.708],[122.543,0.700],[122.571,0.659],[122.597,0.651],[122.638,0.563],[122.629,0.533],[122.650,0.515]]]}},{"type":"Feature","id":"75.01","properties":{"kode":"75.01"},"geometry":{"type":"Polygon","coordinates":[[[123.070,0.803],[123.080,0.695],[123.056,0.638],[123.07,0.607],[123.030,0.547],[122.995,0.551],[123.040,0.496],[122.785,0.494],[122.693,0.473],[122.685,0.503],[122.629,0.533],[122.638,0.563],[122.597,0.651],[122.571,0.659],[122.543,0.700],[122.506,0.708],[122.494,0.740],[122.341,0.795],[122.283,0.779],[122.252,0.795],[122.248,0.913],[122.262,0.928],[122.278,0.910],[122.324,0.925],[122.415,0.885],[122.579,0.875],[122.599,0.845],[122.642,0.848],[122.755,0.764],[122.825,0.746],[122.881,0.759],[122.920,0.691],[122.930,0.711],[122.976,0.726],[123.005,0.782],[123.070,0.803]]]}},{"type":"Feature","id":"75.04","properties":{"kode":"75.04"},"geometry":{"type":"Polygon","coordinates":[[[121.922,0.927],[122.032,0.885],[122.101,0.901],[122.127,0.541],[122.117,0.489],[122.080,0.476],[121.868,0.441],[121.805,0.410],[121.718,0.523],[121.683,0.514],[121.636,0.544],[121.642,0.525],[121.623,0.535],[121.621,0.522],[121.619,0.547],[121.601,0.547],[121.602,0.527],[121.531,0.551],[121.513,0.530],[121.519,0.498],[121.493,0.478],[121.442,0.466],[121.44,0.500],[121.408,0.473],[121.405,0.487],[121.336,0.473],[121.351,0.492],[121.318,0.543],[121.329,0.575],[121.307,0.568],[121.242,0.600],[121.228,0.645],[121.199,0.640],[121.161,0.678],[121.192,0.767],[121.237,0.801],[121.317,0.785],[121.364,0.802],[121.348,0.852],[121.494,0.839],[121.533,0.853],[121.542,0.879],[121.603,0.872],[121.811,0.95],[121.849,0.992],[121.888,0.977],[121.922,0.927]]]}},{"type":"Feature","id":"75.03","properties":{"kode":"75.03"},"geometry":{"type":"Polygon","coordinates":[[[123.249,0.747],[123.247,0.718],[123.273,0.698],[123.322,0.698],[123.383,0.640],[123.486,0.626],[123.487,0.601],[123.533,0.577],[123.525,0.543],[123.552,0.510],[123.522,0.490],[123.524,0.456],[123.550,0.433],[123.48,0.352],[123.482,0.322],[123.46,0.337],[123.434,0.316],[123.345,0.306],[123.267,0.322],[123.086,0.479],[123.091,0.580],[123.062,0.590],[123.056,0.627],[123.080,0.695],[123.070,0.803],[123.124,0.788],[123.133,0.765],[123.157,0.774],[123.167,0.751],[123.214,0.762],[123.249,0.747]]]}},{"type":"Feature","id":"75.05","properties":{"kode":"75.05"},"geometry":{"type":"Polygon","coordinates":[[[123.119,0.926],[123.138,0.878],[123.205,0.857],[123.271,0.802],[123.268,0.768],[123.249,0.747],[123.214,0.762],[123.167,0.751],[123.157,0.774],[123.133,0.765],[123.124,0.788],[123.073,0.806],[123.005,0.782],[122.976,0.726],[122.930,0.711],[122.920,0.691],[122.881,0.759],[122.825,0.746],[122.755,0.764],[122.642,0.848],[122.599,0.845],[122.579,0.875],[122.415,0.885],[122.324,0.925],[122.278,0.910],[122.262,0.928],[122.198,0.898],[122.087,0.909],[122.032,0.885],[121.982,0.907],[122.015,0.909],[122.037,0.959],[122.017,0.954],[122.069,1.004],[122.195,1.038],[122.222,1.025],[122.233,0.992],[122.241,1.01],[122.316,1.006],[122.333,1.040],[122.362,0.996],[122.393,1.013],[122.434,0.993],[122.452,1.031],[122.493,0.987],[122.609,0.944],[122.619,0.961],[122.65,0.948],[122.682,0.900],[122.720,0.886],[122.712,0.867],[122.741,0.880],[122.764,0.861],[122.771,0.879],[122.801,0.851],[122.796,0.834],[122.822,0.833],[122.849,0.801],[122.861,0.828],[122.921,0.861],[122.976,0.937],[122.946,0.938],[122.943,0.963],[122.986,0.967],[122.997,0.943],[123.046,0.939],[123.086,0.906],[123.095,0.929],[123.119,0.926]]]}},{"type":"Feature","id":"75.71","properties":{"kode":"75.71"},"geometry":{"type":"Polygon","coordinates":[[[123.091,0.580],[123.086,0.479],[123.062,0.505],[123.040,0.496],[122.995,0.551],[123.030,0.547],[123.062,0.590],[123.091,0.580]]]}},{"type":"Feature","id":"76.05","properties":{"kode":"76.05"},"geometry":{"type":"Polygon","coordinates":[[[118.942,-2.914],[119.081,-3.014],[119.056,-3.053],[119.074,-3.111],[119.036,-3.084],[118.961,-3.088],[118.946,-3.106],[118.954,-3.159],[118.909,-3.163],[118.901,-3.192],[118.938,-3.359],[118.915,-3.408],[119.005,-3.533],[119.0,-3.561],[118.964,-3.545],[118.938,-3.570],[118.846,-3.380],[118.843,-3.324],[118.858,-3.304],[118.831,-3.232],[118.836,-3.196],[118.776,-3.092],[118.796,-3.071],[118.838,-3.081],[118.859,-3.031],[118.848,-2.987],[118.877,-2.922],[118.898,-2.934],[118.942,-2.914]]]}},{"type":"Feature","id":"76.04","properties":{"kode":"76.04"},"geometry":{"type":"Polygon","coordinates":[[[119.337,-3.289],[119.451,-3.354],[119.492,-3.475],[119.485,-3.495],[119.427,-3.459],[119.371,-3.461],[119.309,-3.425],[119.285,-3.429],[119.289,-3.446],[119.235,-3.485],[119.135,-3.494],[119.107,-3.516],[119.065,-3.502],[119.005,-3.533],[118.915,-3.408],[118.938,-3.359],[118.904,-3.179],[118.913,-3.161],[118.954,-3.159],[118.946,-3.106],[118.961,-3.088],[119.036,-3.084],[119.066,-3.115],[119.112,-3.092],[119.149,-3.116],[119.261,-3.072],[119.274,-3.093],[119.260,-3.172],[119.310,-3.239],[119.301,-3.264],[119.334,-3.270],[119.337,-3.289]]]}},{"type":"Feature","id":"76.03","properties":{"kode":"76.03"},"geometry":{"type":"Polygon","coordinates":[[[119.583,-2.747],[119.567,-2.798],[119.579,-2.836],[119.55,-2.897],[119.576,-2.950],[119.564,-2.994],[119.635,-3.128],[119.536,-3.139],[119.486,-3.188],[119.445,-3.191],[119.434,-3.171],[119.370,-3.198],[119.432,-3.263],[119.442,-3.338],[119.301,-3.264],[119.310,-3.239],[119.257,-3.158],[119.268,-3.074],[119.149,-3.116],[119.112,-3.092],[119.074,-3.111],[119.056,-3.053],[119.081,-3.014],[119.026,-2.960],[119.055,-2.908],[119.022,-2.898],[119.013,-2.773],[119.109,-2.664],[119.139,-2.654],[119.142,-2.684],[119.188,-2.658],[119.236,-2.713],[119.344,-2.692],[119.400,-2.762],[119.435,-2.771],[119.552,-2.728],[119.583,-2.747]]]}},{"type":"Feature","id":"76.02","properties":{"kode":"76.02"},"geometry":{"type":"Polygon","coordinates":[[[119.711,-2.142],[119.746,-2.222],[119.676,-2.268],[119.699,-2.314],[119.682,-2.329],[119.687,-2.369],[119.722,-2.393],[119.712,-2.519],[119.745,-2.535],[119.762,-2.571],[119.744,-2.610],[119.747,-2.714],[119.681,-2.756],[119.583,-2.747],[119.552,-2.728],[119.435,-2.771],[119.400,-2.762],[119.344,-2.692],[119.236,-2.713],[119.188,-2.658],[119.136,-2.681],[119.139,-2.654],[119.061,-2.704],[119.013,-2.773],[119.022,-2.898],[119.055,-2.908],[119.026,-2.960],[118.942,-2.914],[118.884,-2.931],[118.886,-2.890],[118.851,-2.852],[118.77,-2.867],[118.760,-2.768],[118.782,-2.746],[118.778,-2.693],[118.815,-2.623],[118.867,-2.677],[118.911,-2.666],[119.031,-2.580],[119.042,-2.508],[119.146,-2.468],[119.129,-2.461],[119.130,-2.298],[119.198,-2.313],[119.289,-2.22],[119.432,-2.193],[119.501,-2.12],[119.546,-2.117],[119.597,-2.150],[119.711,-2.142]]]}},{"type":"Feature","id":"76.01","properties":{"kode":"76.01"},"geometry":{"type":"Polygon","coordinates":[[[119.561,-0.849],[119.557,-1.009],[119.578,-1.030],[119.592,-1.183],[119.535,-1.178],[119.530,-1.233],[119.466,-1.301],[119.503,-1.296],[119.510,-1.312],[119.461,-1.319],[119.426,-1.347],[119.462,-1.396],[119.496,-1.392],[119.519,-1.411],[119.511,-1.451],[119.545,-1.422],[119.547,-1.436],[119.582,-1.425],[119.593,-1.396],[119.643,-1.405],[119.696,-1.450],[119.672,-1.546],[119.733,-1.604],[119.728,-1.637],[119.795,-1.708],[119.795,-1.739],[119.871,-1.779],[119.836,-1.804],[119.811,-1.792],[119.656,-1.841],[119.511,-1.793],[119.438,-1.728],[119.371,-1.758],[119.337,-1.819],[119.311,-1.797],[119.301,-1.709],[119.281,-1.688],[119.325,-1.589],[119.288,-1.450],[119.290,-1.393],[119.332,-1.348],[119.303,-1.273],[119.340,-1.169],[119.367,-1.171],[119.461,-1.074],[119.561,-0.849]]]}},{"type":"Feature","id":"76.06","properties":{"kode":"76.06"},"geometry":{"type":"Polygon","coordinates":[[[119.871,-1.779],[119.858,-1.825],[119.874,-1.861],[119.847,-1.904],[119.871,-1.938],[119.846,-2.012],[119.870,-2.018],[119.817,-2.059],[119.803,-2.112],[119.612,-2.151],[119.542,-2.116],[119.501,-2.12],[119.432,-2.193],[119.289,-2.22],[119.198,-2.313],[119.130,-2.298],[119.152,-2.238],[119.145,-2.200],[119.199,-2.109],[119.222,-2.012],[119.212,-1.997],[119.285,-1.954],[119.331,-1.961],[119.363,-1.852],[119.342,-1.789],[119.377,-1.753],[119.438,-1.728],[119.511,-1.793],[119.656,-1.841],[119.811,-1.792],[119.836,-1.804],[119.871,-1.779]]]}},{"type":"Feature","id":"81.03","properties":{"kode":"81.03"},"geometry":{"type":"MultiPolygon","coordinates":[[[[132.001,-6.986],[131.961,-7.054],[131.909,-7.080],[131.908,-7.057],[132.001,-6.986]]],[[[131.918,-7.103],[131.986,-7.214],[131.956,-7.253],[131.909,-7.228],[131.901,-7.185],[131.871,-7.167],[131.780,-7.164],[131.763,-7.182],[131.726,-7.176],[131.713,-7.154],[131.754,-7.115],[131.918,-7.103]]],[[[131.654,-7.118],[131.640,-7.177],[131.680,-7.173],[131.680,-7.152],[131.708,-7.143],[131.692,-7.164],[131.719,-7.165],[131.717,-7.187],[131.746,-7.210],[131.711,-7.232],[131.652,-7.231],[131.632,-7.253],[131.651,-7.351],[131.682,-7.378],[131.645,-7.404],[131.662,-7.404],[131.67,-7.437],[131.705,-7.427],[131.667,-7.452],[131.671,-7.497],[131.648,-7.505],[131.665,-7.510],[131.658,-7.550],[131.619,-7.648],[131.583,-7.662],[131.553,-7.723],[131.487,-7.728],[131.48,-7.781],[131.452,-7.776],[131.460,-7.810],[131.363,-7.870],[131.360,-7.888],[131.380,-7.896],[131.326,-7.933],[131.355,-7.932],[131.332,-7.954],[131.341,-7.990],[131.300,-8.022],[131.285,-8.003],[131.307,-7.961],[131.285,-7.924],[131.229,-8.006],[131.102,-7.996],[131.120,-7.911],[131.105,-7.873],[131.085,-7.885],[131.082,-7.847],[131.109,-7.823],[131.137,-7.837],[131.147,-7.81],[131.111,-7.783],[131.135,-7.776],[131.145,-7.743],[131.118,-7.758],[131.106,-7.706],[131.130,-7.682],[131.177,-7.724],[131.245,-7.730],[131.155,-7.672],[131.176,-7.655],[131.184,-7.589],[131.236,-7.476],[131.313,-7.422],[131.342,-7.445],[131.358,-7.402],[131.383,-7.393],[131.366,-7.368],[131.380,-7.373],[131.403,-7.335],[131.453,-7.344],[131.437,-7.300],[131.474,-7.240],[131.535,-7.227],[131.523,-7.153],[131.654,-7.118]]],[[[131.577,-6.668],[131.623,-6.677],[131.624,-6.696],[131.594,-6.726],[131.572,-6.712],[131.557,-6.740],[131.565,-6.760],[131.591,-6.757],[131.586,-6.771],[131.528,-6.804],[131.518,-6.750],[131.577,-6.668]]],[[[131.469,-6.878],[131.514,-6.879],[131.488,-6.919],[131.464,-6.920],[131.469,-6.878]]],[[[131.487,-7.163],[131.489,-7.208],[131.453,-7.201],[131.474,-7.168],[131.487,-7.163]]],[[[131.257,-7.303],[131.302,-7.338],[131.261,-7.357],[131.270,-7.379],[131.208,-7.358],[131.257,-7.303]]],[[[131.170,-7.422],[131.086,-7.482],[131.059,-7.523],[131.037,-7.515],[131.059,-7.484],[131.000,-7.503],[130.969,-7.489],[130.988,-7.429],[131.161,-7.405],[131.170,-7.422]]],[[[131.034,-8.077],[131.080,-8.110],[131.066,-8.161],[131.126,-8.116],[131.166,-8.118],[131.165,-8.134],[130.989,-8.235],[130.923,-8.230],[130.887,-8.246],[130.898,-8.287],[130.816,-8.341],[130.756,-8.340],[130.823,-8.254],[130.872,-8.220],[130.923,-8.211],[130.924,-8.133],[130.998,-8.144],[130.985,-8.116],[131.034,-8.077]]],[[[130.969,-7.680],[131.124,-7.64],[131.101,-7.695],[131.053,-7.704],[131.049,-7.683],[131.026,-7.705],[131.040,-7.723],[130.967,-7.741],[130.969,-7.680]]],[[[130.839,-7.499],[130.937,-7.526],[130.981,-7.509],[130.954,-7.542],[130.982,-7.562],[130.945,-7.549],[130.894,-7.577],[130.843,-7.561],[130.839,-7.499]]]]}},{"type":"Feature","id":"81.02","properties":{"kode":"81.02"},"geometry":{"type":"MultiPolygon","coordinates":[[[[133.157,-5.276],[133.191,-5.328],[133.164,-5.366],[133.119,-5.565],[133.082,-5.627],[133.043,-5.643],[132.962,-5.743],[132.942,-5.823],[132.953,-5.872],[132.845,-6.007],[132.868,-5.904],[132.888,-5.895],[132.873,-5.881],[132.891,-5.857],[132.881,-5.844],[132.936,-5.770],[132.941,-5.687],[132.971,-5.644],[132.979,-5.657],[133.005,-5.648],[133.074,-5.387],[133.114,-5.291],[133.157,-5.276]]],[[[132.710,-5.593],[132.711,-5.652],[132.698,-5.629],[132.691,-5.658],[132.743,-5.648],[132.75,-5.721],[132.766,-5.746],[132.761,-5.717],[132.778,-5.727],[132.772,-5.814],[132.791,-5.778],[132.814,-5.849],[132.779,-5.942],[132.733,-5.952],[132.720,-5.947],[132.730,-5.898],[132.711,-5.899],[132.693,-5.949],[132.695,-5.914],[132.663,-5.905],[132.669,-5.853],[132.689,-5.835],[132.669,-5.775],[132.678,-5.728],[132.647,-5.707],[132.650,-5.668],[132.637,-5.673],[132.638,-5.634],[132.611,-5.604],[132.676,-5.629],[132.710,-5.593]]]]}},{"type":"Feature","id":"81.01","properties":{"kode":"81.01"},"geometry":{"type":"MultiPolygon","coordinates":[[[[130.128,-2.997],[130.116,-3.038],[130.137,-3.077],[130.123,-3.103],[130.155,-3.215],[129.902,-3.16],[129.899,-3.259],[129.858,-3.336],[129.518,-3.300],[129.496,-3.327],[129.566,-3.414],[129.565,-3.447],[129.531,-3.469],[129.404,-3.417],[129.253,-3.407],[129.082,-3.341],[128.929,-3.352],[128.927,-3.322],[128.969,-3.283],[128.966,-3.226],[128.885,-3.203],[128.834,-3.240],[128.793,-3.168],[128.816,-3.070],[128.771,-3.052],[128.786,-3.006],[128.807,-2.995],[128.755,-2.960],[128.752,-2.850],[128.806,-2.867],[128.928,-2.849],[129.049,-2.794],[129.077,-2.855],[129.063,-2.906],[129.128,-2.969],[129.157,-2.948],[129.191,-2.959],[129.186,-2.922],[129.213,-2.948],[129.225,-2.921],[129.344,-2.86],[129.377,-2.789],[129.519,-2.798],[129.529,-2.773],[129.547,-2.800],[129.617,-2.802],[129.635,-2.826],[129.782,-2.863],[129.808,-2.911],[129.880,-2.897],[129.910,-2.943],[130.011,-2.978],[130.035,-3.004],[130.128,-2.997]]],[[[129.946,-4.507],[129.957,-4.548],[129.933,-4.572],[129.860,-4.556],[129.921,-4.545],[129.946,-4.507]]],[[[129.532,-6.712],[129.524,-6.751],[129.487,-6.749],[129.502,-6.714],[129.532,-6.712]]],[[[129.147,-6.951],[129.162,-6.976],[129.134,-6.988],[129.125,-6.963],[129.147,-6.951]]],[[[128.759,-3.648],[128.806,-3.647],[128.811,-3.673],[128.782,-3.695],[128.759,-3.669],[128.759,-3.648]]],[[[128.581,-3.493],[128.682,-3.544],[128.694,-3.494],[128.716,-3.498],[128.733,-3.617],[128.654,-3.572],[128.663,-3.609],[128.645,-3.63],[128.609,-3.597],[128.628,-3.585],[128.554,-3.527],[128.581,-3.493]]],[[[128.449,-3.51],[128.550,-3.538],[128.573,-3.587],[128.541,-3.613],[128.510,-3.605],[128.404,-3.634],[128.423,-3.569],[128.414,-3.532],[128.449,-3.51]]],[[[128.271,-3.617],[128.242,-3.575],[128.202,-3.629],[128.100,-3.651],[128.067,-3.676],[128.084,-3.722],[128.039,-3.733],[127.998,-3.781],[127.943,-3.774],[127.917,-3.719],[127.922,-3.680],[128.025,-3.593],[128.168,-3.587],[128.257,-3.495],[128.338,-3.502],[128.352,-3.528],[128.321,-3.565],[128.356,-3.603],[128.352,-3.634],[128.271,-3.617]]]]}},{"type":"Feature","id":"81.04","properties":{"kode":"81.04"},"geometry":{"type":"Polygon","coordinates":[[[127.240,-3.623],[127.190,-3.601],[127.192,-3.567],[127.153,-3.513],[127.103,-3.512],[127.037,-3.578],[126.976,-3.602],[126.955,-3.639],[126.846,-3.660],[126.810,-3.643],[126.794,-3.665],[126.749,-3.669],[126.725,-3.655],[126.680,-3.535],[126.643,-3.508],[126.618,-3.525],[126.596,-3.458],[126.549,-3.449],[126.478,-3.473],[126.433,-3.390],[126.33,-3.351],[126.308,-3.317],[126.241,-3.289],[126.211,-3.304],[126.122,-3.285],[126.100,-3.236],[126.106,-3.166],[126.124,-3.151],[126.176,-3.181],[126.222,-3.183],[126.227,-3.138],[126.259,-3.132],[126.299,-3.093],[126.801,-3.063],[126.868,-3.096],[126.887,-3.125],[126.983,-3.138],[127.107,-3.227],[127.117,-3.279],[127.069,-3.260],[127.031,-3.272],[127.041,-3.329],[127.074,-3.327],[127.078,-3.373],[127.124,-3.383],[127.160,-3.336],[127.258,-3.373],[127.240,-3.623]]]}},{"type":"Feature","id":"81.07","properties":{"kode":"81.07"},"geometry":{"type":"MultiPolygon","coordinates":[[[[134.867,-6.282],[134.893,-6.288],[134.908,-6.322],[134.845,-6.476],[134.805,-6.457],[134.797,-6.388],[134.867,-6.282]]],[[[134.824,-6.481],[134.850,-6.493],[134.812,-6.561],[134.777,-6.545],[134.775,-6.514],[134.824,-6.481]]],[[[134.827,-6.295],[134.829,-6.320],[134.792,-6.361],[134.787,-6.333],[134.827,-6.295]]],[[[134.540,-5.919],[134.597,-5.949],[134.657,-5.944],[134.663,-5.975],[134.755,-6.048],[134.782,-6.093],[134.762,-6.138],[134.714,-6.166],[134.768,-6.166],[134.729,-6.301],[134.694,-6.305],[134.702,-6.327],[134.622,-6.373],[134.552,-6.351],[134.541,-6.303],[134.522,-6.317],[134.505,-6.287],[134.475,-6.293],[134.465,-6.256],[134.446,-6.263],[134.441,-6.223],[134.398,-6.234],[134.362,-6.207],[134.344,-6.218],[134.272,-6.114],[134.291,-6.071],[134.283,-6.044],[134.325,-6.023],[134.360,-6.04],[134.382,-6.019],[134.418,-6.025],[134.427,-6.021],[134.439,-6.014],[134.462,-5.981],[134.467,-5.971],[134.469,-5.959],[134.489,-5.960],[134.540,-5.919]]],[[[134.709,-5.833],[134.754,-5.846],[134.772,-5.888],[134.738,-5.907],[134.711,-5.891],[134.743,-5.965],[134.733,-5.979],[134.629,-5.917],[134.631,-5.868],[134.634,-5.871],[134.646,-5.871],[134.709,-5.833]]],[[[134.554,-5.562],[134.574,-5.571],[134.581,-5.569],[134.586,-5.574],[134.592,-5.569],[134.595,-5.576],[134.606,-5.569],[134.624,-5.586],[134.649,-5.576],[134.667,-5.595],[134.712,-5.598],[134.736,-5.627],[134.747,-5.620],[134.764,-5.666],[134.738,-5.672],[134.700,-5.727],[134.674,-5.725],[134.664,-5.732],[134.661,-5.720],[134.639,-5.711],[134.624,-5.713],[134.616,-5.723],[134.574,-5.654],[134.538,-5.633],[134.545,-5.621],[134.529,-5.578],[134.554,-5.562]]],[[[134.692,-6.442],[134.745,-6.482],[134.764,-6.529],[134.743,-6.552],[134.722,-6.541],[134.681,-6.563],[134.640,-6.477],[134.692,-6.442]]],[[[134.704,-6.578],[134.760,-6.629],[134.740,-6.646],[134.738,-6.702],[134.685,-6.776],[134.653,-6.779],[134.622,-6.755],[134.626,-6.709],[134.665,-6.678],[134.704,-6.578]]],[[[134.755,-6.368],[134.754,-6.415],[134.743,-6.434],[134.728,-6.424],[134.731,-6.384],[134.755,-6.368]]],[[[134.684,-5.729],[134.741,-5.740],[134.747,-5.785],[134.730,-5.810],[134.704,-5.808],[134.691,-5.777],[134.684,-5.770],[134.676,-5.771],[134.668,-5.751],[134.656,-5.746],[134.684,-5.729]]],[[[134.587,-5.419],[134.647,-5.440],[134.652,-5.495],[134.666,-5.481],[134.706,-5.518],[134.700,-5.535],[134.677,-5.535],[134.678,-5.572],[134.659,-5.565],[134.624,-5.581],[134.611,-5.566],[134.552,-5.557],[134.530,-5.568],[134.523,-5.555],[134.505,-5.552],[134.518,-5.517],[134.500,-5.501],[134.523,-5.482],[134.493,-5.487],[134.490,-5.432],[134.507,-5.419],[134.555,-5.438],[134.587,-5.419]]],[[[134.458,-5.528],[134.469,-5.563],[134.504,-5.531],[134.504,-5.556],[134.527,-5.564],[134.535,-5.632],[134.545,-5.651],[134.572,-5.656],[134.61,-5.721],[134.618,-5.725],[134.637,-5.713],[134.658,-5.724],[134.653,-5.747],[134.675,-5.772],[134.685,-5.773],[134.697,-5.825],[134.630,-5.867],[134.609,-5.892],[134.585,-5.933],[134.536,-5.915],[134.467,-5.958],[134.428,-6.019],[134.378,-6.015],[134.355,-6.033],[134.302,-6.013],[134.334,-5.948],[134.294,-5.917],[134.336,-5.883],[134.331,-5.859],[134.371,-5.848],[134.361,-5.82],[134.395,-5.789],[134.367,-5.768],[134.327,-5.795],[134.331,-5.766],[134.260,-5.759],[134.212,-5.713],[134.250,-5.662],[134.334,-5.727],[134.358,-5.719],[134.355,-5.686],[134.415,-5.640],[134.458,-5.528]]],[[[134.668,-6.843],[134.683,-6.856],[134.605,-6.903],[134.585,-6.884],[134.668,-6.843]]],[[[134.635,-6.449],[134.625,-6.501],[134.590,-6.518],[134.588,-6.476],[134.635,-6.449]]],[[[134.628,-5.885],[134.609,-5.939],[134.588,-5.935],[134.613,-5.888],[134.628,-5.885]]],[[[134.537,-6.344],[134.598,-6.388],[134.611,-6.430],[134.568,-6.477],[134.546,-6.537],[134.516,-6.531],[134.484,-6.447],[134.516,-6.407],[134.537,-6.344]]],[[[134.559,-5.328],[134.600,-5.353],[134.58,-5.353],[134.543,-5.408],[134.503,-5.387],[134.559,-5.328]]],[[[134.49,-7.063],[134.523,-7.066],[134.534,-7.079],[134.524,-7.095],[134.475,-7.086],[134.49,-7.063]]],[[[134.456,-6.276],[134.462,-6.291],[134.497,-6.304],[134.495,-6.320],[134.503,-6.304],[134.533,-6.341],[134.515,-6.405],[134.475,-6.448],[134.470,-6.429],[134.439,-6.436],[134.430,-6.407],[134.427,-6.416],[134.405,-6.396],[134.379,-6.399],[134.384,-6.372],[134.369,-6.380],[134.361,-6.364],[134.379,-6.319],[134.456,-6.276]]],[[[134.114,-6.160],[134.166,-6.214],[134.219,-6.220],[134.288,-6.291],[134.303,-6.291],[134.294,-6.349],[134.341,-6.399],[134.359,-6.412],[134.404,-6.398],[134.425,-6.417],[134.418,-6.449],[134.460,-6.434],[134.496,-6.506],[134.474,-6.547],[134.496,-6.548],[134.485,-6.581],[134.529,-6.582],[134.480,-6.667],[134.447,-6.671],[134.424,-6.651],[134.447,-6.694],[134.391,-6.737],[134.401,-6.754],[134.354,-6.802],[134.375,-6.820],[134.332,-6.860],[134.216,-6.907],[134.199,-6.940],[134.131,-6.850],[134.074,-6.831],[134.052,-6.772],[134.083,-6.698],[134.116,-6.448],[134.151,-6.490],[134.200,-6.486],[134.211,-6.546],[134.233,-6.515],[134.195,-6.465],[134.216,-6.443],[134.185,-6.461],[134.211,-6.425],[134.141,-6.463],[134.120,-6.425],[134.136,-6.311],[134.096,-6.172],[134.114,-6.160]]],[[[134.504,-6.720],[134.517,-6.753],[134.484,-6.762],[134.483,-6.744],[134.504,-6.720]]],[[[134.390,-6.252],[134.422,-6.281],[134.386,-6.311],[134.374,-6.308],[134.390,-6.252]]],[[[134.388,-6.242],[134.361,-6.303],[134.342,-6.311],[134.320,-6.268],[134.338,-6.256],[134.341,-6.246],[134.353,-6.264],[134.388,-6.242]]],[[[134.151,-6.005],[134.162,-6.040],[134.226,-6.016],[134.245,-6.072],[134.279,-6.060],[134.232,-6.126],[134.274,-6.167],[134.302,-6.168],[134.325,-6.232],[134.350,-6.229],[134.340,-6.246],[134.337,-6.256],[134.330,-6.258],[134.32,-6.269],[134.315,-6.275],[134.283,-6.280],[134.220,-6.195],[134.164,-6.187],[134.2,-6.128],[134.151,-6.147],[134.127,-6.127],[134.121,-6.049],[134.151,-6.005]]],[[[134.321,-5.561],[134.347,-5.575],[134.338,-5.599],[134.277,-5.646],[134.246,-5.629],[134.321,-5.561]]],[[[134.272,-5.484],[134.286,-5.518],[134.254,-5.553],[134.249,-5.501],[134.272,-5.484]]],[[[134.196,-5.751],[134.251,-5.775],[134.247,-5.825],[134.192,-5.826],[134.196,-5.751]]]]}},{"type":"Feature","id":"81.06","properties":{"kode":"81.06"},"geometry":{"type":"MultiPolygon","coordinates":[[[[128.752,-2.850],[128.755,-2.960],[128.807,-2.995],[128.786,-3.006],[128.771,-3.052],[128.816,-3.070],[128.793,-3.168],[128.842,-3.240],[128.779,-3.264],[128.674,-3.365],[128.670,-3.390],[128.697,-3.414],[128.673,-3.433],[128.594,-3.426],[128.520,-3.458],[128.459,-3.458],[128.413,-3.435],[128.332,-3.328],[128.270,-3.205],[128.220,-3.217],[128.199,-3.204],[128.181,-3.230],[128.160,-3.198],[128.158,-3.159],[128.201,-3.126],[128.199,-3.075],[128.170,-3.065],[128.083,-3.145],[128.055,-3.338],[128.016,-3.381],[127.983,-3.384],[127.946,-3.465],[127.960,-3.528],[127.923,-3.565],[127.895,-3.491],[127.942,-3.351],[127.888,-3.271],[127.872,-3.189],[127.837,-3.157],[127.912,-3.150],[127.942,-3.115],[127.976,-3.108],[128.0,-3.070],[128.114,-3.063],[128.088,-3.018],[128.120,-3.002],[128.119,-2.975],[128.080,-2.987],[128.070,-2.973],[128.133,-2.936],[128.129,-2.904],[128.162,-2.884],[128.162,-2.863],[128.238,-2.853],[128.397,-2.870],[128.507,-2.834],[128.562,-2.853],[128.752,-2.850]]],[[[127.911,-2.916],[127.991,-2.924],[128.001,-2.945],[127.914,-3.038],[127.834,-3.034],[127.865,-3.008],[127.876,-2.962],[127.941,-2.937],[127.911,-2.916]]],[[[127.761,-3.151],[127.797,-3.179],[127.794,-3.253],[127.704,-3.259],[127.638,-3.224],[127.720,-3.159],[127.761,-3.151]]],[[[127.567,-3.256],[127.624,-3.306],[127.656,-3.366],[127.617,-3.369],[127.595,-3.347],[127.502,-3.325],[127.487,-3.298],[127.567,-3.256]]]]}},{"type":"Feature","id":"81.05","properties":{"kode":"81.05"},"geometry":{"type":"MultiPolygon","coordinates":[[[[131.736,-4.704],[131.758,-4.729],[131.741,-4.786],[131.722,-4.712],[131.736,-4.704]]],[[[131.609,-4.423],[131.680,-4.505],[131.680,-4.539],[131.652,-4.531],[131.609,-4.423]]],[[[131.413,-3.948],[131.447,-4.039],[131.433,-4.078],[131.366,-3.973],[131.413,-3.948]]],[[[131.286,-4.071],[131.377,-4.127],[131.400,-4.170],[131.300,-4.127],[131.273,-4.086],[131.286,-4.071]]],[[[131.209,-3.980],[131.243,-4.006],[131.239,-4.054],[131.219,-4.034],[131.209,-3.980]]],[[[129.858,-3.336],[129.899,-3.259],[129.902,-3.16],[130.155,-3.215],[130.123,-3.103],[130.137,-3.077],[130.116,-3.038],[130.128,-2.997],[130.155,-2.986],[130.194,-3.010],[130.315,-2.972],[130.383,-2.987],[130.491,-3.099],[130.552,-3.107],[130.6,-3.147],[130.640,-3.283],[130.634,-3.342],[130.663,-3.400],[130.805,-3.407],[130.840,-3.453],[130.805,-3.483],[130.882,-3.594],[130.875,-3.624],[130.832,-3.659],[130.821,-3.702],[130.821,-3.833],[130.846,-3.874],[130.821,-3.870],[130.818,-3.851],[130.777,-3.848],[130.766,-3.828],[130.754,-3.837],[130.620,-3.792],[130.570,-3.723],[130.485,-3.707],[130.417,-3.632],[130.328,-3.614],[130.294,-3.585],[130.132,-3.532],[130.098,-3.500],[130.020,-3.483],[129.970,-3.425],[129.96,-3.358],[129.928,-3.338],[129.858,-3.336]]]]}},{"type":"Feature","id":"81.08","properties":{"kode":"81.08"},"geometry":{"type":"MultiPolygon","coordinates":[[[[130.032,-7.769],[130.092,-7.762],[130.088,-7.785],[130.032,-7.769]]],[[[129.925,-8.100],[129.854,-8.192],[129.813,-8.209],[129.848,-8.141],[129.925,-8.100]]],[[[129.678,-7.786],[129.818,-7.816],[129.857,-7.843],[129.842,-7.871],[129.867,-7.906],[129.792,-8.042],[129.752,-8.054],[129.705,-8.039],[129.582,-7.899],[129.596,-7.822],[129.678,-7.786]]],[[[129.674,-7.527],[129.691,-7.551],[129.725,-7.551],[129.716,-7.571],[129.661,-7.554],[129.674,-7.527]]],[[[129.515,-7.843],[129.570,-7.909],[129.544,-7.950],[129.515,-7.922],[129.515,-7.843]]],[[[128.870,-8.182],[128.965,-8.185],[129.029,-8.217],[129.031,-8.241],[129.009,-8.260],[128.951,-8.225],[128.931,-8.230],[128.939,-8.245],[128.905,-8.242],[128.826,-8.202],[128.870,-8.182]]],[[[128.612,-7.063],[128.699,-7.106],[128.686,-7.137],[128.657,-7.137],[128.689,-7.165],[128.651,-7.215],[128.525,-7.144],[128.543,-7.105],[128.612,-7.063]]],[[[128.092,-8.207],[128.220,-8.210],[128.234,-8.271],[128.149,-8.277],[128.079,-8.256],[128.092,-8.207]]],[[[127.790,-8.104],[127.946,-8.146],[128.101,-8.139],[128.126,-8.162],[128.077,-8.191],[128.042,-8.26],[128.005,-8.257],[127.960,-8.247],[127.943,-8.219],[127.802,-8.191],[127.762,-8.115],[127.790,-8.104]]],[[[127.692,-8.154],[127.746,-8.176],[127.750,-8.206],[127.660,-8.238],[127.602,-8.217],[127.692,-8.154]]],[[[127.387,-7.492],[127.380,-7.507],[127.409,-7.497],[127.456,-7.527],[127.487,-7.522],[127.481,-7.575],[127.411,-7.599],[127.386,-7.649],[127.339,-7.649],[127.324,-7.613],[127.371,-7.585],[127.355,-7.529],[127.387,-7.492]]],[[[127.178,-8.013],[127.214,-8.033],[127.228,-8.104],[127.143,-8.096],[127.137,-8.035],[127.178,-8.013]]],[[[126.626,-7.556],[126.639,-7.605],[126.688,-7.624],[126.719,-7.665],[126.808,-7.655],[126.842,-7.733],[126.817,-7.754],[126.803,-7.741],[126.694,-7.751],[126.562,-7.814],[126.520,-7.859],[126.467,-7.974],[126.423,-7.932],[126.366,-7.934],[126.331,-7.914],[126.177,-7.925],[126.127,-7.890],[126.071,-7.887],[125.953,-7.914],[125.806,-8.014],[125.789,-8.007],[125.826,-7.915],[125.808,-7.859],[125.870,-7.814],[125.863,-7.767],[125.914,-7.745],[125.947,-7.662],[125.972,-7.653],[126.033,-7.697],[126.186,-7.727],[126.234,-7.689],[126.323,-7.695],[126.406,-7.624],[126.438,-7.632],[126.470,-7.589],[126.626,-7.556]]],[[[125.732,-7.966],[125.763,-8.015],[125.738,-8.058],[125.724,-7.982],[125.732,-7.966]]]]}},{"type":"Feature","id":"81.09","properties":{"kode":"81.09"},"geometry":{"type":"MultiPolygon","coordinates":[[[[127.205,-3.820],[127.238,-3.843],[127.244,-3.874],[127.224,-3.904],[127.164,-3.888],[127.142,-3.853],[127.162,-3.824],[127.205,-3.820]]],[[[126.124,-3.151],[126.099,-3.217],[126.122,-3.285],[126.211,-3.304],[126.241,-3.289],[126.308,-3.317],[126.33,-3.351],[126.433,-3.390],[126.478,-3.473],[126.549,-3.449],[126.596,-3.458],[126.618,-3.525],[126.643,-3.508],[126.680,-3.535],[126.725,-3.655],[126.749,-3.669],[126.794,-3.665],[126.810,-3.643],[126.846,-3.660],[126.955,-3.639],[126.976,-3.602],[127.037,-3.578],[127.103,-3.512],[127.153,-3.513],[127.192,-3.567],[127.190,-3.601],[127.237,-3.634],[127.190,-3.675],[127.138,-3.661],[127.051,-3.689],[126.955,-3.769],[126.811,-3.804],[126.735,-3.857],[126.721,-3.845],[126.687,-3.861],[126.634,-3.821],[126.522,-3.794],[126.400,-3.710],[126.385,-3.718],[126.281,-3.663],[126.233,-3.618],[126.181,-3.612],[126.152,-3.527],[126.045,-3.440],[126.039,-3.397],[126.007,-3.358],[126.011,-3.194],[126.094,-3.111],[126.124,-3.151]]]]}},{"type":"Feature","id":"81.71","properties":{"kode":"81.71"},"geometry":{"type":"Polygon","coordinates":[[[128.271,-3.617],[128.260,-3.631],[128.300,-3.679],[128.264,-3.729],[128.159,-3.749],[128.152,-3.770],[128.089,-3.792],[128.157,-3.704],[128.244,-3.638],[128.194,-3.641],[128.195,-3.661],[128.118,-3.686],[128.084,-3.722],[128.070,-3.672],[128.202,-3.629],[128.242,-3.575],[128.271,-3.617]]]}},{"type":"Feature","id":"81.72","properties":{"kode":"81.72"},"geometry":{"type":"MultiPolygon","coordinates":[[[[132.795,-5.569],[132.815,-5.544],[132.799,-5.606],[132.816,-5.675],[132.800,-5.698],[132.799,-5.654],[132.773,-5.691],[132.757,-5.661],[132.768,-5.646],[132.757,-5.660],[132.741,-5.637],[132.751,-5.577],[132.801,-5.523],[132.795,-5.569]]],[[[132.687,-5.540],[132.75,-5.540],[132.733,-5.553],[132.687,-5.540]]],[[[132.320,-5.522],[132.346,-5.551],[132.376,-5.539],[132.378,-5.553],[132.323,-5.579],[132.302,-5.530],[132.320,-5.522]]],[[[132.261,-5.581],[132.306,-5.590],[132.319,-5.627],[132.3,-5.652],[132.261,-5.581]]],[[[132.196,-5.717],[132.196,-5.757],[132.184,-5.767],[132.170,-5.739],[132.196,-5.717]]],[[[132.018,-5.312],[132.010,-5.366],[131.970,-5.384],[131.976,-5.327],[132.018,-5.312]]]]}},{"type":"Feature","id":"82.01","properties":{"kode":"82.01"},"geometry":{"type":"Polygon","coordinates":[[[127.744,1.967],[127.748,1.946],[127.767,1.959],[127.790,1.911],[127.747,1.867],[127.734,1.797],[127.716,1.79],[127.703,1.705],[127.731,1.624],[127.729,1.538],[127.659,1.422],[127.675,1.375],[127.640,1.328],[127.647,1.252],[127.624,1.238],[127.643,1.171],[127.619,1.140],[127.625,1.117],[127.603,1.107],[127.602,1.070],[127.606,1.043],[127.648,1.034],[127.604,0.951],[127.649,0.900],[127.646,0.868],[127.681,0.854],[127.688,0.878],[127.694,0.879],[127.731,0.759],[127.697,0.755],[127.623,0.777],[127.639,0.852],[127.545,0.876],[127.542,0.861],[127.527,0.858],[127.541,0.880],[127.492,0.891],[127.511,0.973],[127.474,1.004],[127.494,1.014],[127.495,1.055],[127.427,1.050],[127.417,1.033],[127.397,1.070],[127.431,1.142],[127.402,1.198],[127.408,1.234],[127.520,1.434],[127.535,1.504],[127.527,1.552],[127.511,1.555],[127.551,1.592],[127.548,1.665],[127.553,1.640],[127.582,1.669],[127.552,1.713],[127.646,1.824],[127.706,1.945],[127.744,1.967]]]}},{"type":"Feature","id":"82.02","properties":{"kode":"82.02"},"geometry":{"type":"MultiPolygon","coordinates":[[[[129.862,0.324],[129.903,0.319],[129.922,0.281],[129.881,0.277],[129.862,0.324]]],[[[129.602,-0.004],[129.652,-0.048],[129.650,-0.071],[129.625,-0.037],[129.623,-0.068],[129.597,-0.056],[129.583,-0.010],[129.602,-0.004]]],[[[129.286,0.050],[129.394,-0.009],[129.546,-0.130],[129.572,-0.179],[129.561,-0.212],[129.519,-0.196],[129.510,-0.161],[129.469,-0.137],[129.478,-0.123],[129.456,-0.089],[129.382,-0.071],[129.362,-0.002],[129.288,0.029],[129.286,0.050]]],[[[128.668,0.496],[128.688,0.442],[128.672,0.342],[128.835,0.292],[128.899,0.211],[128.865,0.223],[128.845,0.261],[128.558,0.318],[128.457,0.402],[128.280,0.396],[128.241,0.422],[128.232,0.410],[128.181,0.427],[128.168,0.456],[127.967,0.481],[127.903,0.435],[127.904,0.367],[127.879,0.352],[127.872,0.310],[127.918,0.274],[127.921,0.176],[127.869,0.125],[127.824,0.125],[127.787,0.154],[127.823,0.209],[127.797,0.25],[127.819,0.272],[127.798,0.317],[127.806,0.373],[127.768,0.454],[127.777,0.483],[127.806,0.490],[127.831,0.572],[127.792,0.643],[127.853,0.617],[127.951,0.630],[127.996,0.656],[128.117,0.591],[128.214,0.599],[128.260,0.575],[128.271,0.549],[128.316,0.554],[128.358,0.510],[128.483,0.489],[128.510,0.443],[128.561,0.416],[128.621,0.443],[128.635,0.484],[128.668,0.496]]],[[[128.817,0.562],[128.846,0.527],[128.861,0.491],[128.813,0.534],[128.817,0.562]]]]}},{"type":"Feature","id":"82.05","properties":{"kode":"82.05"},"geometry":{"type":"MultiPolygon","coordinates":[[[[126.456,-1.800],[126.479,-1.832],[126.350,-1.828],[126.382,-1.815],[126.456,-1.800]]],[[[125.409,-1.777],[125.428,-1.809],[125.458,-1.778],[125.480,-1.779],[125.486,-1.818],[125.524,-1.811],[125.538,-1.786],[125.541,-1.812],[125.622,-1.812],[125.637,-1.829],[125.913,-1.793],[126.196,-1.804],[126.304,-1.828],[126.332,-1.811],[126.348,-1.815],[126.246,-1.878],[126.207,-1.867],[126.138,-1.891],[126.089,-1.878],[125.917,-1.939],[125.842,-1.895],[125.784,-1.927],[125.576,-1.929],[125.516,-1.949],[125.488,-1.934],[125.422,-1.950],[125.440,-1.928],[125.436,-1.888],[125.374,-1.862],[125.371,-1.845],[125.345,-1.888],[125.329,-1.858],[125.341,-1.813],[125.375,-1.806],[125.356,-1.795],[125.365,-1.781],[125.409,-1.777]]],[[[125.914,-1.977],[125.957,-1.989],[125.992,-2.027],[125.958,-2.160],[126.072,-2.422],[126.046,-2.476],[125.976,-2.417],[125.958,-2.325],[125.880,-2.212],[125.858,-2.058],[125.914,-1.977]]]]}},{"type":"Feature","id":"82.04","properties":{"kode":"82.04"},"geometry":{"type":"MultiPolygon","coordinates":[[[[127.697,0.007],[127.796,-0.024],[127.788,0.152],[127.824,0.125],[127.869,0.125],[127.921,0.176],[127.925,0.108],[127.887,0.083],[127.889,-0.003],[127.946,-0.113],[127.981,-0.261],[128.049,-0.417],[128.213,-0.697],[128.456,-0.910],[128.377,-0.877],[128.352,-0.889],[128.312,-0.863],[128.307,-0.879],[128.266,-0.868],[128.225,-0.837],[128.249,-0.820],[128.283,-0.835],[128.227,-0.774],[128.247,-0.768],[128.247,-0.764],[128.216,-0.772],[128.064,-0.717],[128.002,-0.667],[127.864,-0.366],[127.731,-0.303],[127.687,-0.27],[127.663,-0.221],[127.7,-0.098],[127.697,0.007]]],[[[128.369,-1.073],[128.421,-1.096],[128.432,-1.109],[128.435,-1.117],[128.412,-1.099],[128.369,-1.122],[128.343,-1.089],[128.369,-1.073]]],[[[128.316,-0.938],[128.380,-0.999],[128.416,-1.005],[128.414,-1.028],[128.357,-1.037],[128.334,-1.022],[128.336,-0.972],[128.307,-0.964],[128.316,-0.938]]],[[[128.349,-1.601],[128.365,-1.617],[128.354,-1.653],[128.318,-1.664],[128.294,-1.645],[128.313,-1.613],[128.349,-1.601]]],[[[127.642,-1.331],[127.660,-1.346],[127.674,-1.332],[127.699,-1.352],[127.706,-1.336],[127.758,-1.352],[127.837,-1.434],[127.893,-1.426],[127.936,-1.449],[127.990,-1.510],[128.076,-1.565],[128.072,-1.578],[128.120,-1.565],[128.165,-1.617],[128.155,-1.684],[128.088,-1.721],[128.020,-1.725],[127.905,-1.684],[127.816,-1.700],[127.720,-1.686],[127.667,-1.724],[127.617,-1.717],[127.597,-1.737],[127.496,-1.722],[127.408,-1.662],[127.392,-1.620],[127.412,-1.566],[127.402,-1.537],[127.431,-1.499],[127.416,-1.480],[127.444,-1.434],[127.415,-1.419],[127.440,-1.410],[127.437,-1.425],[127.503,-1.453],[127.512,-1.417],[127.642,-1.331]]],[[[127.525,-0.301],[127.568,-0.315],[127.615,-0.411],[127.650,-0.415],[127.692,-0.455],[127.595,-0.598],[127.604,-0.627],[127.641,-0.626],[127.655,-0.646],[127.656,-0.693],[127.684,-0.711],[127.797,-0.678],[127.873,-0.718],[127.872,-0.75],[127.901,-0.769],[127.880,-0.782],[127.899,-0.793],[127.827,-0.853],[127.732,-0.871],[127.752,-0.862],[127.681,-0.837],[127.658,-0.811],[127.651,-0.748],[127.629,-0.740],[127.474,-0.823],[127.463,-0.814],[127.442,-0.738],[127.480,-0.629],[127.421,-0.607],[127.407,-0.619],[127.390,-0.587],[127.36,-0.578],[127.346,-0.540],[127.308,-0.512],[127.291,-0.457],[127.338,-0.384],[127.320,-0.329],[127.337,-0.338],[127.372,-0.316],[127.450,-0.418],[127.478,-0.389],[127.485,-0.339],[127.525,-0.301]]],[[[127.558,-1.179],[127.599,-1.210],[127.696,-1.228],[127.689,-1.282],[127.67,-1.291],[127.556,-1.248],[127.494,-1.271],[127.467,-1.255],[127.510,-1.178],[127.558,-1.179]]],[[[127.632,-1.820],[127.636,-1.845],[127.572,-1.860],[127.574,-1.838],[127.632,-1.820]]],[[[127.429,0.135],[127.459,0.131],[127.440,0.103],[127.449,0.070],[127.465,0.074],[127.467,-0.040],[127.429,0.024],[127.404,0.019],[127.429,0.135]]],[[[127.418,-1.139],[127.444,-1.187],[127.427,-1.221],[127.395,-1.146],[127.418,-1.139]]],[[[127.417,0.374],[127.44,0.315],[127.420,0.283],[127.385,0.277],[127.344,0.330],[127.417,0.374]]],[[[127.334,-0.608],[127.385,-0.611],[127.414,-0.656],[127.349,-0.658],[127.334,-0.608]]],[[[127.343,-1.364],[127.352,-1.378],[127.381,-1.369],[127.372,-1.385],[127.399,-1.405],[127.325,-1.453],[127.281,-1.415],[127.320,-1.392],[127.322,-1.365],[127.341,-1.386],[127.343,-1.364]]],[[[127.244,-0.603],[127.271,-0.621],[127.246,-0.628],[127.252,-0.648],[127.302,-0.680],[127.294,-0.730],[127.334,-0.786],[127.309,-0.796],[127.242,-0.765],[127.200,-0.778],[127.164,-0.747],[127.178,-0.698],[127.212,-0.672],[127.216,-0.638],[127.194,-0.613],[127.244,-0.603]]],[[[127.24,-0.245],[127.266,-0.279],[127.305,-0.270],[127.289,-0.292],[127.256,-0.291],[127.252,-0.312],[127.288,-0.373],[127.286,-0.399],[127.262,-0.411],[127.277,-0.456],[127.256,-0.473],[127.265,-0.489],[127.225,-0.495],[127.228,-0.511],[127.149,-0.526],[127.115,-0.482],[127.155,-0.471],[127.103,-0.415],[127.120,-0.413],[127.135,-0.359],[127.140,-0.312],[127.118,-0.285],[127.147,-0.258],[127.24,-0.245]]],[[[127.269,-0.071],[127.261,-0.125],[127.227,-0.139],[127.201,-0.121],[127.231,-0.107],[127.240,-0.078],[127.269,-0.071]]],[[[127.135,-0.177],[127.152,-0.184],[127.127,-0.205],[127.126,-0.235],[127.093,-0.254],[127.090,-0.215],[127.135,-0.177]]],[[[127.061,-0.228],[127.091,-0.257],[127.036,-0.287],[127.020,-0.261],[127.043,-0.274],[127.061,-0.228]]]]}},{"type":"Feature","id":"82.03","properties":{"kode":"82.03"},"geometry":{"type":"MultiPolygon","coordinates":[[[[127.688,0.878],[127.681,0.854],[127.646,0.868],[127.649,0.900],[127.634,0.914],[127.617,0.948],[127.604,0.951],[127.649,1.025],[127.606,1.043],[127.603,1.107],[127.625,1.117],[127.619,1.140],[127.643,1.171],[127.624,1.238],[127.647,1.252],[127.640,1.328],[127.675,1.375],[127.657,1.411],[127.682,1.443],[127.670,1.462],[127.711,1.488],[127.729,1.538],[127.731,1.624],[127.703,1.705],[127.716,1.79],[127.734,1.797],[127.747,1.867],[127.790,1.911],[127.767,1.959],[127.748,1.946],[127.744,1.967],[127.837,2.090],[127.959,2.196],[127.955,2.221],[127.980,2.180],[128.063,2.199],[128.030,2.122],[127.953,2.038],[127.952,1.991],[127.851,1.925],[127.841,1.849],[127.862,1.805],[127.928,1.809],[127.992,1.761],[128.021,1.704],[127.994,1.668],[127.987,1.614],[128.037,1.581],[128.009,1.424],[128.023,1.404],[127.994,1.392],[127.987,1.364],[128.009,1.312],[127.976,1.306],[127.972,1.276],[127.918,1.227],[127.903,1.150],[127.825,1.147],[127.758,1.069],[127.650,1.022],[127.625,0.970],[127.631,0.921],[127.649,0.917],[127.664,0.881],[127.652,0.876],[127.67,0.865],[127.669,0.880],[127.688,0.878]]],[[[127.777,2.293],[127.777,2.276],[127.824,2.269],[127.822,2.240],[127.793,2.217],[127.772,2.219],[127.756,2.263],[127.777,2.293]]]]}},{"type":"Feature","id":"82.06","properties":{"kode":"82.06"},"geometry":{"type":"Polygon","coordinates":[[[128.688,0.525],[128.635,0.484],[128.621,0.443],[128.561,0.416],[128.510,0.443],[128.483,0.489],[128.358,0.510],[128.316,0.554],[128.271,0.549],[128.260,0.575],[128.214,0.599],[128.117,0.591],[127.996,0.656],[127.951,0.630],[127.829,0.622],[127.816,0.643],[127.792,0.643],[127.767,0.730],[127.716,0.778],[127.691,0.865],[127.7,0.876],[127.753,0.808],[127.800,0.797],[127.883,0.829],[127.888,0.851],[127.930,0.876],[127.933,1.002],[127.981,1.086],[128.032,1.115],[128.165,1.124],[128.195,1.164],[128.199,1.205],[128.179,1.242],[128.145,1.253],[128.098,1.239],[128.086,1.261],[128.175,1.375],[128.346,1.460],[128.367,1.498],[128.465,1.549],[128.514,1.532],[128.555,1.567],[128.670,1.589],[128.722,1.572],[128.728,1.533],[128.697,1.536],[128.685,1.462],[128.722,1.407],[128.758,1.394],[128.690,1.196],[128.7,1.068],[128.618,1.046],[128.533,0.971],[128.506,0.973],[128.440,0.929],[128.334,0.912],[128.279,0.866],[128.312,0.816],[128.248,0.840],[128.198,0.789],[128.319,0.655],[128.434,0.632],[128.572,0.562],[128.678,0.550],[128.688,0.525]]]}},{"type":"Feature","id":"82.07","properties":{"kode":"82.07"},"geometry":{"type":"MultiPolygon","coordinates":[[[[128.566,2.645],[128.637,2.530],[128.687,2.502],[128.693,2.422],[128.650,2.369],[128.654,2.310],[128.577,2.111],[128.509,2.060],[128.300,2.036],[128.291,2.008],[128.262,1.983],[128.293,2.054],[128.246,2.125],[128.248,2.242],[128.197,2.280],[128.284,2.372],[128.298,2.442],[128.407,2.525],[128.461,2.595],[128.521,2.575],[128.566,2.645]]],[[[128.166,2.412],[128.188,2.306],[128.16,2.288],[128.125,2.333],[128.154,2.406],[128.166,2.412]]]]}},{"type":"Feature","id":"82.08","properties":{"kode":"82.08"},"geometry":{"type":"MultiPolygon","coordinates":[[[[124.526,-1.635],[124.523,-1.663],[124.557,-1.638],[124.628,-1.639],[124.777,-1.665],[124.810,-1.686],[124.802,-1.675],[124.869,-1.681],[124.898,-1.709],[124.956,-1.696],[125.016,-1.721],[125.016,-1.755],[125.046,-1.771],[125.060,-1.744],[125.068,-1.772],[125.102,-1.761],[125.107,-1.691],[125.128,-1.683],[125.142,-1.709],[125.174,-1.699],[125.203,-1.724],[125.180,-1.778],[125.208,-1.793],[125.229,-1.762],[125.221,-1.737],[125.293,-1.732],[125.295,-1.767],[125.269,-1.789],[125.321,-1.784],[125.326,-1.884],[125.149,-1.874],[125.102,-1.898],[125.043,-1.886],[125.014,-1.899],[125.008,-1.942],[124.888,-1.924],[124.862,-1.891],[124.770,-1.917],[124.681,-1.975],[124.405,-2.031],[124.382,-1.949],[124.337,-1.890],[124.347,-1.788],[124.372,-1.741],[124.362,-1.702],[124.401,-1.660],[124.490,-1.658],[124.526,-1.635]]],[[[124.311,-1.976],[124.370,-1.977],[124.363,-2.043],[124.315,-1.997],[124.305,-2.007],[124.311,-1.976]]]]}},{"type":"Feature","id":"82.71","properties":{"kode":"82.71"},"geometry":{"type":"MultiPolygon","coordinates":[[[[127.407,0.480],[127.439,0.451],[127.419,0.432],[127.383,0.448],[127.407,0.480]]],[[[127.326,0.867],[127.388,0.828],[127.391,0.790],[127.370,0.759],[127.314,0.757],[127.294,0.791],[127.302,0.841],[127.326,0.867]]],[[[126.382,1.351],[126.416,1.332],[126.392,1.283],[126.356,1.322],[126.382,1.351]]]]}},{"type":"Feature","id":"82.72","properties":{"kode":"82.72"},"geometry":{"type":"MultiPolygon","coordinates":[[[[127.681,0.758],[127.757,0.751],[127.791,0.631],[127.831,0.572],[127.806,0.490],[127.777,0.483],[127.768,0.454],[127.806,0.373],[127.798,0.317],[127.819,0.272],[127.797,0.25],[127.823,0.209],[127.787,0.154],[127.796,-0.024],[127.697,0.007],[127.722,0.072],[127.713,0.103],[127.689,0.103],[127.734,0.302],[127.721,0.341],[127.623,0.359],[127.622,0.396],[127.579,0.414],[127.562,0.515],[127.527,0.552],[127.558,0.741],[127.602,0.760],[127.618,0.789],[127.681,0.758]]],[[[127.384,0.746],[127.446,0.746],[127.460,0.716],[127.447,0.654],[127.401,0.622],[127.366,0.647],[127.362,0.678],[127.384,0.746]]]]}},{"type":"Feature","id":"92.03","properties":{"kode":"92.03"},"geometry":{"type":"MultiPolygon","coordinates":[[[[133.483,-3.037],[133.497,-3.110],[132.873,-3.964],[132.837,-3.965],[132.806,-3.940],[132.811,-3.921],[132.843,-3.950],[132.728,-3.637],[132.751,-3.626],[132.890,-3.644],[132.904,-3.574],[132.939,-3.553],[132.907,-3.546],[132.886,-3.464],[132.852,-3.477],[132.817,-3.444],[132.800,-3.357],[132.838,-3.301],[132.807,-3.292],[132.808,-3.260],[132.727,-3.281],[132.728,-3.336],[132.679,-3.324],[132.597,-3.231],[132.639,-3.218],[132.645,-3.193],[132.581,-3.161],[132.562,-3.109],[132.481,-3.035],[132.350,-2.965],[132.349,-2.939],[132.204,-2.909],[132.200,-2.929],[132.186,-2.917],[132.144,-2.942],[132.106,-2.933],[132.118,-2.946],[132.087,-2.959],[132.058,-2.890],[132.044,-2.923],[132.008,-2.888],[131.978,-2.914],[131.976,-2.879],[132.033,-2.870],[132.029,-2.835],[131.982,-2.827],[132.061,-2.788],[132.041,-2.77],[131.971,-2.778],[131.952,-2.765],[132.056,-2.730],[132.067,-2.747],[132.074,-2.725],[132.095,-2.744],[132.109,-2.731],[132.086,-2.719],[132.103,-2.708],[132.120,-2.725],[132.129,-2.709],[132.142,-2.721],[132.202,-2.704],[132.113,-2.692],[132.143,-2.664],[132.232,-2.654],[132.397,-2.686],[132.433,-2.678],[132.417,-2.694],[132.454,-2.711],[132.420,-2.723],[132.431,-2.735],[132.496,-2.711],[132.466,-2.693],[132.486,-2.680],[132.591,-2.694],[132.729,-2.803],[132.806,-2.769],[132.985,-2.578],[133.016,-2.594],[133.023,-2.623],[133.062,-2.630],[133.084,-2.672],[133.048,-2.691],[133.055,-2.716],[133.211,-2.799],[133.198,-2.831],[133.221,-2.852],[133.166,-2.930],[133.279,-2.991],[133.344,-2.993],[133.374,-2.974],[133.416,-3.024],[133.483,-3.037]]],[[[132.649,-3.4],[132.711,-3.461],[132.718,-3.505],[132.698,-3.511],[132.675,-3.446],[132.635,-3.427],[132.630,-3.405],[132.649,-3.4]]],[[[132.442,-3.098],[132.504,-3.114],[132.543,-3.148],[132.471,-3.129],[132.442,-3.098]]],[[[132.467,-2.624],[132.507,-2.637],[132.509,-2.649],[132.460,-2.667],[132.452,-2.644],[132.467,-2.624]]]]}},{"type":"Feature","id":"92.08","properties":{"kode":"92.08"},"geometry":{"type":"MultiPolygon","coordinates":[[[[134.189,-3.011],[134.198,-3.181],[134.223,-3.242],[134.209,-3.257],[134.260,-3.325],[134.253,-3.363],[134.344,-3.470],[134.393,-3.461],[134.501,-3.499],[134.599,-3.475],[134.589,-3.418],[134.594,-3.400],[134.621,-3.398],[134.619,-3.360],[134.586,-3.307],[134.624,-3.318],[134.680,-3.295],[134.714,-3.301],[134.727,-3.360],[134.760,-3.387],[134.809,-3.369],[134.855,-3.388],[134.869,-3.423],[134.918,-3.440],[134.923,-3.473],[135.005,-3.550],[134.988,-3.581],[135.014,-3.598],[135.046,-3.610],[135.072,-3.584],[135.118,-3.579],[135.141,-3.609],[135.174,-3.573],[135.201,-3.586],[135.128,-3.688],[135.051,-3.688],[135.018,-3.718],[135.044,-3.795],[135.021,-3.855],[135.033,-3.880],[135.06,-3.870],[135.098,-3.952],[135.035,-3.991],[135.053,-4.049],[134.957,-4.156],[134.935,-4.226],[134.885,-4.252],[134.814,-4.251],[134.721,-4.194],[134.726,-4.178],[134.714,-4.131],[134.702,-4.121],[134.698,-4.118],[134.662,-4.123],[134.656,-4.130],[134.700,-4.120],[134.711,-4.136],[134.693,-4.140],[134.652,-4.132],[134.629,-4.117],[134.653,-4.054],[134.646,-4.097],[134.722,-4.057],[134.668,-4.033],[134.661,-3.983],[134.686,-3.969],[134.769,-3.934],[134.833,-3.950],[134.868,-3.996],[134.868,-3.977],[134.946,-3.982],[134.962,-3.948],[134.916,-3.964],[134.908,-3.951],[134.927,-3.934],[134.886,-3.933],[134.876,-3.950],[134.771,-3.916],[134.738,-3.939],[134.677,-3.919],[134.625,-3.952],[134.603,-3.999],[134.569,-3.998],[134.547,-4.032],[134.506,-4.043],[134.448,-3.983],[134.475,-3.972],[134.438,-3.919],[134.393,-3.917],[134.333,-3.879],[134.327,-3.894],[134.359,-3.916],[134.345,-3.912],[134.347,-3.964],[134.269,-3.937],[134.333,-4.020],[134.302,-4.049],[134.238,-3.966],[134.240,-3.982],[134.216,-3.973],[134.164,-3.927],[134.169,-3.895],[134.109,-3.903],[134.191,-3.833],[134.138,-3.745],[134.127,-3.762],[134.104,-3.752],[134.117,-3.791],[134.069,-3.820],[134.041,-3.782],[133.983,-3.824],[133.960,-3.861],[133.944,-3.845],[133.913,-3.784],[133.919,-3.753],[133.940,-3.768],[133.898,-3.688],[133.839,-3.631],[133.832,-3.555],[133.788,-3.586],[133.784,-3.616],[133.816,-3.726],[133.750,-3.645],[133.690,-3.671],[133.707,-3.603],[133.621,-3.477],[133.635,-3.447],[133.699,-3.414],[133.668,-3.317],[133.668,-3.226],[133.701,-3.208],[133.698,-3.170],[133.772,-3.174],[133.771,-3.114],[133.797,-3.119],[133.827,-3.089],[133.832,-3.020],[133.845,-3.021],[133.860,-3.054],[133.884,-3.076],[133.897,-3.078],[133.897,-3.116],[133.910,-3.113],[133.903,-3.073],[133.858,-3.025],[133.853,-2.940],[133.814,-2.906],[133.825,-2.944],[133.789,-3.025],[133.731,-3.029],[133.667,-3.118],[133.649,-3.120],[133.672,-3.209],[133.647,-3.234],[133.664,-3.297],[133.649,-3.395],[133.632,-3.416],[133.540,-3.429],[133.519,-3.380],[133.495,-3.375],[133.517,-3.431],[133.477,-3.450],[133.55,-3.454],[133.597,-3.529],[133.583,-3.568],[133.401,-3.698],[133.395,-3.75],[133.414,-3.799],[133.450,-3.820],[133.456,-3.859],[133.399,-3.886],[133.313,-4.015],[133.269,-4.034],[133.244,-4.073],[133.077,-4.053],[133.026,-4.077],[133.015,-4.117],[132.917,-4.083],[132.914,-4.044],[132.841,-3.990],[132.837,-3.965],[132.873,-3.964],[133.497,-3.110],[133.500,-3.073],[133.570,-3.063],[133.604,-2.972],[133.646,-2.966],[133.659,-2.936],[133.711,-2.915],[133.731,-2.884],[133.734,-2.812],[133.860,-2.788],[133.867,-2.809],[133.929,-2.817],[133.961,-2.865],[133.988,-2.850],[133.974,-2.805],[134.009,-2.790],[134.033,-2.814],[134.023,-2.827],[134.063,-2.927],[134.116,-2.952],[134.140,-3.016],[134.189,-3.011]]],[[[134.376,-3.981],[134.391,-3.993],[134.444,-4.019],[134.362,-4.033],[134.384,-4.018],[134.376,-3.981]]],[[[134.095,-3.914],[134.180,-4.009],[134.205,-4.015],[134.204,-4.030],[134.084,-3.983],[134.052,-3.921],[134.095,-3.914]]],[[[134.025,-3.811],[134.042,-3.836],[133.998,-3.852],[133.995,-3.820],[134.025,-3.811]]],[[[133.873,-3.716],[133.898,-3.744],[133.923,-3.874],[133.882,-3.790],[133.873,-3.716]]],[[[133.318,-4.097],[133.453,-4.184],[133.554,-4.217],[133.639,-4.308],[133.547,-4.233],[133.459,-4.251],[133.42,-4.206],[133.345,-4.175],[133.322,-4.142],[133.318,-4.097]]]]}},{"type":"Feature","id":"92.07","properties":{"kode":"92.07"},"geometry":{"type":"MultiPolygon","coordinates":[[[[134.661,-2.756],[134.586,-2.795],[134.630,-3.044],[134.617,-3.083],[134.630,-3.115],[134.608,-3.127],[134.667,-3.172],[134.693,-3.290],[134.714,-3.305],[134.680,-3.295],[134.624,-3.318],[134.586,-3.307],[134.619,-3.360],[134.621,-3.398],[134.594,-3.400],[134.589,-3.418],[134.599,-3.475],[134.501,-3.499],[134.393,-3.461],[134.344,-3.470],[134.253,-3.363],[134.260,-3.325],[134.209,-3.257],[134.223,-3.242],[134.198,-3.181],[134.203,-3.077],[134.232,-3.120],[134.262,-3.128],[134.288,-3.111],[134.283,-3.065],[134.314,-3.049],[134.358,-2.950],[134.324,-2.908],[134.314,-2.769],[134.274,-2.745],[134.258,-2.708],[134.266,-2.681],[134.247,-2.647],[134.263,-2.613],[134.191,-2.571],[134.165,-2.507],[134.123,-2.483],[134.103,-2.416],[134.054,-1.889],[134.008,-1.838],[134.078,-1.802],[134.101,-1.766],[134.102,-1.861],[134.123,-1.870],[134.142,-1.993],[134.103,-2.072],[134.117,-2.160],[134.135,-2.153],[134.144,-2.169],[134.132,-2.214],[134.154,-2.291],[134.215,-2.421],[134.240,-2.439],[134.260,-2.430],[134.264,-2.460],[134.339,-2.552],[134.319,-2.587],[134.335,-2.586],[134.375,-2.646],[134.366,-2.667],[134.406,-2.724],[134.405,-2.767],[134.448,-2.808],[134.443,-2.846],[134.487,-2.861],[134.520,-2.817],[134.497,-2.660],[134.474,-2.641],[134.460,-2.581],[134.497,-2.497],[134.569,-2.485],[134.518,-2.474],[134.551,-2.471],[134.532,-2.449],[134.598,-2.487],[134.631,-2.476],[134.661,-2.612],[134.661,-2.756]]],[[[134.565,-2.282],[134.590,-2.395],[134.562,-2.401],[134.578,-2.420],[134.564,-2.441],[134.531,-2.427],[134.561,-2.416],[134.514,-2.402],[134.503,-2.359],[134.562,-2.368],[134.565,-2.282]]],[[[134.362,-2.002],[134.407,-2.003],[134.405,-2.075],[134.385,-2.081],[134.392,-2.101],[134.348,-2.166],[134.315,-2.078],[134.362,-2.002]]],[[[134.223,-1.734],[134.238,-1.758],[134.220,-1.792],[134.196,-1.795],[134.215,-1.829],[134.166,-1.950],[134.154,-1.909],[134.135,-1.909],[134.147,-1.829],[134.223,-1.734]]]]}},{"type":"Feature","id":"92.06","properties":{"kode":"92.06"},"geometry":{"type":"MultiPolygon","coordinates":[[[[133.238,-1.252],[133.419,-1.332],[133.473,-1.337],[133.463,-1.471],[133.508,-1.507],[133.655,-1.493],[133.684,-1.390],[133.701,-1.446],[133.671,-1.510],[133.722,-1.589],[133.716,-1.608],[133.656,-1.627],[133.755,-1.622],[133.778,-1.634],[133.775,-1.667],[133.801,-1.658],[133.854,-1.684],[133.889,-1.713],[133.917,-1.797],[133.882,-1.844],[133.987,-1.832],[134.032,-1.854],[134.054,-1.889],[134.103,-2.416],[134.123,-2.483],[134.165,-2.507],[134.191,-2.571],[134.263,-2.613],[134.247,-2.647],[134.266,-2.681],[134.258,-2.708],[134.274,-2.745],[134.314,-2.769],[134.324,-2.908],[134.358,-2.950],[134.314,-3.049],[134.283,-3.065],[134.288,-3.111],[134.262,-3.128],[134.229,-3.118],[134.189,-3.011],[134.140,-3.016],[134.116,-2.952],[134.063,-2.927],[134.023,-2.827],[134.033,-2.814],[134.001,-2.787],[133.969,-2.812],[133.988,-2.850],[133.961,-2.865],[133.929,-2.817],[133.867,-2.809],[133.860,-2.788],[133.734,-2.812],[133.731,-2.884],[133.711,-2.915],[133.659,-2.936],[133.646,-2.966],[133.604,-2.972],[133.570,-3.063],[133.497,-3.081],[133.483,-3.037],[133.416,-3.024],[133.374,-2.974],[133.344,-2.993],[133.279,-2.991],[133.166,-2.930],[133.221,-2.852],[133.198,-2.831],[133.211,-2.799],[133.055,-2.716],[133.048,-2.691],[133.084,-2.672],[133.062,-2.630],[133.023,-2.623],[133.016,-2.594],[132.984,-2.577],[133.081,-2.464],[133.216,-2.411],[133.302,-2.443],[133.300,-2.516],[133.326,-2.468],[133.374,-2.507],[133.373,-2.622],[133.400,-2.691],[133.411,-2.695],[133.420,-2.686],[133.420,-2.673],[133.429,-2.677],[133.438,-2.675],[133.436,-2.646],[133.451,-2.644],[133.463,-2.632],[133.475,-2.641],[133.496,-2.645],[133.528,-2.642],[133.534,-2.610],[133.564,-2.608],[133.570,-2.590],[133.562,-2.575],[133.634,-2.532],[133.671,-2.561],[133.662,-2.658],[133.69,-2.616],[133.732,-2.624],[133.750,-2.621],[133.740,-2.662],[133.748,-2.672],[133.758,-2.674],[133.788,-2.658],[133.804,-2.646],[133.810,-2.577],[133.806,-2.536],[133.783,-2.489],[133.818,-2.460],[133.820,-2.445],[133.852,-2.472],[133.866,-2.469],[133.871,-2.455],[133.906,-2.482],[133.957,-2.467],[133.976,-2.478],[133.985,-2.452],[133.984,-2.444],[133.946,-2.422],[133.948,-2.395],[133.968,-2.386],[133.983,-2.391],[133.988,-2.389],[133.986,-2.366],[133.949,-2.324],[133.991,-2.299],[134.000,-2.248],[133.999,-2.241],[133.986,-2.225],[133.983,-2.225],[133.977,-2.239],[133.954,-2.228],[133.941,-2.231],[133.940,-2.137],[133.969,-2.108],[133.947,-2.059],[133.943,-2.081],[133.906,-2.103],[133.840,-2.096],[133.821,-2.134],[133.752,-2.168],[133.719,-2.162],[133.693,-2.197],[133.666,-2.196],[133.619,-2.231],[133.565,-2.211],[133.519,-2.235],[133.423,-2.229],[133.403,-2.207],[133.322,-2.218],[133.272,-2.194],[133.224,-2.214],[133.179,-2.194],[133.115,-2.228],[133.025,-2.241],[132.960,-2.291],[132.945,-2.262],[132.900,-2.281],[132.838,-2.242],[132.768,-2.255],[132.710,-2.298],[132.641,-2.286],[132.625,-2.267],[132.598,-2.194],[132.637,-2.148],[132.638,-2.090],[132.665,-2.108],[132.695,-2.083],[132.681,-2.042],[132.653,-2.032],[132.667,-2.016],[132.643,-2.021],[132.634,-1.985],[132.614,-1.987],[132.656,-1.962],[132.646,-1.922],[132.617,-1.909],[132.636,-1.906],[132.622,-1.876],[132.733,-1.877],[132.772,-1.726],[132.787,-1.573],[132.824,-1.563],[132.856,-1.503],[132.854,-1.449],[132.903,-1.398],[132.904,-1.293],[132.935,-1.294],[132.959,-1.335],[133.007,-1.357],[133.044,-1.313],[133.066,-1.320],[133.154,-1.251],[133.238,-1.252]]],[[[133.987,-2.228],[133.989,-2.299],[133.945,-2.323],[133.895,-2.327],[133.854,-2.342],[133.823,-2.332],[133.862,-2.306],[133.926,-2.305],[133.956,-2.233],[133.980,-2.242],[133.987,-2.228]]],[[[133.934,-2.327],[133.986,-2.367],[133.984,-2.390],[133.968,-2.386],[133.948,-2.394],[133.824,-2.375],[133.934,-2.327]]],[[[133.838,-2.395],[133.938,-2.394],[133.946,-2.431],[133.983,-2.447],[133.973,-2.475],[133.954,-2.464],[133.899,-2.476],[133.838,-2.395]]],[[[133.871,-2.162],[133.938,-2.137],[133.930,-2.161],[133.885,-2.174],[133.871,-2.162]]],[[[133.905,-2.193],[133.933,-2.192],[133.932,-2.256],[133.897,-2.226],[133.903,-2.213],[133.905,-2.193]]],[[[133.896,-2.227],[133.930,-2.256],[133.928,-2.267],[133.894,-2.262],[133.896,-2.227]]],[[[133.902,-2.268],[133.924,-2.275],[133.921,-2.300],[133.866,-2.290],[133.902,-2.268]]],[[[133.894,-2.186],[133.889,-2.265],[133.849,-2.283],[133.847,-2.242],[133.867,-2.228],[133.867,-2.211],[133.861,-2.204],[133.894,-2.186]]],[[[133.847,-2.099],[133.873,-2.112],[133.869,-2.139],[133.836,-2.130],[133.847,-2.099]]],[[[133.828,-2.408],[133.869,-2.455],[133.863,-2.470],[133.823,-2.443],[133.816,-2.448],[133.807,-2.466],[133.763,-2.480],[133.729,-2.440],[133.738,-2.424],[133.828,-2.408]]],[[[133.844,-2.201],[133.865,-2.228],[133.844,-2.244],[133.842,-2.286],[133.817,-2.291],[133.799,-2.282],[133.806,-2.265],[133.809,-2.248],[133.807,-2.241],[133.809,-2.238],[133.817,-2.243],[133.835,-2.241],[133.842,-2.231],[133.830,-2.215],[133.844,-2.201]]],[[[133.834,-2.146],[133.854,-2.150],[133.835,-2.160],[133.841,-2.188],[133.775,-2.195],[133.834,-2.146]]],[[[133.770,-2.232],[133.841,-2.232],[133.834,-2.240],[133.817,-2.243],[133.809,-2.236],[133.805,-2.239],[133.793,-2.278],[133.772,-2.270],[133.770,-2.232]]],[[[133.764,-2.512],[133.802,-2.546],[133.797,-2.632],[133.760,-2.549],[133.764,-2.512]]],[[[133.704,-2.549],[133.742,-2.562],[133.753,-2.557],[133.777,-2.586],[133.795,-2.647],[133.758,-2.672],[133.743,-2.664],[133.752,-2.620],[133.692,-2.607],[133.693,-2.538],[133.704,-2.549]]],[[[133.721,-2.175],[133.765,-2.176],[133.688,-2.239],[133.674,-2.221],[133.721,-2.175]]],[[[133.753,-2.214],[133.749,-2.246],[133.676,-2.264],[133.676,-2.255],[133.753,-2.214]]],[[[133.691,-2.506],[133.734,-2.505],[133.745,-2.560],[133.704,-2.546],[133.691,-2.506]]],[[[133.499,-2.417],[133.601,-2.459],[133.615,-2.501],[133.586,-2.522],[133.520,-2.483],[133.484,-2.429],[133.499,-2.417]]],[[[133.537,-2.547],[133.568,-2.554],[133.557,-2.579],[133.566,-2.589],[133.543,-2.605],[133.519,-2.58],[133.537,-2.547]]],[[[133.479,-2.508],[133.514,-2.588],[133.497,-2.604],[133.513,-2.629],[133.494,-2.643],[133.463,-2.621],[133.462,-2.514],[133.479,-2.508]]],[[[133.405,-2.546],[133.426,-2.543],[133.442,-2.554],[133.451,-2.556],[133.457,-2.622],[133.434,-2.643],[133.434,-2.675],[133.428,-2.676],[133.424,-2.674],[133.420,-2.672],[133.419,-2.673],[133.410,-2.693],[133.407,-2.64],[133.419,-2.641],[133.431,-2.629],[133.434,-2.622],[133.435,-2.600],[133.417,-2.558],[133.405,-2.546]]],[[[133.444,-2.502],[133.450,-2.555],[133.425,-2.541],[133.412,-2.541],[133.403,-2.544],[133.422,-2.504],[133.444,-2.502]]],[[[133.400,-2.549],[133.433,-2.602],[133.417,-2.640],[133.401,-2.62],[133.400,-2.549]]],[[[133.338,-2.428],[133.360,-2.448],[133.369,-2.495],[133.314,-2.440],[133.338,-2.428]]]]}},{"type":"Feature","id":"92.02","properties":{"kode":"92.02"},"geometry":{"type":"Polygon","coordinates":[[[134.185,-1.197],[134.148,-1.225],[134.093,-1.211],[134.039,-1.242],[133.962,-1.183],[133.943,-1.190],[133.887,-1.100],[133.903,-1.086],[133.897,-1.002],[133.868,-1.031],[133.854,-1.084],[133.837,-1.061],[133.789,-1.073],[133.778,-1.130],[133.746,-1.112],[133.710,-1.121],[133.697,-1.069],[133.645,-1.038],[133.591,-1.074],[133.528,-1.061],[133.532,-1.036],[133.501,-1.041],[133.488,-1.023],[133.488,-0.960],[133.455,-0.963],[133.469,-0.901],[133.426,-0.800],[133.472,-0.799],[133.485,-0.740],[133.544,-0.747],[133.570,-0.721],[133.718,-0.752],[133.738,-0.738],[133.732,-0.720],[133.796,-0.726],[133.817,-0.748],[133.871,-0.715],[133.929,-0.732],[133.945,-0.713],[133.971,-0.719],[134.008,-0.777],[134.136,-0.863],[134.120,-0.880],[134.050,-0.869],[134.043,-0.928],[134.009,-0.955],[134.070,-1.031],[134.071,-1.071],[134.105,-1.133],[134.185,-1.197]]]}},{"type":"Feature","id":"92.11","properties":{"kode":"92.11"},"geometry":{"type":"Polygon","coordinates":[[[134.101,-1.766],[134.040,-1.831],[133.882,-1.844],[133.887,-1.820],[133.917,-1.807],[133.889,-1.713],[133.801,-1.658],[133.775,-1.667],[133.778,-1.634],[133.755,-1.622],[133.651,-1.619],[133.716,-1.608],[133.699,-1.521],[133.732,-1.509],[133.774,-1.528],[133.786,-1.514],[133.843,-1.558],[133.849,-1.506],[133.939,-1.537],[133.933,-1.518],[133.973,-1.472],[134.011,-1.463],[134.009,-1.431],[134.075,-1.442],[134.079,-1.419],[134.037,-1.411],[134.079,-1.416],[134.043,-1.361],[134.082,-1.335],[134.081,-1.282],[134.036,-1.256],[134.093,-1.211],[134.136,-1.228],[134.185,-1.197],[134.277,-1.348],[134.238,-1.362],[134.213,-1.407],[134.201,-1.549],[134.117,-1.639],[134.069,-1.654],[134.101,-1.766]]]}},{"type":"Feature","id":"92.12","properties":{"kode":"92.12"},"geometry":{"type":"Polygon","coordinates":[[[134.044,-1.240],[134.054,-1.278],[134.081,-1.282],[134.085,-1.330],[134.043,-1.361],[134.079,-1.416],[134.049,-1.404],[134.037,-1.411],[134.079,-1.419],[134.075,-1.442],[134.009,-1.431],[134.011,-1.463],[133.973,-1.472],[133.933,-1.518],[133.939,-1.537],[133.849,-1.506],[133.843,-1.558],[133.786,-1.514],[133.774,-1.528],[133.732,-1.509],[133.683,-1.529],[133.671,-1.510],[133.701,-1.446],[133.684,-1.390],[133.655,-1.493],[133.574,-1.512],[133.556,-1.497],[133.488,-1.499],[133.460,-1.455],[133.473,-1.337],[133.419,-1.332],[133.238,-1.252],[133.233,-1.195],[133.252,-1.183],[133.363,-1.223],[133.432,-1.178],[133.442,-0.999],[133.477,-0.952],[133.488,-1.023],[133.501,-1.041],[133.532,-1.036],[133.528,-1.061],[133.591,-1.074],[133.645,-1.038],[133.697,-1.069],[133.710,-1.121],[133.746,-1.112],[133.772,-1.131],[133.789,-1.073],[133.837,-1.061],[133.854,-1.084],[133.868,-1.031],[133.897,-1.002],[133.903,-1.086],[133.887,-1.100],[133.909,-1.149],[133.943,-1.190],[133.962,-1.183],[134.017,-1.238],[134.044,-1.240]]]}},{"type":"Feature","id":"92.05","properties":{"kode":"92.05"},"geometry":{"type":"MultiPolygon","coordinates":[[[[130.813,-0.006],[130.954,-0.033],[130.977,-0.058],[130.979,-0.036],[131.007,-0.043],[131.045,-0.020],[131.046,-0.062],[131.132,-0.070],[131.194,-0.13],[131.258,-0.135],[131.3,-0.161],[131.316,-0.198],[131.296,-0.243],[131.340,-0.292],[131.305,-0.303],[131.277,-0.345],[131.245,-0.340],[131.247,-0.379],[131.202,-0.363],[131.193,-0.342],[131.102,-0.322],[131.103,-0.308],[131.055,-0.342],[130.959,-0.350],[130.919,-0.300],[130.899,-0.301],[130.898,-0.270],[130.868,-0.235],[130.800,-0.242],[130.790,-0.169],[130.721,-0.136],[130.713,-0.101],[130.680,-0.098],[130.698,-0.077],[130.637,-0.093],[130.622,-0.079],[130.619,-0.104],[130.659,-0.118],[130.621,-0.121],[130.620,-0.145],[130.675,-0.172],[130.738,-0.275],[130.730,-0.294],[130.783,-0.291],[130.812,-0.312],[130.830,-0.288],[130.853,-0.31],[130.916,-0.305],[130.944,-0.355],[130.877,-0.420],[130.750,-0.443],[130.719,-0.430],[130.676,-0.341],[130.705,-0.323],[130.694,-0.300],[130.614,-0.302],[130.581,-0.317],[130.561,-0.368],[130.590,-0.361],[130.59,-0.377],[130.552,-0.430],[130.546,-0.306],[130.517,-0.295],[130.526,-0.246],[130.463,-0.261],[130.448,-0.289],[130.429,-0.260],[130.376,-0.260],[130.385,-0.278],[130.343,-0.255],[130.318,-0.273],[130.319,-0.251],[130.286,-0.226],[130.218,-0.208],[130.329,-0.218],[130.367,-0.203],[130.387,-0.230],[130.376,-0.238],[130.451,-0.198],[130.423,-0.175],[130.377,-0.184],[130.424,-0.165],[130.420,-0.129],[130.401,-0.136],[130.418,-0.160],[130.402,-0.168],[130.376,-0.163],[130.372,-0.137],[130.366,-0.152],[130.336,-0.140],[130.354,-0.191],[130.301,-0.172],[130.306,-0.148],[130.283,-0.143],[130.281,-0.112],[130.306,-0.097],[130.345,-0.109],[130.347,-0.079],[130.363,-0.134],[130.382,-0.119],[130.371,-0.075],[130.397,-0.074],[130.397,-0.110],[130.412,-0.114],[130.434,-0.105],[130.436,-0.075],[130.454,-0.096],[130.524,-0.068],[130.508,-0.050],[130.544,-0.076],[130.579,-0.074],[130.569,-0.039],[130.634,-0.063],[130.722,-0.028],[130.707,-0.062],[130.771,-0.053],[130.777,-0.036],[130.740,-0.025],[130.813,-0.006]]],[[[131.142,-0.995],[131.150,-1.019],[131.108,-1.056],[131.110,-1.081],[131.078,-1.079],[131.097,-1.003],[131.142,-0.995]]],[[[131.034,-1.195],[130.949,-1.128],[130.797,-1.115],[130.790,-1.085],[130.736,-1.072],[130.729,-1.036],[130.691,-1.048],[130.634,-0.961],[130.896,-0.889],[130.926,-0.892],[130.923,-0.927],[130.94,-0.941],[131.031,-0.912],[131.079,-0.967],[131.064,-1.009],[131.087,-1.012],[131.034,-1.195]]],[[[130.805,-0.752],[130.818,-0.780],[130.844,-0.767],[130.844,-0.781],[130.862,-0.801],[130.855,-0.764],[130.896,-0.763],[130.926,-0.784],[130.857,-0.815],[130.893,-0.839],[130.871,-0.846],[130.869,-0.833],[130.822,-0.867],[130.610,-0.911],[130.547,-0.904],[130.510,-0.920],[130.519,-0.895],[130.469,-0.895],[130.472,-0.917],[130.458,-0.897],[130.396,-0.916],[130.409,-0.896],[130.448,-0.895],[130.452,-0.809],[130.480,-0.817],[130.484,-0.789],[130.501,-0.799],[130.486,-0.826],[130.543,-0.840],[130.567,-0.821],[130.566,-0.793],[130.588,-0.808],[130.584,-0.833],[130.634,-0.791],[130.652,-0.821],[130.702,-0.805],[130.718,-0.830],[130.721,-0.815],[130.767,-0.819],[130.793,-0.796],[130.821,-0.821],[130.805,-0.752]]],[[[130.614,-0.396],[130.695,-0.441],[130.650,-0.502],[130.675,-0.489],[130.662,-0.508],[130.577,-0.535],[130.569,-0.521],[130.595,-0.519],[130.604,-0.480],[130.574,-0.462],[130.545,-0.511],[130.464,-0.518],[130.513,-0.486],[130.468,-0.484],[130.465,-0.462],[130.486,-0.455],[130.476,-0.439],[130.510,-0.438],[130.523,-0.468],[130.562,-0.447],[130.567,-0.424],[130.618,-0.418],[130.614,-0.396]]],[[[130.565,-0.595],[130.659,-0.573],[130.556,-0.608],[130.565,-0.595]]],[[[130.406,-1.994],[130.468,-2.0],[130.471,-2.005],[130.372,-2.034],[130.405,-2.011],[130.406,-1.994]]],[[[130.326,-1.985],[130.351,-1.979],[130.328,-1.968],[130.303,-2.010],[130.273,-2.015],[130.266,-2.053],[130.132,-2.060],[130.101,-2.045],[130.118,-2.038],[130.094,-2.026],[130.103,-2.017],[130.046,-2.027],[129.860,-1.975],[129.720,-1.880],[129.754,-1.848],[129.865,-1.821],[129.898,-1.785],[129.978,-1.770],[130.062,-1.724],[130.124,-1.712],[130.256,-1.729],[130.270,-1.699],[130.348,-1.669],[130.380,-1.691],[130.349,-1.731],[130.420,-1.778],[130.444,-1.830],[130.430,-1.861],[130.409,-1.858],[130.407,-1.897],[130.340,-1.920],[130.371,-1.936],[130.368,-1.951],[130.43,-1.952],[130.443,-1.973],[130.425,-1.987],[130.407,-1.971],[130.361,-1.977],[130.404,-1.993],[130.385,-2.011],[130.326,-1.985]],[[130.357,-1.980],[130.359,-1.977],[130.357,-1.980],[130.357,-1.980]],[[130.356,-1.980],[130.352,-1.980],[130.353,-1.981],[130.356,-1.980]]],[[[130.242,-2.181],[130.291,-2.188],[130.303,-2.195],[130.255,-2.211],[130.231,-2.198],[130.242,-2.181]]],[[[130.230,-0.283],[130.242,-0.302],[130.218,-0.319],[130.201,-0.285],[130.230,-0.283]]],[[[130.137,0.016],[130.112,0.005],[130.119,-0.016],[130.141,-0.017],[130.116,-0.032],[130.165,-0.065],[130.131,-0.096],[130.096,-0.064],[130.112,-0.028],[130.089,0.002],[130.137,0.016]]],[[[129.881,-1.146],[129.977,-1.170],[129.931,-1.215],[129.929,-1.187],[129.833,-1.250],[129.821,-1.240],[129.886,-1.196],[129.818,-1.216],[129.731,-1.207],[129.757,-1.172],[129.881,-1.146]]],[[[129.89,-0.397],[129.924,-0.412],[129.900,-0.479],[129.874,-0.497],[129.845,-0.439],[129.89,-0.397]]],[[[129.746,-1.158],[129.717,-1.197],[129.699,-1.206],[129.673,-1.198],[129.696,-1.202],[129.678,-1.182],[129.703,-1.163],[129.746,-1.158]]]]}},{"type":"Feature","id":"92.01","properties":{"kode":"92.01"},"geometry":{"type":"MultiPolygon","coordinates":[[[[131.741,-1.458],[131.732,-1.508],[131.656,-1.547],[131.630,-1.542],[131.586,-1.484],[131.592,-1.464],[131.640,-1.454],[131.654,-1.443],[131.651,-1.459],[131.657,-1.466],[131.670,-1.467],[131.672,-1.459],[131.666,-1.447],[131.715,-1.427],[131.741,-1.458]]],[[[131.318,-1.352],[131.334,-1.369],[131.357,-1.369],[131.362,-1.399],[131.322,-1.413],[131.275,-1.382],[131.292,-1.383],[131.313,-1.375],[131.318,-1.368],[131.311,-1.357],[131.318,-1.352]]],[[[131.040,-1.209],[131.044,-1.240],[130.999,-1.282],[130.973,-1.354],[130.900,-1.320],[130.860,-1.346],[130.811,-1.268],[130.761,-1.255],[130.738,-1.216],[130.738,-1.167],[130.680,-1.108],[130.718,-1.096],[130.701,-1.063],[130.729,-1.036],[130.736,-1.072],[130.790,-1.085],[130.797,-1.115],[130.949,-1.128],[131.040,-1.209]]],[[[132.113,-0.777],[132.159,-0.771],[132.201,-0.823],[132.236,-0.791],[132.287,-0.810],[132.254,-0.835],[132.269,-0.839],[132.264,-0.858],[132.233,-0.874],[132.247,-0.938],[132.226,-0.936],[132.210,-0.968],[132.226,-1.045],[132.183,-1.053],[132.179,-1.110],[132.125,-1.082],[132.071,-1.090],[132.051,-1.057],[132.025,-1.070],[132.021,-1.048],[131.990,-1.081],[131.935,-1.073],[131.919,-1.041],[131.900,-1.100],[131.875,-1.097],[131.846,-1.194],[131.895,-1.282],[131.866,-1.278],[131.866,-1.301],[131.891,-1.314],[131.886,-1.345],[131.878,-1.363],[131.857,-1.359],[131.865,-1.324],[131.834,-1.345],[131.832,-1.369],[131.820,-1.359],[131.808,-1.374],[131.828,-1.377],[131.806,-1.416],[131.824,-1.439],[131.796,-1.446],[131.818,-1.452],[131.821,-1.476],[131.792,-1.491],[131.802,-1.547],[131.778,-1.573],[131.726,-1.582],[131.695,-1.558],[131.745,-1.494],[131.745,-1.453],[131.717,-1.425],[131.665,-1.443],[131.665,-1.465],[131.656,-1.463],[131.661,-1.447],[131.651,-1.440],[131.588,-1.453],[131.547,-1.488],[131.5,-1.469],[131.443,-1.512],[131.379,-1.451],[131.403,-1.428],[131.363,-1.372],[131.356,-1.362],[131.336,-1.366],[131.354,-1.319],[131.302,-1.352],[131.315,-1.371],[131.270,-1.378],[131.334,-1.431],[131.335,-1.464],[131.281,-1.504],[131.218,-1.522],[131.164,-1.462],[130.996,-1.457],[130.931,-1.427],[130.999,-1.381],[131.023,-1.285],[131.050,-1.254],[131.176,-1.221],[131.249,-1.082],[131.240,-1.026],[131.262,-0.993],[131.283,-0.991],[131.265,-0.976],[131.279,-0.975],[131.271,-0.917],[131.308,-0.921],[131.314,-0.943],[131.328,-0.925],[131.334,-0.947],[131.356,-0.952],[131.394,-0.935],[131.380,-0.905],[131.391,-0.901],[131.393,-0.898],[131.360,-0.878],[131.376,-0.840],[131.357,-0.781],[131.508,-0.729],[131.542,-0.729],[131.543,-0.746],[131.509,-0.775],[131.582,-0.748],[131.745,-0.730],[131.755,-0.788],[131.775,-0.802],[131.906,-0.715],[132.010,-0.719],[132.084,-0.742],[132.113,-0.777]],[[131.432,-0.968],[131.433,-0.969],[131.432,-0.968],[131.432,-0.968]],[[131.433,-0.969],[131.433,-0.969],[131.433,-0.969],[131.433,-0.969]],[[131.435,-0.969],[131.436,-0.967],[131.433,-0.969],[131.435,-0.969]],[[131.405,-0.901],[131.399,-0.901],[131.400,-0.902],[131.405,-0.901]]]]}},{"type":"Feature","id":"92.04","properties":{"kode":"92.04"},"geometry":{"type":"Polygon","coordinates":[[[132.051,-1.057],[132.091,-1.185],[132.076,-1.206],[132.114,-1.323],[132.207,-1.372],[132.348,-1.525],[132.428,-1.586],[132.394,-1.755],[132.479,-1.730],[132.509,-1.795],[132.459,-1.771],[132.409,-1.781],[132.441,-1.832],[132.446,-1.884],[132.495,-1.826],[132.522,-1.820],[132.627,-1.858],[132.636,-1.906],[132.617,-1.909],[132.646,-1.922],[132.656,-1.962],[132.614,-1.987],[132.634,-1.985],[132.643,-2.021],[132.667,-2.016],[132.653,-2.032],[132.681,-2.042],[132.695,-2.083],[132.665,-2.108],[132.638,-2.090],[132.637,-2.148],[132.598,-2.198],[132.526,-2.195],[132.309,-2.280],[132.198,-2.151],[132.142,-2.148],[132.043,-2.076],[132.040,-2.056],[132.085,-2.021],[132.041,-2.026],[131.965,-1.959],[131.988,-1.932],[131.928,-1.881],[131.947,-1.843],[131.921,-1.813],[131.993,-1.739],[132.013,-1.747],[132.025,-1.699],[131.995,-1.674],[131.975,-1.705],[131.917,-1.719],[131.881,-1.644],[131.878,-1.584],[131.857,-1.566],[131.813,-1.612],[131.779,-1.598],[131.802,-1.547],[131.792,-1.491],[131.821,-1.476],[131.818,-1.452],[131.796,-1.446],[131.824,-1.439],[131.806,-1.416],[131.828,-1.377],[131.808,-1.374],[131.820,-1.359],[131.832,-1.369],[131.834,-1.345],[131.865,-1.324],[131.857,-1.359],[131.878,-1.363],[131.886,-1.345],[131.891,-1.314],[131.866,-1.301],[131.866,-1.278],[131.895,-1.282],[131.846,-1.194],[131.875,-1.097],[131.900,-1.100],[131.919,-1.041],[131.935,-1.073],[131.990,-1.081],[132.021,-1.048],[132.025,-1.070],[132.051,-1.057]]]}},{"type":"Feature","id":"92.10","properties":{"kode":"92.10"},"geometry":{"type":"Polygon","coordinates":[[[132.904,-1.293],[132.903,-1.398],[132.854,-1.449],[132.856,-1.503],[132.824,-1.563],[132.787,-1.573],[132.772,-1.726],[132.733,-1.877],[132.622,-1.876],[132.627,-1.858],[132.522,-1.820],[132.495,-1.826],[132.446,-1.884],[132.441,-1.832],[132.409,-1.781],[132.459,-1.771],[132.509,-1.795],[132.479,-1.730],[132.394,-1.755],[132.428,-1.586],[132.348,-1.525],[132.207,-1.372],[132.114,-1.323],[132.076,-1.206],[132.091,-1.185],[132.071,-1.090],[132.125,-1.082],[132.158,-1.109],[132.185,-1.107],[132.183,-1.053],[132.226,-1.045],[132.210,-0.968],[132.226,-0.936],[132.276,-0.924],[132.447,-1.030],[132.502,-1.031],[132.577,-1.005],[132.612,-1.055],[132.564,-1.106],[132.578,-1.145],[132.677,-1.150],[132.692,-1.176],[132.786,-1.148],[132.820,-1.186],[132.818,-1.230],[132.904,-1.293]]]}},{"type":"Feature","id":"92.09","properties":{"kode":"92.09"},"geometry":{"type":"Polygon","coordinates":[[[133.485,-0.740],[133.472,-0.799],[133.426,-0.800],[133.470,-0.929],[133.451,-0.949],[133.432,-1.061],[133.432,-1.178],[133.363,-1.223],[133.242,-1.184],[133.238,-1.252],[133.154,-1.251],[133.066,-1.320],[133.044,-1.313],[133.007,-1.357],[132.818,-1.230],[132.820,-1.186],[132.786,-1.148],[132.692,-1.176],[132.677,-1.150],[132.578,-1.145],[132.564,-1.106],[132.612,-1.055],[132.577,-1.005],[132.461,-1.032],[132.404,-1.014],[132.402,-0.990],[132.276,-0.924],[132.241,-0.942],[132.233,-0.874],[132.289,-0.816],[132.273,-0.798],[132.226,-0.794],[132.201,-0.823],[132.169,-0.776],[132.113,-0.782],[132.084,-0.742],[131.906,-0.715],[131.775,-0.802],[131.743,-0.745],[131.745,-0.730],[131.904,-0.675],[131.903,-0.653],[131.975,-0.58],[132.069,-0.542],[132.094,-0.480],[132.171,-0.425],[132.247,-0.405],[132.265,-0.381],[132.338,-0.385],[132.420,-0.344],[132.720,-0.364],[132.733,-0.388],[132.901,-0.463],[132.954,-0.453],[132.972,-0.494],[133.030,-0.519],[133.079,-0.516],[133.114,-0.552],[133.153,-0.547],[133.176,-0.583],[133.235,-0.605],[133.319,-0.697],[133.386,-0.738],[133.485,-0.740]]]}},{"type":"Feature","id":"92.71","properties":{"kode":"92.71"},"geometry":{"type":"Polygon","coordinates":[[[131.357,-0.781],[131.376,-0.840],[131.360,-0.878],[131.395,-0.923],[131.356,-0.952],[131.241,-0.876],[131.247,-0.849],[131.224,-0.822],[131.357,-0.781]]]}},{"type":"Feature","id":"91.03","properties":{"kode":"91.03"},"geometry":{"type":"Polygon","coordinates":[[[140.384,-3.736],[140.321,-3.754],[140.270,-3.67],[140.205,-3.677],[140.198,-3.697],[140.161,-3.707],[140.086,-3.681],[140.064,-3.649],[140.001,-3.701],[139.989,-3.657],[139.957,-3.639],[139.964,-3.611],[139.889,-3.622],[139.859,-3.613],[139.875,-3.601],[139.861,-3.584],[139.799,-3.591],[139.806,-3.567],[139.770,-3.561],[139.782,-3.521],[139.767,-3.511],[139.743,-3.545],[139.717,-3.521],[139.7,-3.542],[139.675,-3.531],[139.702,-3.559],[139.690,-3.595],[139.703,-3.637],[139.662,-3.664],[139.626,-3.664],[139.623,-3.706],[139.601,-3.726],[139.518,-3.658],[139.527,-3.633],[139.505,-3.564],[139.519,-3.525],[139.498,-3.516],[139.496,-3.486],[139.471,-3.520],[139.485,-3.470],[139.444,-3.428],[139.477,-3.410],[139.512,-3.301],[139.479,-3.171],[139.518,-3.132],[139.499,-3.102],[139.535,-3.060],[139.520,-2.943],[139.586,-2.872],[139.537,-2.818],[139.468,-2.794],[139.425,-2.800],[139.423,-2.713],[139.360,-2.672],[139.417,-2.59],[139.486,-2.623],[139.499,-2.606],[139.557,-2.608],[139.576,-2.543],[139.661,-2.555],[139.738,-2.540],[139.781,-2.487],[139.750,-2.446],[139.752,-2.407],[139.971,-2.441],[139.999,-2.36],[140.069,-2.356],[140.111,-2.319],[140.144,-2.349],[140.154,-2.326],[140.153,-2.370],[140.206,-2.406],[140.249,-2.399],[140.300,-2.444],[140.336,-2.448],[140.334,-2.464],[140.354,-2.446],[140.371,-2.456],[140.372,-2.424],[140.348,-2.396],[140.495,-2.443],[140.527,-2.429],[140.540,-2.447],[140.597,-2.455],[140.608,-2.440],[140.649,-2.467],[140.638,-2.505],[140.603,-2.518],[140.625,-2.566],[140.627,-2.751],[140.619,-2.718],[140.588,-2.719],[140.580,-2.761],[140.529,-2.778],[140.468,-2.753],[140.375,-2.818],[140.414,-2.846],[140.389,-2.863],[140.404,-2.923],[140.382,-2.939],[140.411,-3.015],[140.372,-3.012],[140.359,-3.030],[140.402,-3.070],[140.406,-3.136],[140.326,-3.177],[140.317,-3.193],[140.337,-3.208],[140.313,-3.289],[140.323,-3.328],[140.370,-3.367],[140.348,-3.402],[140.368,-3.469],[140.337,-3.485],[140.370,-3.503],[140.373,-3.532],[140.362,-3.526],[140.384,-3.552],[140.396,-3.628],[140.342,-3.687],[140.365,-3.683],[140.384,-3.736]]]}},{"type":"Feature","id":"91.05","properties":{"kode":"91.05"},"geometry":{"type":"MultiPolygon","coordinates":[[[[137.023,-1.831],[137.054,-1.869],[136.951,-1.836],[136.991,-1.836],[137.023,-1.831]]],[[[135.411,-1.605],[135.689,-1.619],[135.692,-1.634],[135.787,-1.627],[135.868,-1.661],[135.879,-1.638],[135.914,-1.635],[136.050,-1.659],[136.201,-1.648],[136.373,-1.717],[136.448,-1.698],[136.584,-1.729],[136.788,-1.739],[136.903,-1.792],[136.847,-1.827],[136.718,-1.816],[136.703,-1.844],[136.686,-1.834],[136.635,-1.871],[136.533,-1.868],[136.502,-1.849],[136.546,-1.895],[136.499,-1.879],[136.465,-1.893],[136.412,-1.873],[136.370,-1.882],[136.343,-1.860],[136.275,-1.882],[136.259,-1.910],[136.248,-1.886],[136.223,-1.905],[136.2,-1.855],[136.176,-1.872],[135.987,-1.819],[135.912,-1.755],[135.899,-1.787],[135.869,-1.741],[135.851,-1.744],[135.869,-1.755],[135.858,-1.767],[135.785,-1.716],[135.751,-1.721],[135.732,-1.687],[135.674,-1.706],[135.650,-1.684],[135.628,-1.696],[135.576,-1.684],[135.555,-1.662],[135.524,-1.684],[135.519,-1.662],[135.511,-1.686],[135.475,-1.68],[135.466,-1.637],[135.448,-1.642],[135.442,-1.610],[135.411,-1.605]]],[[[136.332,-1.906],[136.354,-1.904],[136.360,-1.958],[136.330,-1.935],[136.332,-1.906]]],[[[135.120,-1.465],[135.153,-1.489],[135.215,-1.474],[135.206,-1.499],[135.221,-1.507],[135.244,-1.483],[135.253,-1.521],[135.261,-1.478],[135.336,-1.491],[135.261,-1.526],[135.176,-1.511],[135.173,-1.523],[135.092,-1.503],[135.120,-1.465]]]]}},{"type":"Feature","id":"91.06","properties":{"kode":"91.06"},"geometry":{"type":"MultiPolygon","coordinates":[[[[135.740,-0.802],[135.782,-0.768],[135.770,-0.742],[135.804,-0.686],[135.855,-0.700],[135.924,-0.790],[136.051,-0.858],[136.039,-0.895],[136.060,-0.887],[136.091,-0.917],[136.098,-0.959],[136.152,-0.996],[136.172,-1.044],[136.275,-1.021],[136.323,-1.074],[136.359,-1.063],[136.385,-1.082],[136.314,-1.140],[136.145,-1.199],[136.064,-1.181],[136.035,-1.147],[135.999,-1.142],[135.944,-1.146],[135.905,-1.178],[135.857,-1.166],[135.802,-1.098],[135.819,-1.088],[135.826,-1.033],[135.794,-0.985],[135.740,-0.802]]],[[[134.856,-0.931],[134.944,-0.972],[134.926,-1.075],[134.962,-1.047],[134.958,-1.02],[134.980,-1.015],[134.982,-1.070],[134.950,-1.127],[134.853,-1.132],[134.842,-1.089],[134.794,-1.032],[134.806,-0.982],[134.792,-0.981],[134.856,-0.931]]]]}},{"type":"Feature","id":"91.10","properties":{"kode":"91.10"},"geometry":{"type":"MultiPolygon","coordinates":[[[[139.999,-2.36],[139.971,-2.441],[139.752,-2.407],[139.750,-2.446],[139.781,-2.487],[139.738,-2.540],[139.661,-2.555],[139.576,-2.543],[139.557,-2.608],[139.499,-2.606],[139.486,-2.623],[139.417,-2.59],[139.360,-2.672],[139.423,-2.713],[139.425,-2.800],[139.468,-2.794],[139.537,-2.818],[139.586,-2.872],[139.520,-2.943],[139.535,-3.060],[139.499,-3.102],[139.518,-3.132],[139.479,-3.171],[139.512,-3.301],[139.496,-3.357],[139.474,-3.414],[139.444,-3.428],[139.463,-3.460],[139.450,-3.464],[139.373,-3.435],[139.379,-3.467],[139.341,-3.484],[139.330,-3.446],[139.306,-3.473],[139.277,-3.465],[139.269,-3.441],[139.250,-3.453],[139.269,-3.418],[139.206,-3.449],[139.180,-3.426],[139.15,-3.430],[139.140,-3.360],[139.107,-3.376],[139.105,-3.336],[139.083,-3.335],[139.068,-3.297],[139.095,-3.307],[139.093,-3.29],[139.012,-3.249],[139.003,-3.203],[139.045,-3.108],[139.120,-3.117],[139.120,-3.052],[139.089,-3.029],[139.127,-3.007],[139.117,-2.990],[139.139,-2.981],[139.144,-2.955],[139.113,-2.932],[139.106,-2.882],[139.150,-2.822],[139.174,-2.825],[139.173,-2.770],[139.209,-2.754],[139.233,-2.630],[139.127,-2.651],[139.078,-2.600],[138.975,-2.598],[138.787,-2.520],[138.717,-2.531],[138.634,-2.500],[138.624,-2.478],[138.538,-2.543],[138.436,-2.522],[138.420,-2.430],[138.384,-2.388],[138.400,-2.357],[138.447,-2.350],[138.468,-2.285],[138.407,-2.200],[138.376,-2.221],[138.343,-2.209],[138.392,-2.200],[138.409,-2.185],[138.354,-2.17],[138.330,-2.192],[138.299,-2.168],[138.294,-2.079],[138.310,-2.071],[138.287,-2.064],[138.288,-2.045],[138.255,-2.045],[138.262,-2.0],[138.238,-1.990],[138.227,-1.941],[138.184,-1.942],[138.189,-1.913],[138.163,-1.935],[138.166,-1.918],[138.149,-1.919],[138.171,-1.907],[138.148,-1.889],[138.159,-1.836],[138.137,-1.819],[138.158,-1.808],[138.174,-1.713],[138.147,-1.627],[138.384,-1.723],[138.657,-1.789],[138.737,-1.853],[138.751,-1.847],[138.788,-1.919],[138.862,-1.965],[138.905,-1.955],[139.000,-1.976],[139.765,-2.362],[139.810,-2.378],[139.999,-2.36]]],[[[138.747,-1.618],[138.717,-1.617],[138.718,-1.581],[138.739,-1.596],[138.747,-1.618]]]]}},{"type":"Feature","id":"91.11","properties":{"kode":"91.11"},"geometry":{"type":"Polygon","coordinates":[[[141.002,-2.839],[141.001,-4.019],[140.976,-3.967],[140.889,-3.961],[140.809,-4.011],[140.780,-4.000],[140.718,-4.020],[140.661,-3.973],[140.718,-4.099],[140.661,-4.037],[140.640,-4.064],[140.604,-4.067],[140.589,-4.112],[140.567,-4.115],[140.556,-4.080],[140.521,-4.065],[140.464,-3.990],[140.476,-3.993],[140.471,-3.965],[140.439,-3.960],[140.435,-3.911],[140.408,-3.917],[140.431,-3.856],[140.414,-3.842],[140.421,-3.819],[140.401,-3.811],[140.417,-3.801],[140.405,-3.784],[140.434,-3.781],[140.461,-3.810],[140.502,-3.792],[140.542,-3.828],[140.51,-3.884],[140.521,-3.901],[140.517,-3.914],[140.497,-3.905],[140.494,-3.925],[140.515,-3.955],[140.565,-3.975],[140.571,-3.932],[140.587,-3.925],[140.629,-3.978],[140.703,-3.936],[140.706,-3.908],[140.755,-3.936],[140.768,-3.924],[140.776,-3.960],[140.843,-3.924],[140.825,-3.868],[140.786,-3.852],[140.767,-3.873],[140.702,-3.886],[140.687,-3.793],[140.652,-3.805],[140.622,-3.768],[140.557,-3.75],[140.526,-3.778],[140.494,-3.758],[140.457,-3.766],[140.447,-3.745],[140.384,-3.736],[140.365,-3.683],[140.347,-3.692],[140.342,-3.687],[140.396,-3.628],[140.384,-3.552],[140.362,-3.526],[140.373,-3.532],[140.370,-3.503],[140.337,-3.485],[140.368,-3.469],[140.348,-3.402],[140.370,-3.367],[140.323,-3.328],[140.313,-3.289],[140.337,-3.208],[140.317,-3.193],[140.326,-3.177],[140.406,-3.136],[140.402,-3.070],[140.359,-3.030],[140.372,-3.012],[140.411,-3.015],[140.382,-2.939],[140.404,-2.923],[140.389,-2.863],[140.414,-2.846],[140.375,-2.818],[140.468,-2.753],[140.529,-2.778],[140.580,-2.761],[140.588,-2.719],[140.619,-2.718],[140.634,-2.760],[140.728,-2.763],[140.818,-2.714],[141.002,-2.839]]]}},{"type":"Feature","id":"91.15","properties":{"kode":"91.15"},"geometry":{"type":"Polygon","coordinates":[[[136.816,-2.202],[136.852,-2.235],[136.860,-2.283],[136.898,-2.3],[136.894,-2.324],[136.937,-2.339],[136.931,-2.362],[136.910,-2.361],[136.913,-2.386],[136.973,-2.427],[137.029,-2.417],[137.034,-2.458],[137.111,-2.500],[137.142,-2.587],[137.191,-2.563],[137.252,-2.591],[137.260,-2.682],[137.287,-2.719],[137.271,-2.736],[137.279,-2.805],[137.359,-2.878],[137.386,-2.987],[137.416,-2.990],[137.461,-3.052],[137.551,-3.066],[137.444,-3.107],[137.407,-3.088],[137.385,-3.098],[137.363,-3.068],[137.348,-3.090],[137.248,-3.123],[137.189,-3.108],[137.162,-3.131],[137.124,-3.123],[137.062,-3.183],[137.062,-3.233],[137.003,-3.317],[136.950,-3.283],[137.040,-3.204],[137.007,-3.193],[137.008,-3.177],[136.886,-3.146],[136.903,-3.158],[136.916,-3.235],[136.895,-3.238],[136.889,-3.264],[136.924,-3.329],[136.961,-3.333],[136.962,-3.351],[136.960,-3.390],[136.907,-3.406],[136.851,-3.269],[136.877,-3.245],[136.745,-3.266],[136.737,-3.238],[136.765,-3.192],[136.667,-3.137],[136.645,-3.160],[136.654,-3.195],[136.704,-3.225],[136.567,-3.254],[136.517,-3.184],[136.577,-3.065],[136.571,-3.046],[136.463,-3.062],[136.405,-3.014],[136.322,-3.020],[136.297,-2.986],[136.319,-2.939],[136.288,-2.901],[136.294,-2.880],[136.264,-2.886],[136.261,-2.850],[136.239,-2.857],[136.246,-2.843],[136.204,-2.800],[136.182,-2.809],[136.184,-2.795],[136.162,-2.799],[136.139,-2.772],[136.049,-2.771],[136.047,-2.719],[136.011,-2.705],[136.056,-2.668],[136.108,-2.668],[136.224,-2.611],[136.275,-2.524],[136.295,-2.410],[136.342,-2.371],[136.338,-2.263],[136.405,-2.211],[136.518,-2.191],[136.544,-2.223],[136.589,-2.186],[136.575,-2.219],[136.600,-2.252],[136.671,-2.261],[136.704,-2.228],[136.749,-2.252],[136.793,-2.214],[136.813,-2.221],[136.816,-2.202]]]}},{"type":"Feature","id":"91.19","properties":{"kode":"91.19"},"geometry":{"type":"MultiPolygon","coordinates":[[[[135.740,-0.802],[135.708,-0.800],[135.723,-0.792],[135.733,-0.752],[135.737,-0.750],[135.740,-0.748],[135.742,-0.743],[135.745,-0.743],[135.748,-0.740],[135.758,-0.737],[135.768,-0.724],[135.787,-0.72],[135.770,-0.742],[135.782,-0.768],[135.740,-0.802]]],[[[135.392,-0.621],[135.419,-0.653],[135.446,-0.641],[135.535,-0.674],[135.550,-0.658],[135.589,-0.663],[135.594,-0.702],[135.645,-0.663],[135.688,-0.722],[135.727,-0.712],[135.744,-0.743],[135.742,-0.743],[135.736,-0.750],[135.732,-0.752],[135.727,-0.774],[135.701,-0.799],[135.684,-0.837],[135.642,-0.886],[135.530,-0.782],[135.488,-0.770],[135.482,-0.748],[135.467,-0.757],[135.495,-0.817],[135.418,-0.753],[135.360,-0.635],[135.392,-0.621]]],[[[135.523,-0.822],[135.542,-0.838],[135.542,-0.869],[135.508,-0.845],[135.523,-0.822]]]]}},{"type":"Feature","id":"91.2","properties":{"kode":"91.2"},"geometry":{"type":"Polygon","coordinates":[[[138.147,-1.627],[138.174,-1.713],[138.158,-1.808],[138.137,-1.819],[138.159,-1.836],[138.148,-1.889],[138.171,-1.907],[138.155,-1.908],[138.149,-1.919],[138.166,-1.918],[138.163,-1.935],[138.189,-1.913],[138.184,-1.942],[138.227,-1.941],[138.238,-1.990],[138.262,-2.0],[138.255,-2.045],[138.288,-2.045],[138.287,-2.064],[138.310,-2.071],[138.294,-2.079],[138.299,-2.168],[138.330,-2.192],[138.354,-2.17],[138.409,-2.185],[138.343,-2.209],[138.376,-2.221],[138.407,-2.200],[138.468,-2.285],[138.447,-2.350],[138.400,-2.357],[138.384,-2.388],[138.420,-2.430],[138.436,-2.522],[138.538,-2.543],[138.624,-2.478],[138.634,-2.500],[138.717,-2.531],[138.787,-2.520],[138.975,-2.598],[139.078,-2.600],[139.127,-2.651],[139.233,-2.630],[139.209,-2.754],[139.173,-2.770],[139.174,-2.825],[139.150,-2.822],[139.106,-2.882],[139.113,-2.932],[139.144,-2.955],[139.139,-2.981],[139.117,-2.990],[139.127,-3.007],[139.089,-3.029],[139.120,-3.052],[139.120,-3.117],[139.045,-3.108],[139.005,-3.190],[139.012,-3.249],[139.065,-3.276],[138.999,-3.301],[138.874,-3.424],[138.877,-3.329],[138.918,-3.278],[138.877,-3.225],[138.806,-3.223],[138.800,-3.194],[138.823,-3.169],[138.775,-3.180],[138.782,-3.201],[138.745,-3.177],[138.716,-3.215],[138.679,-3.194],[138.702,-3.247],[138.674,-3.236],[138.600,-3.332],[138.526,-3.324],[138.499,-3.299],[138.470,-3.311],[138.462,-3.272],[138.435,-3.259],[138.440,-3.234],[138.350,-3.237],[138.349,-3.229],[138.290,-3.173],[138.227,-3.199],[138.153,-3.263],[138.146,-3.292],[138.130,-3.268],[138.158,-3.199],[138.186,-3.205],[138.235,-3.151],[138.176,-3.110],[138.162,-2.971],[138.125,-2.977],[138.101,-3.003],[138.141,-2.991],[138.147,-3.045],[138.059,-3.022],[138.054,-2.983],[138.026,-3.015],[137.997,-2.992],[138.01,-3.018],[137.978,-3.031],[137.961,-3.032],[137.961,-3.001],[137.928,-3.025],[137.900,-3.014],[137.907,-3.051],[137.882,-3.042],[137.882,-3.083],[137.846,-3.048],[137.793,-3.083],[137.767,-3.048],[137.722,-3.065],[137.704,-3.038],[137.634,-3.064],[137.623,-3.040],[137.577,-3.067],[137.557,-3.050],[137.518,-3.063],[137.455,-3.049],[137.416,-2.990],[137.382,-2.981],[137.351,-2.866],[137.279,-2.805],[137.271,-2.736],[137.287,-2.719],[137.260,-2.682],[137.252,-2.591],[137.191,-2.563],[137.142,-2.587],[137.111,-2.500],[137.034,-2.458],[137.029,-2.417],[136.973,-2.427],[136.913,-2.386],[136.910,-2.361],[136.931,-2.362],[136.937,-2.339],[136.894,-2.324],[136.898,-2.3],[136.860,-2.283],[136.852,-2.235],[136.802,-2.178],[136.836,-2.174],[136.835,-2.195],[136.908,-2.179],[136.942,-2.123],[137.005,-2.131],[137.058,-2.100],[137.158,-2.105],[137.228,-2.056],[137.22,-2.019],[137.190,-2.0],[137.215,-1.978],[137.088,-1.851],[137.099,-1.795],[137.203,-1.746],[137.236,-1.750],[137.478,-1.599],[137.677,-1.508],[137.738,-1.498],[137.748,-1.478],[137.900,-1.475],[137.933,-1.457],[137.968,-1.531],[137.949,-1.521],[137.953,-1.538],[137.989,-1.532],[138.066,-1.600],[138.147,-1.627]],[[138.544,-3.321],[138.544,-3.319],[138.543,-3.316],[138.544,-3.321]],[[138.571,-2.932],[138.564,-2.932],[138.574,-2.933],[138.571,-2.932]]]}},{"type":"Feature","id":"91.71","properties":{"kode":"91.71"},"geometry":{"type":"Polygon","coordinates":[[[141.002,-2.839],[140.818,-2.714],[140.728,-2.763],[140.629,-2.757],[140.625,-2.566],[140.604,-2.514],[140.663,-2.473],[140.726,-2.498],[140.747,-2.534],[140.728,-2.521],[140.707,-2.543],[140.715,-2.594],[140.700,-2.578],[140.686,-2.613],[140.726,-2.633],[140.737,-2.627],[140.713,-2.598],[140.762,-2.628],[140.785,-2.622],[140.791,-2.596],[140.911,-2.623],[141.001,-2.604],[141.002,-2.839]]]}},{"type":"Feature","id":"93.01","properties":{"kode":"93.01"},"geometry":{"type":"MultiPolygon","coordinates":[[[[138.682,-7.173],[139.524,-7.323],[139.630,-7.385],[139.784,-7.373],[139.792,-7.349],[140.090,-7.206],[140.101,-7.151],[140.181,-7.083],[140.255,-6.981],[140.326,-6.950],[140.320,-6.937],[140.353,-6.928],[140.363,-6.893],[140.398,-6.900],[140.424,-6.883],[140.490,-6.804],[140.491,-6.739],[140.534,-6.712],[140.541,-6.797],[140.567,-6.835],[140.562,-6.902],[140.585,-6.931],[140.551,-6.967],[140.566,-6.998],[140.601,-7.014],[140.589,-7.053],[140.616,-7.061],[140.629,-7.040],[140.686,-7.026],[140.825,-7.045],[140.762,-6.876],[140.739,-6.863],[140.745,-6.813],[140.707,-6.738],[140.719,-6.695],[140.782,-6.686],[140.804,-6.649],[140.849,-6.631],[140.845,-6.615],[140.872,-6.618],[140.847,-6.722],[140.900,-6.754],[140.870,-6.794],[140.918,-6.817],[140.897,-6.844],[140.916,-6.872],[140.954,-6.860],[140.94,-6.891],[140.952,-6.908],[140.965,-6.891],[140.990,-6.903],[141.02,-6.892],[141.019,-9.125],[140.895,-9.086],[140.826,-9.022],[140.750,-8.927],[140.624,-8.823],[140.494,-8.608],[140.355,-8.472],[140.264,-8.412],[140.227,-8.355],[140.16,-8.329],[140.016,-8.220],[139.964,-8.158],[139.950,-8.101],[139.712,-8.097],[139.584,-8.130],[139.451,-8.194],[139.339,-8.205],[139.276,-8.175],[139.223,-8.094],[139.207,-8.097],[139.081,-8.136],[138.974,-8.202],[138.993,-8.228],[138.968,-8.240],[138.966,-8.242],[138.964,-8.250],[138.959,-8.259],[138.912,-8.268],[138.857,-8.186],[138.836,-8.111],[138.924,-8.075],[138.903,-8.028],[138.921,-7.979],[138.912,-7.921],[139.018,-7.853],[139.019,-7.749],[139.053,-7.698],[139.067,-7.632],[139.107,-7.600],[139.108,-7.559],[139.051,-7.516],[138.961,-7.516],[138.920,-7.395],[138.867,-7.317],[138.684,-7.23],[138.667,-7.208],[138.682,-7.173]]],[[[138.675,-7.366],[138.774,-7.375],[138.827,-7.402],[138.941,-7.546],[139.088,-7.573],[139.043,-7.624],[139.033,-7.687],[138.994,-7.745],[138.993,-7.850],[138.916,-7.884],[138.891,-7.915],[138.902,-7.972],[138.888,-8.036],[138.913,-8.074],[138.838,-8.073],[138.793,-8.139],[138.676,-8.151],[138.615,-8.249],[138.490,-8.318],[138.467,-8.350],[138.446,-8.348],[138.341,-8.379],[138.320,-8.370],[138.302,-8.391],[137.871,-8.372],[137.722,-8.410],[137.676,-8.456],[137.655,-8.446],[137.641,-8.415],[137.702,-8.174],[137.773,-8.061],[137.813,-8.040],[137.796,-8.007],[137.867,-7.852],[137.933,-7.756],[137.971,-7.735],[137.989,-7.677],[138.048,-7.601],[138.147,-7.513],[138.296,-7.436],[138.675,-7.366]]],[[[138.997,-8.230],[138.979,-8.286],[138.975,-8.290],[138.967,-8.291],[138.950,-8.295],[138.934,-8.302],[138.924,-8.279],[138.959,-8.260],[138.971,-8.239],[138.997,-8.230]]],[[[138.990,-8.287],[138.968,-8.327],[138.935,-8.312],[138.952,-8.296],[138.990,-8.287]]],[[[138.820,-8.144],[138.846,-8.202],[138.847,-8.265],[138.915,-8.302],[138.897,-8.386],[138.734,-8.386],[138.554,-8.342],[138.586,-8.289],[138.662,-8.236],[138.678,-8.170],[138.820,-8.144]]],[[[138.854,-8.209],[138.886,-8.239],[138.890,-8.266],[138.847,-8.255],[138.854,-8.209]]],[[[138.499,-8.321],[138.484,-8.351],[138.414,-8.396],[138.311,-8.422],[138.263,-8.415],[138.264,-8.391],[138.296,-8.395],[138.321,-8.375],[138.344,-8.383],[138.468,-8.353],[138.499,-8.321]]]]}},{"type":"Feature","id":"93.02","properties":{"kode":"93.02"},"geometry":{"type":"Polygon","coordinates":[[[141.000,-5.344],[141.0,-6.322],[140.959,-6.325],[140.974,-6.367],[140.941,-6.380],[140.982,-6.389],[140.942,-6.412],[140.95,-6.436],[140.918,-6.420],[140.938,-6.444],[140.925,-6.467],[140.960,-6.488],[140.922,-6.5],[140.936,-6.561],[140.888,-6.565],[140.909,-6.569],[140.903,-6.592],[140.844,-6.609],[140.849,-6.631],[140.804,-6.649],[140.782,-6.686],[140.719,-6.695],[140.707,-6.738],[140.745,-6.813],[140.739,-6.863],[140.762,-6.876],[140.825,-7.045],[140.686,-7.026],[140.629,-7.040],[140.616,-7.061],[140.589,-7.053],[140.601,-7.014],[140.566,-6.998],[140.551,-6.967],[140.585,-6.931],[140.562,-6.902],[140.567,-6.835],[140.541,-6.797],[140.534,-6.712],[140.491,-6.739],[140.490,-6.804],[140.424,-6.883],[140.398,-6.900],[140.363,-6.893],[140.353,-6.928],[140.320,-6.937],[140.326,-6.950],[140.255,-6.981],[140.181,-7.083],[140.101,-7.151],[140.084,-7.210],[140.060,-7.140],[140.079,-7.080],[140.041,-6.974],[140.054,-6.928],[140.075,-6.920],[140.066,-6.465],[139.939,-6.468],[139.886,-6.499],[139.797,-6.497],[139.717,-6.433],[139.707,-6.392],[139.818,-6.266],[139.811,-6.215],[139.862,-6.167],[139.842,-5.814],[139.717,-5.737],[139.713,-5.687],[139.816,-5.581],[139.772,-5.303],[139.757,-5.293],[139.861,-5.294],[139.913,-5.213],[139.979,-5.218],[139.967,-5.145],[139.983,-5.091],[140.043,-5.139],[140.038,-5.179],[140.120,-5.151],[140.06,-5.049],[140.109,-5.029],[140.111,-5.053],[140.186,-5.039],[140.256,-5.059],[140.279,-5.119],[140.268,-5.133],[140.294,-5.130],[140.297,-5.155],[140.387,-5.196],[140.387,-5.212],[140.509,-5.224],[140.554,-5.256],[140.633,-5.264],[140.726,-5.233],[140.741,-5.259],[140.720,-5.281],[141.000,-5.344]]]}},{"type":"Feature","id":"93.03","properties":{"kode":"93.03"},"geometry":{"type":"MultiPolygon","coordinates":[[[[140.084,-7.210],[139.792,-7.349],[139.784,-7.373],[139.630,-7.385],[139.524,-7.323],[138.682,-7.173],[138.706,-7.074],[138.607,-7.004],[138.564,-6.933],[138.628,-6.876],[138.725,-6.900],[138.796,-6.851],[138.940,-6.845],[138.951,-6.827],[138.948,-6.797],[138.931,-6.783],[138.906,-6.781],[138.875,-6.797],[138.830,-6.781],[138.824,-6.696],[138.684,-6.607],[138.604,-6.523],[138.783,-6.403],[138.872,-6.178],[138.918,-6.152],[138.922,-5.656],[139.092,-5.562],[139.137,-5.646],[139.503,-5.598],[139.493,-5.509],[139.563,-5.415],[139.694,-5.363],[139.724,-5.304],[139.757,-5.293],[139.772,-5.303],[139.816,-5.581],[139.713,-5.687],[139.717,-5.737],[139.842,-5.814],[139.862,-6.167],[139.811,-6.215],[139.818,-6.266],[139.707,-6.392],[139.717,-6.433],[139.797,-6.497],[139.886,-6.499],[139.939,-6.468],[140.066,-6.465],[140.075,-6.920],[140.054,-6.928],[140.041,-6.974],[140.079,-7.080],[140.060,-7.140],[140.084,-7.210]]],[[[138.707,-6.632],[138.821,-6.705],[138.821,-6.777],[138.832,-6.791],[138.872,-6.803],[138.920,-6.786],[138.943,-6.796],[138.944,-6.826],[138.828,-6.823],[138.757,-6.753],[138.674,-6.724],[138.669,-6.654],[138.707,-6.632]]],[[[138.638,-6.732],[138.735,-6.759],[138.794,-6.837],[138.731,-6.882],[138.676,-6.867],[138.664,-6.821],[138.616,-6.770],[138.616,-6.743],[138.638,-6.732]]]]}},{"type":"Feature","id":"93.04","properties":{"kode":"93.04"},"geometry":{"type":"Polygon","coordinates":[[[138.802,-4.763],[138.854,-4.701],[138.942,-4.763],[138.982,-4.762],[138.932,-4.827],[139.029,-4.840],[139.049,-4.865],[139.078,-4.818],[139.097,-4.827],[139.114,-4.767],[139.201,-4.719],[139.163,-4.768],[139.169,-4.828],[139.148,-4.879],[139.120,-4.928],[139.071,-4.962],[139.077,-4.986],[139.498,-5.002],[139.579,-5.052],[139.666,-5.062],[139.987,-5.057],[139.983,-5.089],[139.928,-5.090],[139.947,-5.164],[139.918,-5.205],[139.873,-5.149],[139.821,-5.161],[139.913,-5.213],[139.881,-5.279],[139.850,-5.297],[139.776,-5.286],[139.724,-5.304],[139.694,-5.363],[139.563,-5.415],[139.493,-5.509],[139.503,-5.598],[139.137,-5.646],[139.092,-5.562],[138.922,-5.656],[138.918,-6.152],[138.872,-6.178],[138.783,-6.403],[138.604,-6.523],[138.420,-6.345],[138.432,-6.323],[138.383,-6.196],[138.395,-6.169],[138.282,-5.942],[138.251,-5.913],[138.276,-5.841],[138.165,-5.813],[138.154,-5.765],[138.177,-5.743],[138.167,-5.725],[138.132,-5.720],[138.093,-5.745],[138.066,-5.724],[138.045,-5.592],[138.065,-5.556],[138.134,-5.536],[138.008,-5.505],[137.863,-5.350],[137.815,-5.379],[137.768,-5.348],[137.735,-5.371],[137.725,-5.336],[137.753,-5.311],[137.677,-5.217],[137.707,-5.149],[137.744,-5.139],[137.716,-5.111],[137.735,-5.111],[137.737,-5.087],[137.759,-5.087],[137.774,-5.061],[137.747,-5.004],[137.818,-5.026],[137.807,-5.000],[137.848,-4.926],[137.827,-4.898],[137.865,-4.863],[137.896,-4.780],[137.892,-4.751],[137.785,-4.684],[137.771,-4.653],[137.827,-4.645],[137.807,-4.618],[137.827,-4.596],[137.941,-4.603],[137.983,-4.586],[138.031,-4.609],[138.070,-4.565],[138.088,-4.566],[138.131,-4.587],[138.153,-4.676],[138.192,-4.713],[138.247,-4.669],[138.281,-4.680],[138.325,-4.667],[138.356,-4.727],[138.347,-4.742],[138.373,-4.768],[138.364,-4.797],[138.400,-4.811],[138.571,-4.793],[138.569,-4.750],[138.535,-4.720],[138.584,-4.699],[138.603,-4.723],[138.759,-4.711],[138.807,-4.727],[138.802,-4.763]]]}},{"type":"Feature","id":"94.04","properties":{"kode":"94.04"},"geometry":{"type":"Polygon","coordinates":[[[136.003,-4.280],[136.033,-4.293],[136.04,-4.328],[136.031,-4.364],[136.007,-4.371],[136.077,-4.402],[136.129,-4.377],[136.153,-4.343],[136.203,-4.359],[136.252,-4.328],[136.305,-4.328],[136.315,-4.345],[136.402,-4.334],[136.433,-4.286],[136.42,-4.237],[136.445,-4.217],[136.508,-4.253],[136.527,-4.290],[136.560,-4.234],[136.537,-4.205],[136.643,-4.209],[136.655,-4.269],[136.581,-4.373],[136.599,-4.394],[136.652,-4.378],[136.685,-4.402],[136.715,-4.386],[136.739,-4.311],[136.797,-4.305],[136.787,-4.244],[136.927,-4.169],[136.935,-4.120],[137.009,-4.13],[137.011,-4.077],[137.028,-4.077],[137.036,-4.045],[137.074,-4.054],[137.113,-4.028],[137.151,-4.038],[137.184,-4.075],[137.198,-4.057],[137.266,-4.069],[137.282,-4.054],[137.406,-4.074],[137.511,-4.144],[137.559,-4.147],[137.578,-4.192],[137.713,-4.191],[137.733,-4.218],[137.825,-4.233],[137.850,-4.205],[137.865,-4.276],[137.894,-4.266],[137.901,-4.215],[137.970,-4.222],[137.932,-4.425],[137.864,-4.423],[137.827,-4.535],[137.925,-4.601],[137.827,-4.596],[137.807,-4.618],[137.827,-4.645],[137.769,-4.647],[137.785,-4.684],[137.892,-4.751],[137.896,-4.780],[137.865,-4.863],[137.827,-4.898],[137.848,-4.926],[137.807,-5.000],[137.818,-5.026],[137.747,-5.004],[137.774,-5.061],[137.759,-5.087],[137.737,-5.087],[137.735,-5.111],[137.716,-5.111],[137.744,-5.139],[137.707,-5.149],[137.677,-5.217],[137.569,-5.182],[137.547,-5.137],[137.496,-5.145],[137.449,-5.099],[137.418,-5.122],[137.307,-5.012],[137.284,-5.025],[137.211,-4.977],[137.174,-5.004],[137.126,-4.960],[137.093,-4.974],[137.028,-4.917],[136.978,-4.938],[136.925,-4.885],[136.900,-4.880],[136.831,-4.914],[136.788,-4.878],[136.807,-4.834],[136.844,-4.828],[136.787,-4.832],[136.768,-4.813],[136.753,-4.870],[136.736,-4.870],[136.572,-4.800],[136.566,-4.782],[136.534,-4.784],[136.455,-4.722],[136.446,-4.742],[136.446,-4.718],[136.424,-4.721],[136.415,-4.699],[136.322,-4.655],[136.299,-4.674],[136.143,-4.631],[136.129,-4.608],[136.107,-4.619],[135.927,-4.493],[135.791,-4.483],[135.720,-4.497],[135.401,-4.426],[135.201,-4.464],[135.069,-4.378],[135.04,-4.375],[135.012,-4.336],[134.885,-4.252],[134.935,-4.226],[134.957,-4.156],[135.053,-4.049],[135.030,-4.005],[135.065,-3.986],[135.148,-4.015],[135.149,-4.050],[135.084,-4.057],[135.097,-4.084],[135.147,-4.077],[135.119,-4.120],[135.138,-4.139],[135.127,-4.164],[135.184,-4.195],[135.198,-4.176],[135.275,-4.166],[135.305,-4.205],[135.365,-4.196],[135.416,-4.243],[135.459,-4.251],[135.502,-4.202],[135.581,-4.218],[135.599,-4.206],[135.619,-4.232],[135.675,-4.193],[135.710,-4.266],[135.756,-4.281],[135.821,-4.298],[136.003,-4.280]]]}},{"type":"Feature","id":"94.06","properties":{"kode":"94.06"},"geometry":{"type":"Polygon","coordinates":[[[135.043,-3.783],[135.275,-3.839],[135.297,-3.812],[135.313,-3.819],[135.304,-3.859],[135.362,-3.862],[135.417,-3.893],[135.444,-3.864],[135.569,-3.946],[135.583,-3.927],[135.650,-3.921],[135.696,-3.879],[135.768,-3.910],[135.850,-3.891],[135.954,-3.915],[135.968,-3.893],[136.009,-3.903],[136.040,-3.854],[136.102,-3.911],[136.125,-3.890],[136.122,-3.871],[136.126,-3.856],[136.145,-3.948],[136.207,-3.958],[136.159,-4.046],[136.090,-4.059],[136.105,-4.090],[136.075,-4.132],[136.083,-4.155],[136.047,-4.184],[136.040,-4.214],[136.010,-4.225],[136.003,-4.280],[135.821,-4.298],[135.756,-4.281],[135.710,-4.266],[135.675,-4.193],[135.619,-4.232],[135.599,-4.206],[135.581,-4.218],[135.502,-4.202],[135.476,-4.243],[135.427,-4.248],[135.365,-4.196],[135.305,-4.205],[135.275,-4.166],[135.198,-4.176],[135.184,-4.195],[135.129,-4.171],[135.138,-4.139],[135.119,-4.120],[135.147,-4.077],[135.097,-4.084],[135.084,-4.057],[135.149,-4.050],[135.148,-4.015],[135.065,-3.986],[135.032,-4.002],[135.098,-3.952],[135.06,-3.870],[135.033,-3.880],[135.021,-3.855],[135.043,-3.783]]]}},{"type":"Feature","id":"91.28","properties":{"kode":"91.28"},"geometry":{"type":"Polygon","coordinates":[[[136.273,-3.980],[136.526,-4.029],[136.571,-4.064],[136.566,-4.084],[136.603,-4.100],[136.602,-4.128],[136.576,-4.133],[136.576,-4.150],[136.680,-4.188],[136.770,-4.165],[136.760,-4.125],[136.723,-4.091],[136.775,-4.078],[136.916,-4.123],[136.927,-4.169],[136.787,-4.244],[136.797,-4.305],[136.739,-4.311],[136.715,-4.386],[136.685,-4.402],[136.652,-4.378],[136.599,-4.394],[136.581,-4.373],[136.655,-4.269],[136.643,-4.209],[136.543,-4.204],[136.560,-4.234],[136.532,-4.289],[136.508,-4.253],[136.445,-4.217],[136.42,-4.237],[136.433,-4.286],[136.402,-4.334],[136.315,-4.345],[136.305,-4.328],[136.252,-4.328],[136.203,-4.359],[136.153,-4.343],[136.129,-4.377],[136.077,-4.402],[136.024,-4.391],[136.007,-4.371],[136.031,-4.364],[136.037,-4.300],[136.003,-4.280],[136.009,-4.227],[136.083,-4.155],[136.075,-4.132],[136.105,-4.090],[136.090,-4.059],[136.159,-4.046],[136.192,-3.982],[136.221,-3.999],[136.273,-3.980]]]}},{"type":"Feature","id":"91.04","properties":{"kode":"91.04"},"geometry":{"type":"MultiPolygon","coordinates":[[[[135.034,-3.775],[135.018,-3.718],[135.051,-3.688],[135.128,-3.688],[135.201,-3.586],[135.174,-3.573],[135.141,-3.609],[135.118,-3.579],[135.072,-3.584],[135.046,-3.610],[135.014,-3.598],[134.988,-3.581],[135.005,-3.550],[134.923,-3.473],[134.918,-3.440],[134.869,-3.423],[134.847,-3.384],[134.809,-3.369],[134.760,-3.387],[134.727,-3.360],[134.727,-3.316],[134.693,-3.290],[134.667,-3.172],[134.608,-3.127],[134.630,-3.115],[134.617,-3.083],[134.630,-3.044],[134.585,-2.804],[134.623,-2.788],[134.637,-2.758],[134.661,-2.756],[134.691,-2.970],[134.766,-2.991],[134.775,-2.944],[134.819,-2.936],[134.806,-2.914],[134.831,-2.913],[134.824,-2.884],[134.846,-2.898],[134.849,-2.954],[134.831,-2.968],[134.852,-2.999],[134.813,-3.021],[134.821,-3.075],[134.800,-3.130],[134.833,-3.128],[134.866,-3.167],[134.849,-3.192],[134.859,-3.226],[134.872,-3.206],[134.861,-3.25],[134.934,-3.272],[134.917,-3.244],[134.956,-3.244],[134.961,-3.226],[134.963,-3.246],[134.945,-3.283],[134.964,-3.308],[135.016,-3.339],[135.07,-3.334],[135.112,-3.381],[135.164,-3.370],[135.341,-3.397],[135.412,-3.367],[135.456,-3.376],[135.497,-3.360],[135.558,-3.299],[135.556,-3.256],[135.596,-3.194],[135.765,-3.112],[135.768,-3.087],[135.730,-3.067],[135.8,-3.049],[135.826,-3.014],[135.923,-2.960],[135.935,-2.906],[135.905,-2.871],[135.936,-2.848],[135.958,-2.794],[135.945,-2.783],[135.992,-2.747],[136.011,-2.705],[136.047,-2.719],[136.049,-2.771],[136.139,-2.772],[136.162,-2.799],[136.184,-2.795],[136.182,-2.809],[136.204,-2.800],[136.246,-2.843],[136.239,-2.857],[136.261,-2.850],[136.264,-2.886],[136.294,-2.880],[136.288,-2.901],[136.319,-2.939],[136.297,-2.986],[136.334,-3.055],[136.314,-3.132],[136.322,-3.184],[136.306,-3.196],[136.317,-3.253],[136.247,-3.302],[136.186,-3.302],[136.182,-3.346],[136.154,-3.362],[136.151,-3.465],[136.103,-3.469],[136.051,-3.545],[136.019,-3.555],[135.990,-3.620],[136.026,-3.705],[136.113,-3.739],[136.101,-3.807],[136.126,-3.856],[136.119,-3.903],[136.06,-3.886],[136.043,-3.854],[136.009,-3.903],[135.968,-3.893],[135.954,-3.915],[135.850,-3.891],[135.768,-3.910],[135.696,-3.879],[135.650,-3.921],[135.583,-3.927],[135.569,-3.946],[135.444,-3.864],[135.417,-3.893],[135.362,-3.862],[135.304,-3.859],[135.313,-3.819],[135.297,-3.812],[135.275,-3.839],[135.034,-3.775]]],[[[135.729,-2.943],[135.806,-2.943],[135.731,-2.982],[135.709,-2.973],[135.729,-2.943]]],[[[134.818,-2.681],[134.847,-2.687],[134.860,-2.710],[134.835,-2.724],[134.802,-2.710],[134.818,-2.681]]]]}},{"type":"Feature","id":"91.08","properties":{"kode":"91.08"},"geometry":{"type":"MultiPolygon","coordinates":[[[[137.114,-4.027],[137.149,-3.985],[137.143,-3.958],[137.264,-3.956],[137.250,-4.002],[137.114,-4.027]]],[[[136.239,-3.298],[136.302,-3.358],[136.285,-3.408],[136.344,-3.377],[136.389,-3.473],[136.423,-3.500],[136.435,-3.557],[136.470,-3.554],[136.498,-3.597],[136.577,-3.611],[136.59,-3.676],[136.564,-3.710],[136.583,-3.729],[136.766,-3.787],[136.752,-3.817],[136.715,-3.822],[136.735,-3.852],[136.728,-3.884],[136.784,-3.880],[136.904,-3.954],[136.945,-3.955],[136.929,-3.915],[137.010,-3.913],[136.969,-3.865],[136.968,-3.833],[136.994,-3.838],[137.021,-3.942],[137.095,-4.032],[137.074,-4.054],[137.036,-4.045],[137.028,-4.077],[137.011,-4.077],[137.009,-4.13],[136.922,-4.128],[136.775,-4.078],[136.723,-4.091],[136.760,-4.125],[136.770,-4.165],[136.680,-4.188],[136.576,-4.150],[136.576,-4.133],[136.602,-4.128],[136.603,-4.100],[136.508,-4.020],[136.362,-4.005],[136.350,-3.972],[136.316,-3.995],[136.273,-3.980],[136.221,-3.999],[136.189,-3.976],[136.207,-3.953],[136.145,-3.948],[136.101,-3.807],[136.113,-3.739],[136.026,-3.705],[135.990,-3.620],[136.019,-3.555],[136.051,-3.545],[136.103,-3.469],[136.151,-3.465],[136.154,-3.362],[136.182,-3.346],[136.186,-3.302],[136.239,-3.298]]]]}},{"type":"Feature","id":"94.07","properties":{"kode":"94.07"},"geometry":{"type":"Polygon","coordinates":[[[136.848,-3.244],[136.898,-3.406],[136.960,-3.390],[136.962,-3.351],[136.909,-3.257],[136.911,-3.184],[136.886,-3.146],[137.008,-3.177],[137.007,-3.193],[137.040,-3.204],[136.950,-3.283],[137.003,-3.317],[137.065,-3.287],[137.070,-3.299],[137.130,-3.236],[137.155,-3.254],[137.235,-3.245],[137.273,-3.296],[137.256,-3.385],[137.203,-3.469],[137.149,-3.452],[137.140,-3.417],[137.062,-3.469],[137.023,-3.459],[137.02,-3.437],[136.978,-3.481],[137.025,-3.543],[137.041,-3.533],[137.111,-3.563],[137.204,-3.534],[137.280,-3.472],[137.256,-3.514],[137.207,-3.539],[137.191,-3.655],[137.224,-3.640],[137.230,-3.654],[137.292,-3.609],[137.314,-3.560],[137.357,-3.592],[137.239,-3.714],[137.206,-3.778],[137.207,-3.812],[137.246,-3.840],[137.241,-3.931],[137.213,-3.956],[137.152,-3.950],[137.147,-3.990],[137.105,-4.036],[137.021,-3.942],[136.994,-3.838],[136.968,-3.833],[136.969,-3.865],[137.010,-3.913],[136.929,-3.915],[136.945,-3.955],[136.904,-3.954],[136.784,-3.880],[136.728,-3.884],[136.735,-3.852],[136.715,-3.822],[136.752,-3.817],[136.766,-3.787],[136.576,-3.722],[136.564,-3.710],[136.59,-3.676],[136.577,-3.611],[136.498,-3.597],[136.470,-3.554],[136.435,-3.557],[136.423,-3.500],[136.389,-3.473],[136.344,-3.377],[136.285,-3.408],[136.302,-3.358],[136.247,-3.302],[136.319,-3.247],[136.306,-3.196],[136.322,-3.184],[136.314,-3.132],[136.334,-3.055],[136.319,-3.024],[136.385,-3.010],[136.463,-3.062],[136.575,-3.050],[136.517,-3.184],[136.567,-3.254],[136.704,-3.225],[136.654,-3.195],[136.645,-3.160],[136.667,-3.137],[136.765,-3.192],[136.737,-3.238],[136.745,-3.266],[136.848,-3.244]]]}},{"type":"Feature","id":"94.05","properties":{"kode":"94.05"},"geometry":{"type":"MultiPolygon","coordinates":[[[[137.683,-3.048],[137.650,-3.092],[137.565,-3.102],[137.449,-3.228],[137.436,-3.288],[137.465,-3.286],[137.464,-3.380],[137.508,-3.428],[137.615,-3.471],[137.646,-3.537],[137.593,-3.576],[137.596,-3.602],[137.630,-3.607],[137.667,-3.692],[137.760,-3.723],[137.815,-3.684],[137.842,-3.720],[137.869,-3.727],[137.873,-3.789],[137.914,-3.814],[137.93,-3.849],[137.985,-3.859],[138.022,-3.844],[138.079,-3.873],[138.014,-3.889],[137.963,-3.932],[137.954,-4.026],[137.985,-4.110],[138.005,-4.120],[137.958,-4.138],[137.954,-4.165],[137.925,-4.162],[137.925,-4.190],[137.873,-4.177],[137.842,-4.193],[137.840,-4.150],[137.735,-4.120],[137.738,-4.155],[137.706,-4.195],[137.578,-4.192],[137.559,-4.147],[137.511,-4.144],[137.406,-4.074],[137.282,-4.054],[137.266,-4.069],[137.198,-4.057],[137.184,-4.075],[137.151,-4.038],[137.124,-4.039],[137.124,-4.020],[137.251,-4.001],[137.264,-3.956],[137.143,-3.958],[137.198,-3.944],[137.213,-3.956],[137.241,-3.931],[137.246,-3.840],[137.207,-3.812],[137.206,-3.778],[137.239,-3.714],[137.357,-3.592],[137.314,-3.560],[137.292,-3.609],[137.230,-3.654],[137.224,-3.640],[137.191,-3.655],[137.207,-3.539],[137.256,-3.514],[137.280,-3.472],[137.204,-3.534],[137.111,-3.563],[137.041,-3.533],[137.025,-3.543],[136.978,-3.481],[137.02,-3.437],[137.023,-3.459],[137.062,-3.469],[137.140,-3.417],[137.149,-3.452],[137.203,-3.469],[137.256,-3.385],[137.273,-3.296],[137.235,-3.245],[137.155,-3.254],[137.130,-3.236],[137.070,-3.299],[137.065,-3.287],[137.022,-3.307],[137.022,-3.282],[137.062,-3.233],[137.062,-3.183],[137.124,-3.123],[137.162,-3.131],[137.189,-3.108],[137.248,-3.123],[137.348,-3.090],[137.363,-3.068],[137.385,-3.098],[137.407,-3.088],[137.444,-3.107],[137.549,-3.071],[137.552,-3.051],[137.577,-3.067],[137.623,-3.040],[137.634,-3.064],[137.683,-3.048]]],[[[136.916,-3.235],[136.909,-3.257],[136.961,-3.333],[136.948,-3.338],[136.924,-3.329],[136.889,-3.264],[136.895,-3.238],[136.916,-3.235]]]]}},{"type":"Feature","id":"94.02","properties":{"kode":"94.02"},"geometry":{"type":"Polygon","coordinates":[[[138.176,-3.110],[138.074,-3.131],[138.061,-3.209],[138.086,-3.225],[138.103,-3.303],[138.135,-3.298],[138.113,-3.334],[138.117,-3.403],[138.149,-3.436],[138.230,-3.441],[138.230,-3.471],[138.271,-3.493],[138.254,-3.618],[138.280,-3.650],[138.279,-3.699],[138.342,-3.724],[138.353,-3.825],[138.265,-3.827],[138.214,-3.885],[138.104,-3.911],[138.045,-3.851],[137.93,-3.849],[137.914,-3.814],[137.873,-3.789],[137.869,-3.727],[137.842,-3.720],[137.815,-3.684],[137.760,-3.723],[137.667,-3.692],[137.630,-3.607],[137.596,-3.602],[137.593,-3.576],[137.646,-3.537],[137.615,-3.471],[137.508,-3.428],[137.464,-3.380],[137.465,-3.286],[137.436,-3.288],[137.435,-3.271],[137.449,-3.228],[137.565,-3.102],[137.650,-3.092],[137.658,-3.067],[137.704,-3.038],[137.722,-3.065],[137.767,-3.048],[137.786,-3.083],[137.833,-3.070],[137.846,-3.048],[137.882,-3.083],[137.882,-3.042],[137.907,-3.051],[137.900,-3.014],[137.928,-3.025],[137.961,-3.001],[137.961,-3.032],[137.978,-3.031],[138.01,-3.018],[137.997,-2.992],[138.026,-3.015],[138.054,-2.983],[138.059,-3.022],[138.126,-3.027],[138.141,-3.046],[138.149,-3.000],[138.103,-2.997],[138.162,-2.971],[138.176,-3.110]]]}},{"type":"Feature","id":"95.08","properties":{"kode":"95.08"},"geometry":{"type":"MultiPolygon","coordinates":[[[[139.020,-4.741],[138.942,-4.763],[138.857,-4.701],[138.897,-4.682],[139.008,-4.716],[139.020,-4.741]]],[[[138.642,-4.235],[138.605,-4.354],[138.618,-4.380],[138.583,-4.401],[138.592,-4.443],[138.624,-4.472],[138.758,-4.478],[138.777,-4.440],[138.773,-4.385],[138.822,-4.402],[138.811,-4.436],[138.831,-4.501],[138.805,-4.610],[138.842,-4.624],[138.840,-4.680],[138.810,-4.757],[138.807,-4.727],[138.750,-4.708],[138.603,-4.723],[138.584,-4.699],[138.535,-4.720],[138.569,-4.750],[138.571,-4.793],[138.400,-4.811],[138.364,-4.797],[138.373,-4.768],[138.347,-4.742],[138.356,-4.727],[138.325,-4.667],[138.281,-4.680],[138.247,-4.669],[138.192,-4.713],[138.153,-4.676],[138.133,-4.592],[138.108,-4.574],[138.070,-4.565],[138.031,-4.609],[137.983,-4.586],[137.941,-4.603],[137.830,-4.541],[137.864,-4.423],[137.932,-4.425],[137.970,-4.222],[137.901,-4.215],[137.894,-4.266],[137.865,-4.276],[137.850,-4.205],[137.825,-4.233],[137.733,-4.218],[137.710,-4.192],[137.738,-4.155],[137.735,-4.120],[137.840,-4.150],[137.842,-4.193],[137.873,-4.177],[137.925,-4.190],[137.925,-4.162],[137.954,-4.165],[137.951,-4.145],[138.027,-4.091],[138.066,-4.106],[138.084,-4.077],[138.088,-4.098],[138.108,-4.095],[138.172,-4.069],[138.171,-4.035],[138.227,-4.022],[138.271,-4.040],[138.297,-4.096],[138.346,-4.055],[138.649,-4.153],[138.630,-4.220],[138.642,-4.235]]],[[[138.804,-4.348],[138.722,-4.351],[138.724,-4.311],[138.739,-4.316],[138.755,-4.269],[138.799,-4.27],[138.801,-4.289],[138.774,-4.300],[138.804,-4.348]]]]}},{"type":"Feature","id":"95.01","properties":{"kode":"95.01"},"geometry":{"type":"Polygon","coordinates":[[[138.949,-3.878],[138.954,-3.916],[139.008,-3.970],[139.061,-3.916],[139.201,-3.997],[139.189,-4.061],[139.221,-4.127],[139.215,-4.177],[139.015,-4.191],[138.986,-4.222],[138.926,-4.232],[138.921,-4.256],[138.864,-4.262],[138.804,-4.214],[138.779,-4.221],[138.739,-4.316],[138.724,-4.311],[138.722,-4.351],[138.764,-4.357],[138.768,-4.474],[138.624,-4.472],[138.592,-4.443],[138.583,-4.401],[138.618,-4.380],[138.605,-4.354],[138.682,-4.057],[138.746,-3.997],[138.711,-3.921],[138.720,-3.883],[138.659,-3.843],[138.634,-3.766],[138.666,-3.752],[138.673,-3.778],[138.723,-3.776],[138.788,-3.808],[138.881,-3.792],[138.906,-3.813],[138.904,-3.868],[138.949,-3.878]]]}},{"type":"Feature","id":"95.07","properties":{"kode":"95.07"},"geometry":{"type":"Polygon","coordinates":[[[138.510,-3.813],[138.621,-3.803],[138.575,-3.776],[138.634,-3.766],[138.659,-3.843],[138.720,-3.883],[138.711,-3.921],[138.746,-3.997],[138.682,-4.057],[138.642,-4.235],[138.630,-4.220],[138.649,-4.153],[138.346,-4.055],[138.297,-4.096],[138.271,-4.040],[138.227,-4.022],[138.171,-4.035],[138.172,-4.069],[138.108,-4.095],[138.088,-4.098],[138.084,-4.077],[138.066,-4.106],[138.043,-4.090],[138.005,-4.120],[137.985,-4.110],[137.949,-4.000],[137.970,-3.963],[137.963,-3.932],[138.014,-3.889],[138.079,-3.873],[138.085,-3.908],[138.182,-3.900],[138.265,-3.827],[138.353,-3.825],[138.347,-3.758],[138.419,-3.783],[138.420,-3.768],[138.426,-3.786],[138.482,-3.802],[138.490,-3.791],[138.510,-3.813]]]}},{"type":"Feature","id":"95.04","properties":{"kode":"95.04"},"geometry":{"type":"Polygon","coordinates":[[[138.621,-3.803],[138.593,-3.818],[138.530,-3.817],[138.490,-3.791],[138.434,-3.789],[138.420,-3.768],[138.419,-3.783],[138.374,-3.761],[138.369,-3.772],[138.339,-3.755],[138.342,-3.724],[138.279,-3.699],[138.280,-3.650],[138.254,-3.618],[138.271,-3.493],[138.230,-3.471],[138.230,-3.441],[138.149,-3.436],[138.113,-3.397],[138.113,-3.334],[138.135,-3.298],[138.103,-3.303],[138.086,-3.225],[138.061,-3.209],[138.074,-3.131],[138.169,-3.107],[138.235,-3.151],[138.186,-3.205],[138.158,-3.199],[138.130,-3.268],[138.146,-3.292],[138.153,-3.263],[138.227,-3.199],[138.291,-3.174],[138.350,-3.237],[138.440,-3.234],[138.435,-3.259],[138.462,-3.272],[138.470,-3.311],[138.499,-3.299],[138.526,-3.324],[138.600,-3.332],[138.674,-3.236],[138.702,-3.247],[138.679,-3.194],[138.716,-3.215],[138.755,-3.174],[138.779,-3.202],[138.775,-3.180],[138.823,-3.169],[138.800,-3.194],[138.806,-3.223],[138.877,-3.225],[138.908,-3.255],[138.844,-3.375],[138.766,-3.469],[138.760,-3.449],[138.596,-3.387],[138.641,-3.448],[138.702,-3.485],[138.727,-3.597],[138.759,-3.612],[138.699,-3.723],[138.648,-3.711],[138.638,-3.741],[138.609,-3.75],[138.617,-3.772],[138.575,-3.776],[138.621,-3.803]],[[138.590,-3.809],[138.575,-3.779],[138.570,-3.776],[138.561,-3.814],[138.590,-3.809]]]}},{"type":"Feature","id":"95.05","properties":{"kode":"95.05"},"geometry":{"type":"Polygon","coordinates":[[[139.065,-3.276],[139.093,-3.29],[139.095,-3.307],[139.068,-3.297],[139.083,-3.335],[139.105,-3.336],[139.107,-3.376],[139.121,-3.381],[139.130,-3.354],[139.147,-3.373],[139.140,-3.425],[139.180,-3.426],[139.206,-3.449],[139.269,-3.418],[139.250,-3.453],[139.269,-3.441],[139.277,-3.465],[139.306,-3.473],[139.330,-3.446],[139.341,-3.484],[139.379,-3.467],[139.373,-3.435],[139.463,-3.460],[139.417,-3.600],[139.371,-3.608],[139.333,-3.655],[139.321,-3.629],[139.288,-3.667],[139.26,-3.719],[139.285,-3.717],[139.308,-3.727],[139.285,-3.724],[139.288,-3.770],[139.206,-3.740],[139.156,-3.762],[139.118,-3.736],[139.106,-3.745],[139.128,-3.801],[139.118,-3.816],[139.033,-3.859],[138.956,-3.804],[138.957,-3.838],[139.014,-3.860],[138.947,-3.862],[138.949,-3.878],[138.904,-3.868],[138.906,-3.813],[138.881,-3.792],[138.788,-3.808],[138.723,-3.776],[138.673,-3.778],[138.666,-3.752],[138.620,-3.768],[138.609,-3.75],[138.638,-3.741],[138.648,-3.711],[138.699,-3.723],[138.759,-3.612],[138.727,-3.597],[138.702,-3.485],[138.641,-3.448],[138.596,-3.387],[138.760,-3.449],[138.766,-3.469],[138.844,-3.375],[138.908,-3.255],[138.918,-3.278],[138.877,-3.329],[138.874,-3.424],[138.999,-3.301],[139.065,-3.276]]]}},{"type":"Feature","id":"95.06","properties":{"kode":"95.06"},"geometry":{"type":"Polygon","coordinates":[[[139.327,-4.092],[139.333,-4.124],[139.356,-4.134],[139.311,-4.129],[139.312,-4.149],[139.271,-4.169],[139.244,-4.150],[139.232,-4.169],[139.270,-4.170],[139.264,-4.184],[139.245,-4.204],[139.212,-4.190],[139.221,-4.127],[139.189,-4.061],[139.201,-3.997],[139.061,-3.916],[139.019,-3.968],[138.998,-3.965],[138.954,-3.916],[138.947,-3.862],[139.014,-3.860],[138.957,-3.838],[138.954,-3.81],[138.972,-3.805],[139.033,-3.859],[139.127,-3.806],[139.106,-3.745],[139.118,-3.736],[139.156,-3.762],[139.206,-3.740],[139.285,-3.773],[139.285,-3.724],[139.308,-3.727],[139.26,-3.719],[139.288,-3.667],[139.321,-3.629],[139.333,-3.655],[139.371,-3.608],[139.417,-3.600],[139.463,-3.460],[139.485,-3.470],[139.471,-3.520],[139.496,-3.486],[139.498,-3.516],[139.519,-3.525],[139.505,-3.564],[139.527,-3.633],[139.518,-3.658],[139.592,-3.705],[139.595,-3.727],[139.623,-3.706],[139.626,-3.664],[139.662,-3.664],[139.703,-3.637],[139.690,-3.595],[139.702,-3.559],[139.675,-3.531],[139.7,-3.542],[139.717,-3.521],[139.743,-3.545],[139.756,-3.510],[139.782,-3.521],[139.770,-3.561],[139.806,-3.567],[139.799,-3.591],[139.861,-3.584],[139.875,-3.601],[139.859,-3.613],[139.881,-3.608],[139.915,-3.650],[139.964,-3.611],[139.957,-3.639],[139.989,-3.657],[140.001,-3.701],[140.064,-3.649],[140.086,-3.681],[140.125,-3.695],[140.095,-3.724],[140.029,-3.710],[139.985,-3.741],[139.939,-3.694],[139.860,-3.688],[139.835,-3.736],[139.823,-3.732],[139.850,-3.756],[139.833,-3.797],[139.793,-3.772],[139.824,-3.75],[139.815,-3.737],[139.747,-3.798],[139.753,-3.820],[139.666,-3.928],[139.633,-4.017],[139.573,-4.000],[139.579,-4.037],[139.617,-4.062],[139.602,-4.079],[139.512,-4.055],[139.463,-4.109],[139.429,-4.074],[139.440,-4.101],[139.399,-4.114],[139.380,-4.101],[139.385,-4.063],[139.327,-4.092]],[[139.327,-4.092],[139.313,-4.084],[139.317,-4.095],[139.327,-4.092]]]}},{"type":"Feature","id":"95.03","properties":{"kode":"95.03"},"geometry":{"type":"MultiPolygon","coordinates":[[[[139.975,-4.475],[139.941,-4.482],[139.958,-4.541],[140.021,-4.504],[140.064,-4.518],[140.036,-4.562],[140.105,-4.581],[140.088,-4.686],[140.052,-4.655],[140.022,-4.643],[139.980,-4.663],[140.046,-4.655],[140.023,-4.705],[140.029,-4.782],[140.067,-4.822],[140.040,-4.898],[140.055,-5.028],[140.120,-5.151],[140.038,-5.179],[140.043,-5.139],[139.983,-5.091],[139.971,-5.222],[139.922,-5.217],[139.820,-5.164],[139.873,-5.149],[139.918,-5.205],[139.947,-5.164],[139.928,-5.090],[139.983,-5.089],[139.987,-5.057],[139.666,-5.062],[139.579,-5.052],[139.498,-5.002],[139.077,-4.986],[139.071,-4.962],[139.120,-4.928],[139.148,-4.879],[139.169,-4.828],[139.163,-4.768],[139.201,-4.719],[139.114,-4.767],[139.097,-4.827],[139.078,-4.818],[139.049,-4.865],[139.029,-4.840],[138.932,-4.827],[138.955,-4.786],[139.020,-4.741],[139.008,-4.716],[138.897,-4.682],[138.847,-4.704],[138.815,-4.761],[138.802,-4.763],[138.840,-4.680],[138.842,-4.624],[138.805,-4.610],[138.831,-4.501],[138.811,-4.436],[138.825,-4.415],[138.816,-4.392],[138.761,-4.368],[138.804,-4.348],[138.774,-4.300],[138.803,-4.275],[138.756,-4.263],[138.779,-4.221],[138.804,-4.214],[138.864,-4.262],[138.921,-4.256],[138.926,-4.232],[138.986,-4.222],[139.015,-4.191],[139.108,-4.175],[139.196,-4.178],[139.245,-4.204],[139.270,-4.170],[139.232,-4.169],[139.244,-4.150],[139.271,-4.169],[139.312,-4.149],[139.311,-4.129],[139.356,-4.134],[139.333,-4.124],[139.327,-4.092],[139.363,-4.068],[139.393,-4.072],[139.380,-4.101],[139.399,-4.114],[139.440,-4.101],[139.429,-4.074],[139.463,-4.109],[139.512,-4.055],[139.602,-4.079],[139.617,-4.062],[139.579,-4.037],[139.573,-4.000],[139.633,-4.017],[139.666,-3.928],[139.753,-3.820],[139.747,-3.798],[139.815,-3.737],[139.824,-3.75],[139.793,-3.772],[139.833,-3.797],[139.850,-3.756],[139.823,-3.732],[139.835,-3.736],[139.860,-3.688],[139.939,-3.694],[139.985,-3.741],[140.029,-3.710],[140.095,-3.724],[140.135,-3.696],[140.127,-3.751],[140.161,-3.765],[140.134,-3.772],[140.160,-3.829],[140.132,-3.851],[140.150,-3.870],[140.122,-3.913],[140.152,-3.956],[140.101,-4.040],[140.119,-4.056],[140.116,-4.306],[140.092,-4.285],[140.087,-4.352],[140.045,-4.351],[140.055,-4.332],[140.038,-4.326],[139.965,-4.319],[139.980,-4.347],[139.951,-4.352],[139.969,-4.399],[139.954,-4.413],[139.987,-4.398],[140.012,-4.412],[139.977,-4.428],[140.039,-4.408],[140.031,-4.438],[140.03,-4.425],[139.953,-4.442],[139.976,-4.454],[139.975,-4.475]]],[[[140.076,-4.428],[140.092,-4.456],[140.077,-4.466],[140.053,-4.455],[140.076,-4.428]]]]}},{"type":"Feature","id":"95.02","properties":{"kode":"95.02"},"geometry":{"type":"Polygon","coordinates":[[[139.975,-4.475],[139.976,-4.454],[139.953,-4.442],[140.03,-4.425],[140.031,-4.438],[140.039,-4.408],[139.977,-4.428],[140.012,-4.412],[139.987,-4.398],[139.954,-4.413],[139.969,-4.399],[139.951,-4.352],[139.980,-4.347],[139.965,-4.319],[140.038,-4.326],[140.055,-4.332],[140.045,-4.351],[140.087,-4.352],[140.092,-4.285],[140.116,-4.306],[140.119,-4.056],[140.101,-4.040],[140.152,-3.956],[140.122,-3.913],[140.150,-3.870],[140.132,-3.851],[140.160,-3.829],[140.134,-3.772],[140.161,-3.765],[140.127,-3.751],[140.135,-3.696],[140.176,-3.708],[140.205,-3.677],[140.270,-3.67],[140.321,-3.754],[140.398,-3.734],[140.526,-3.778],[140.544,-3.751],[140.585,-3.754],[140.652,-3.805],[140.687,-3.793],[140.702,-3.886],[140.767,-3.873],[140.786,-3.852],[140.825,-3.868],[140.843,-3.924],[140.781,-3.960],[140.768,-3.924],[140.755,-3.936],[140.706,-3.908],[140.703,-3.936],[140.629,-3.978],[140.575,-3.929],[140.565,-3.975],[140.515,-3.955],[140.494,-3.925],[140.497,-3.905],[140.517,-3.914],[140.51,-3.884],[140.542,-3.828],[140.502,-3.792],[140.461,-3.810],[140.434,-3.781],[140.405,-3.784],[140.417,-3.801],[140.401,-3.811],[140.421,-3.819],[140.414,-3.842],[140.431,-3.856],[140.408,-3.917],[140.435,-3.911],[140.439,-3.960],[140.471,-3.965],[140.476,-3.993],[140.464,-3.990],[140.521,-4.065],[140.556,-4.080],[140.567,-4.115],[140.589,-4.112],[140.604,-4.067],[140.640,-4.064],[140.661,-4.037],[140.718,-4.099],[140.661,-3.973],[140.718,-4.020],[140.780,-4.000],[140.809,-4.011],[140.889,-3.961],[140.976,-3.967],[141.001,-4.019],[141.000,-5.344],[140.720,-5.281],[140.741,-5.259],[140.726,-5.233],[140.633,-5.264],[140.554,-5.256],[140.509,-5.224],[140.434,-5.227],[140.309,-5.164],[140.294,-5.130],[140.268,-5.133],[140.269,-5.088],[140.235,-5.047],[140.121,-5.054],[140.109,-5.029],[140.06,-5.049],[140.040,-4.898],[140.067,-4.822],[140.029,-4.782],[140.023,-4.705],[140.046,-4.655],[139.980,-4.663],[140.022,-4.643],[140.052,-4.655],[140.088,-4.686],[140.105,-4.581],[140.036,-4.562],[140.064,-4.518],[140.021,-4.504],[139.958,-4.541],[139.941,-4.482],[139.975,-4.475]],[[139.975,-4.475],[139.982,-4.492],[140.002,-4.472],[139.992,-4.468],[139.975,-4.475]]]}}]}